файл;строка;ключ;было;стало;тип
00_ef_gui;51;EF_gold_gui_room;Золото хранится в #v [GetPlayer.MakeScope.ScriptValue('EF_gold_gui_room')] #! хранилище;Золото хранится в #v [GetPlayer.MakeScope.ScriptValue('EF_gold_gui_room')] #! хранилищах;A/число
00_ef_gui;54;EF_silver_gui_room;Серебро хранится в #v [GetPlayer.MakeScope.ScriptValue('EF_silver_gui_room')] #! хранилище;Серебро хранится в #v [GetPlayer.MakeScope.ScriptValue('EF_silver_gui_room')] #! хранилищах;A/число
00_ef_gui;74;metal_barometre_5;#gold Золото @gold!#! слегка дорогое — #gray Серебро @silver!#! немного слабое;#gold Золото @gold!#! слегка дорогое — #gray Серебро @silver!#! слегка слабое;C/параллелизм
00_ef_gui;181;(raw);"  money_value_in_paper_no_bc_top_bar_for_list:0 ""@uni! = #b [Country.MakeScope.ScriptValue('money_value_rapported_inflation')|D3]#!";"  money_value_in_paper_no_bc_top_bar_for_list:0 ""@uni! = #b [Country.MakeScope.ScriptValue('money_value_rapported_inflation')|D3]#!""";A/незакрытая кавычка
00_ef_gui;251;concept_building_urban_center_lvl_by_base_rate;Максимальный уровень Частного строительного сектора;Максимальный уровень частного строительного сектора;A/регистр
00_ef_gui;270;private_bank_title;[concept_investment_pool] - Частный банк;[concept_investment_pool] — Частный банк;A/тире
00_ef_gui;350;alert_buy_sell_groceries_order_name;Выполняется заявка на покупку/продажу бакалеи @groceries!;Выполняется заявка на покупку/продажу продуктов @groceries!;C/термин
00_ef_gui;362;alert_buy_sell_dye_order_name;Выполняется заявка на покупку/продажу красителя @dye!;Выполняется заявка на покупку/продажу красителей @dye!;C/термин
00_ef_gui;515;GDP_var_year_1;Изменение ВВП - 1 год;Изменение ВВП — 1 год;A/тире
00_ef_gui;516;GDP_var_year_5;Изменение ВВП - 5 лет;Изменение ВВП — 5 лет;A/тире
00_ef_gui;517;GDP_var_year_10;Изменение ВВП - 10 лет;Изменение ВВП — 10 лет;A/тире
00_ef_gui;523;national_capacity_no_formated;Национальный потенциал;Национальный капитал;C/nat. capacity
00_ef_gui;543;chartered_c;Преф. компания;Чартерная комп.;A/смысл
00_ef_gui;569;current_monetary_policy;Текущая политика:;Текущая денежная политика:;A/потерян фрагмент
00_ef_gui;582;extreme_weak_currency_solution_count_player_2;#T [GetPlayer.MakeScope.ScriptValue('extreme_weak_currency_solution_count_sc')|D]#! лет(года);#T [GetPlayer.MakeScope.ScriptValue('extreme_weak_currency_solution_count_sc')|D]#! лет(года) — НВ: [GetPlayer.MakeScope.Var('new_currency_count').GetValue|D];A/потерян фрагмент
00_ef_gui;596;gold_reserves_var;Государственная [concept_government_treasury];[concept_government_treasury] страны;A/дублирование слова
00_ef_gui;598;central_bank_metal_stacked_per_month;[GetPlayer.GetCustom('monetary_system_name')] доход в месяц;[GetPlayer.GetCustom('monetary_system_name')]: накоплено за месяц;A/смысл
00_ef_gui;601;delta_value;Баланс платежей;Платёжный баланс;C/баланс
00_ef_gui;602;delta_value_small;Баланс платежей;Платёжный баланс;C/баланс
00_ef_gui;603;budget_panel_desc_reserve_currency;В XIX веке термин 'резервная валюта' относился к широко принятой иностранной валюте, хранимой правительствами и центральными банками в качестве резерва для международных транзакций и поддержания эконом. стабильности.   ;В XIX веке термин «резервная валюта» относился к широко принятой иностранной валюте, хранимой правительствами и центральными банками в качестве резерва для международных транзакций и поддержания эконом. стабильности.   ;A/кавычки
00_ef_gui;621;gold_lent_to_foreign_countries;Иностранные инвестиции в долг;Инвестиции во внешний долг;C/долг
00_ef_gui;638;no_monetary_policy;Нет монетарной политики;Принять «[GetLawType('law_no_monetary_policy').GetName]»;A/потерян фрагмент
00_ef_gui;680;inflation_value_predicted_devaluation;([GetPlayer.MakeScope.ScriptValue('inflation_value_predicted_devaluation')|%|=-]/#b  [GetPlayer.MakeScope.Var('devaluation_time').GetValue]#! Years);([GetPlayer.MakeScope.ScriptValue('inflation_value_predicted_devaluation')|%|=-]/#b  [GetPlayer.MakeScope.Var('devaluation_time').GetValue]#! лет);A/непереведено
00_ef_gui;682;inflation_value_predicted_revaluation;([GetPlayer.MakeScope.ScriptValue('inflation_value_predicted_revaluation')|%|=-]/#b   [GetPlayer.MakeScope.Var('revaluation_time').GetValue]#! Years);([GetPlayer.MakeScope.ScriptValue('inflation_value_predicted_revaluation')|%|=-]/#b   [GetPlayer.MakeScope.Var('revaluation_time').GetValue]#! лет);A/непереведено
00_ef_gui;702;you_need_monetary_policy_tools;Необходимы исследования инструментов монетарной политики;Требуется технология [GetTechnology('monetary_policy_tools').GetName|l] и принятый закон «[GetLawType('law_large_monetary_policy').GetName]»;A/потерян фрагмент
00_ef_gui;739;politic_monetary_systeme;@politic_monetary_systeme! Монетарная система;@politic_monetary_systeme! Денежная система;C/monetary system
00_ef_gui;814;money_value_currency_reference_1;Стоимость глобальной резервной валюты;Стоимость глобального денежного эталона;C/термин
00_ef_gui;826;money_value_target_with_the_reference_currency_set;Установить паритет с глобальной резервной валютой;Установить паритет с эталонной валютой;C/термин
00_ef_gui;1274;has_tech_national_stockpile_and_subject;Открывается при выполнении следующих условий:\n- Имеет собственный [concept_market] \n- Изучено Национальное Хранилище;Открывается при выполнении следующих условий:\n- Имеет собственный [concept_market] \n- Изучено Национальный резерв;C/нац. резерв
00_ef_gui;1276;not_has_tech_national_stockpile_and_subject;Открывается при выполнении следующих условий:\n- Имеет собственный [concept_market] \n- Изучено Национальное Хранилище;Открывается при выполнении следующих условий:\n- Имеет собственный [concept_market] \n- Изучено Национальный резерв;C/нац. резерв
00_ef_gui;1278;market_owner_no_currency_exchange_panel_visibility;Открывается, если владелец рынка выполняет условия:\n- Имеет собственный [concept_market] \n- Принят закон [GetLawType('law_silver_standard').GetName], [GetLawType('law_bimetallism_standard').GetName],\n [GetLawType('law_gold_standard').GetName] или [GetLawType('law_gold_exchange_standard').GetName]\n - Не принят закон [GetLawType('law_isolationism').GetName]\n- [GetStaticModifier('has_central_bank').GetName]\n- Нет модификатора Контроль валютного рынка;Открывается, если владелец рынка выполняет условия:\n- Имеет собственный [concept_market] \n- Принят закон [GetLawType('law_silver_standard').GetName], [GetLawType('law_bimetallism_standard').GetName],\n [GetLawType('law_gold_standard').GetName] или [GetLawType('law_gold_exchange_standard').GetName]\n - Не принят закон [GetLawType('law_isolationism').GetName]\n- [GetStaticModifier('has_central_bank').GetName]\n- Нет модификатора Валютный контроль;C/валютный контроль
00_ef_gui;1279;player_no_currency_exchange_panel_visibility;Открывается, если игрок выполняет условия:\n- Имеет собственный [concept_market] \n- Принят закон [GetLawType('law_silver_standard').GetName], [GetLawType('law_bimetallism_standard').GetName],\n [GetLawType('law_gold_standard').GetName] или [GetLawType('law_gold_exchange_standard').GetName]\n - Не принят закон [GetLawType('law_isolationism').GetName]\n- [GetStaticModifier('has_central_bank').GetName]\n- Нет модификатора Контроль валютного рынка;Открывается, если игрок выполняет условия:\n- Имеет собственный [concept_market] \n- Принят закон [GetLawType('law_silver_standard').GetName], [GetLawType('law_bimetallism_standard').GetName],\n [GetLawType('law_gold_standard').GetName] или [GetLawType('law_gold_exchange_standard').GetName]\n - Не принят закон [GetLawType('law_isolationism').GetName]\n- [GetStaticModifier('has_central_bank').GetName]\n- Нет модификатора Валютный контроль;C/валютный контроль
00_ef_gui;1322;FP_TITEL;ФС;ФП;A/аббревиатура
00_ef_gui;1359;currency_GOODS;Денежная масса в обращении;Валюта в обращении;C/обращение
00_ef_gui;1364;trade_balance_fixe;Текущий счет;Текущий счёт;A/ё
00_ef_gui;1365;raw_material;Сырье;Сырьё и военное снаряжение;A/потерян фрагмент
00_ef_gui;1369;interest_rate_policy;Ключевая ставка;Политика ключевой ставки;A/потерян фрагмент
00_ef_gui;1435;country_country_credit_pondered_mean;Средний кредитный рейтинг страны [GetPlayer.MakeScope.ScriptValue('country_credit_pondered_mean')|D3]/10;Средний кредитный рейтинг страны [GetPlayer.MakeScope.ScriptValue('country_credit_pondered_mean')|D3]/10\n(база 10);A/потерян фрагмент
00_ef_gui;1437;institution_economic_central_bank_lvl;Учреждение ([GetPlayer.MakeScope.ScriptValue('institution_economic_central_bank_lvl_brut')]);Институт ([GetPlayer.MakeScope.ScriptValue('institution_economic_central_bank_lvl_brut')]);C/термин
00_ef_gui;1446;country_institution_economic_central_bank_max_investment_add;Максимальное управление экономикой и центральным банком;Макс. уровень института «Экономическое и банковское управление»;C/термин
00_ef_gui;1472;country_credit_rating_ratio_with_national_capacity_reference_currency;Соотношение нацио-\nнальной мощности;Соотношение нацио-\nнального капитала;C/nat. capacity
00_ef_gui;1496;country_credit_rating_infamy;Уровень бесчестия;Уровень дурной славы;C/infamy
00_ef_gui;1542;dutch_stock_exchange;Голландская фондовая биржа;Нидерландская фондовая биржа;C/термин
00_ef_gui;1543;palacio_da_bolsa;Палацио да Болса;Дворец биржи в Порту;A/транслитерация
00_ef_gui;1574;budget_panel_desc_raw_material;Здесь вы можете купить сырье на международном рынке. В отличие от договора о поставке сырья, здесь вы платите золотом по курсу глобальной эталонной валюты ([GetPlayer.GetCustom('global_monetary_reference_currency_ISO_4217')] [GetPlayer.GetCustom('global_monetary_reference_texture')]).\n У вас нет ограничения по количеству покупок, но вы не можете продавать товары.\n Военное снаряжение нельзя купить на международном рынке. Его можно приобрести только по договору о поставке воен. снаряжения.;Здесь вы можете купить сырьё на международном рынке. В отличие от договора о поставке сырья, здесь вы платите золотом по курсу глобальной эталонной валюты ([GetPlayer.GetCustom('global_monetary_reference_currency_ISO_4217')] [GetPlayer.GetCustom('global_monetary_reference_texture')]).\n У вас нет ограничения по количеству покупок, но вы не можете продавать товары.\n Военное снаряжение нельзя купить на международном рынке. Его можно приобрести только по договору о поставке воен. снаряжения.;A/ё
00_ef_gui;1593;ammunition_global_price;Мировая цена на зерно;Мировая цена на боеприпасы;A/везде было «зерно»
00_ef_gui;1594;ammunition_global_offer;Мировое предложение зерна;Мировое предложение боеприпасов;A/везде было «зерно»
00_ef_gui;1595;ammunition_global_demande;Мировой спрос на зерно;Мировой спрос на боеприпасы;A/везде было «зерно»
00_ef_gui;1597;small_arms_global_price;Мировая цена на зерно;Мировая цена на стрелковое оружие;A/везде было «зерно»
00_ef_gui;1598;small_arms_global_offer;Мировое предложение зерна;Мировое предложение стрелкового оружия;A/везде было «зерно»
00_ef_gui;1599;small_arms_global_demande;Мировой спрос на зерно;Мировой спрос на стрелковое оружие;A/везде было «зерно»
00_ef_gui;1601;artillery_global_price;Мировая цена на зерно;Мировая цена на артиллерию;A/везде было «зерно»
00_ef_gui;1602;artillery_global_offer;Мировое предложение зерна;Мировое предложение артиллерии;A/везде было «зерно»
00_ef_gui;1603;artillery_global_demande;Мировой спрос на зерно;Мировой спрос на артиллерию;A/везде было «зерно»
00_ef_gui;1605;tanks_global_price;Мировая цена на зерно;Мировая цена на танки;A/везде было «зерно»
00_ef_gui;1606;tanks_global_offer;Мировое предложение зерна;Мировое предложение танков;A/везде было «зерно»
00_ef_gui;1607;tanks_global_demande;Мировой спрос на зерно;Мировой спрос на танки;A/везде было «зерно»
00_ef_gui;1609;aeroplanes_global_price;Мировая цена на зерно;Мировая цена на самолёты;A/везде было «зерно»
00_ef_gui;1610;aeroplanes_global_offer;Мировое предложение зерна;Мировое предложение самолётов;A/везде было «зерно»
00_ef_gui;1611;aeroplanes_global_demande;Мировой спрос на зерно;Мировой спрос на самолёты;A/везде было «зерно»
00_ef_gui;1617;fabric_global_price;Мировая цена на зерно;Мировая цена на ткань;A/везде было «зерно»
00_ef_gui;1618;fabric_global_offer;Мировое предложение зерна;Мировое предложение ткани;A/везде было «зерно»
00_ef_gui;1619;fabric_global_demande;Мировой спрос на зерно;Мировой спрос на ткань;A/везде было «зерно»
00_ef_gui;1621;wood_global_price;Мировая цена на зерно;Мировая цена на древесину;A/везде было «зерно»
00_ef_gui;1622;wood_global_offer;Мировое предложение зерна;Мировое предложение древесины;A/везде было «зерно»
00_ef_gui;1623;wood_global_demande;Мировой спрос на зерно;Мировой спрос на древесину;A/везде было «зерно»
00_ef_gui;1625;groceries_global_price;Мировая цена на зерно;Мировая цена на продукты;A/везде было «зерно»
00_ef_gui;1626;groceries_global_offer;Мировое предложение зерна;Мировое предложение продуктов;A/везде было «зерно»
00_ef_gui;1627;groceries_global_demande;Мировой спрос на зерно;Мировой спрос на продукты;A/везде было «зерно»
00_ef_gui;1629;clothes_global_price;Мировая цена на зерно;Мировая цена на одежду;A/везде было «зерно»
00_ef_gui;1630;clothes_global_offer;Мировое предложение зерна;Мировое предложение одежды;A/везде было «зерно»
00_ef_gui;1631;clothes_global_demande;Мировой спрос на зерно;Мировой спрос на одежду;A/везде было «зерно»
00_ef_gui;1633;paper_global_price;Мировая цена на зерно;Мировая цена на бумагу;A/везде было «зерно»
00_ef_gui;1634;paper_global_offer;Мировое предложение зерна;Мировое предложение бумаги;A/везде было «зерно»
00_ef_gui;1635;paper_global_demande;Мировой спрос на зерно;Мировой спрос на бумагу;A/везде было «зерно»
00_ef_gui;1637;silk_global_price;Мировая цена на зерно;Мировая цена на шёлк;A/везде было «зерно»
00_ef_gui;1638;silk_global_offer;Мировое предложение зерна;Мировое предложение шёлка;A/везде было «зерно»
00_ef_gui;1639;silk_global_demande;Мировой спрос на зерно;Мировой спрос на шёлк;A/везде было «зерно»
00_ef_gui;1641;dye_global_price;Мировая цена на зерно;Мировая цена на красители;A/везде было «зерно»
00_ef_gui;1642;dye_global_offer;Мировое предложение зерна;Мировое предложение красителей;A/везде было «зерно»
00_ef_gui;1643;dye_global_demande;Мировой спрос на зерно;Мировой спрос на красители;A/везде было «зерно»
00_ef_gui;1645;sulfur_global_price;Мировая цена на зерно;Мировая цена на серу;A/везде было «зерно»
00_ef_gui;1646;sulfur_global_offer;Мировое предложение зерна;Мировое предложение серы;A/везде было «зерно»
00_ef_gui;1647;sulfur_global_demande;Мировой спрос на зерно;Мировой спрос на серу;A/везде было «зерно»
00_ef_gui;1649;coal_global_price;Мировая цена на зерно;Мировая цена на уголь;A/везде было «зерно»
00_ef_gui;1650;coal_global_offer;Мировое предложение зерна;Мировое предложение угля;A/везде было «зерно»
00_ef_gui;1651;coal_global_demande;Мировой спрос на зерно;Мировой спрос на уголь;A/везде было «зерно»
00_ef_gui;1653;iron_global_price;Мировая цена на зерно;Мировая цена на железо;A/везде было «зерно»
00_ef_gui;1654;iron_global_offer;Мировое предложение зерна;Мировое предложение железа;A/везде было «зерно»
00_ef_gui;1655;iron_global_demande;Мировой спрос на зерно;Мировой спрос на железо;A/везде было «зерно»
00_ef_gui;1657;lead_global_price;Мировая цена на зерно;Мировая цена на свинец;A/везде было «зерно»
00_ef_gui;1658;lead_global_offer;Мировое предложение зерна;Мировое предложение свинца;A/везде было «зерно»
00_ef_gui;1659;lead_global_demande;Мировой спрос на зерно;Мировой спрос на свинец;A/везде было «зерно»
00_ef_gui;1661;hardwood_global_price;Мировая цена на зерно;Мировая цена на твёрдую древесину;A/везде было «зерно»
00_ef_gui;1662;hardwood_global_offer;Мировое предложение зерна;Мировое предложение твёрдой древесины;A/везде было «зерно»
00_ef_gui;1663;hardwood_global_demande;Мировой спрос на зерно;Мировой спрос на твёрдую древесину;A/везде было «зерно»
00_ef_gui;1665;rubber_global_price;Мировая цена на зерно;Мировая цена на каучук;A/везде было «зерно»
00_ef_gui;1666;rubber_global_offer;Мировое предложение зерна;Мировое предложение каучука;A/везде было «зерно»
00_ef_gui;1667;rubber_global_demande;Мировой спрос на зерно;Мировой спрос на каучук;A/везде было «зерно»
00_ef_gui;1669;oil_global_price;Мировая цена на зерно;Мировая цена на нефть;A/везде было «зерно»
00_ef_gui;1670;oil_global_offer;Мировое предложение зерна;Мировое предложение нефти;A/везде было «зерно»
00_ef_gui;1671;oil_global_demande;Мировой спрос на зерно;Мировой спрос на нефть;A/везде было «зерно»
00_ef_gui;1673;engines_global_price;Мировая цена на зерно;Мировая цена на двигатели;A/везде было «зерно»
00_ef_gui;1674;engines_global_offer;Мировое предложение зерна;Мировое предложение двигателей;A/везде было «зерно»
00_ef_gui;1675;engines_global_demande;Мировой спрос на зерно;Мировой спрос на двигатели;A/везде было «зерно»
00_ef_gui;1677;steel_global_price;Мировая цена на зерно;Мировая цена на сталь;A/везде было «зерно»
00_ef_gui;1678;steel_global_offer;Мировое предложение зерна;Мировое предложение стали;A/везде было «зерно»
00_ef_gui;1679;steel_global_demande;Мировой спрос на зерно;Мировой спрос на сталь;A/везде было «зерно»
00_ef_gui;1681;fertilizer_global_price;Мировая цена на зерно;Мировая цена на удобрения;A/везде было «зерно»
00_ef_gui;1682;fertilizer_global_offer;Мировое предложение зерна;Мировое предложение удобрений;A/везде было «зерно»
00_ef_gui;1683;fertilizer_global_demande;Мировой спрос на зерно;Мировой спрос на удобрения;A/везде было «зерно»
00_ef_gui;1685;tools_global_price;Мировая цена на зерно;Мировая цена на инструменты;A/везде было «зерно»
00_ef_gui;1686;tools_global_offer;Мировое предложение зерна;Мировое предложение инструментов;A/везде было «зерно»
00_ef_gui;1687;tools_global_demande;Мировой спрос на зерно;Мировой спрос на инструменты;A/везде было «зерно»
00_ef_gui;1689;explosives_global_price;Мировая цена на зерно;Мировая цена на взрывчатку;A/везде было «зерно»
00_ef_gui;1690;explosives_global_offer;Мировое предложение зерна;Мировое предложение взрывчатки;A/везде было «зерно»
00_ef_gui;1691;explosives_global_demande;Мировой спрос на зерно;Мировой спрос на взрывчатку;A/везде было «зерно»
00_ef_gui;1693;automobiles_global_price;Мировая цена на зерно;Мировая цена на автомобили;A/везде было «зерно»
00_ef_gui;1694;automobiles_global_offer;Мировое предложение зерна;Мировое предложение автомобилей;A/везде было «зерно»
00_ef_gui;1695;automobiles_global_demande;Мировой спрос на зерно;Мировой спрос на автомобили;A/везде было «зерно»
00_ef_gui;1697;telephones_global_price;Мировая цена на зерно;Мировая цена на телефоны;A/везде было «зерно»
00_ef_gui;1698;telephones_global_offer;Мировое предложение зерна;Мировое предложение телефонов;A/везде было «зерно»
00_ef_gui;1699;telephones_global_demande;Мировой спрос на зерно;Мировой спрос на телефоны;A/везде было «зерно»
00_ef_gui;1701;radios_global_price;Мировая цена на зерно;Мировая цена на радиоприёмники;A/везде было «зерно»
00_ef_gui;1702;radios_global_offer;Мировое предложение зерна;Мировое предложение радиоприёмников;A/везде было «зерно»
00_ef_gui;1703;radios_global_demande;Мировой спрос на зерно;Мировой спрос на радиоприёмники;A/везде было «зерно»
00_ef_gui;1705;opium_global_price;Мировая цена на зерно;Мировая цена на опиум;A/везде было «зерно»
00_ef_gui;1706;opium_global_offer;Мировое предложение зерна;Мировое предложение опиума;A/везде было «зерно»
00_ef_gui;1707;opium_global_demande;Мировой спрос на зерно;Мировой спрос на опиум;A/везде было «зерно»
00_ef_gui;1763;base_rate_percentage_txt;Базовая ставка вызывает ежегодное изменение частного кредита на [GetPlayer.MakeScope.ScriptValue('base_rate_effective_growth')|%=+], что равно [GetPlayer.MakeScope.ScriptValue('private_bank_borrowings_year')|+D] [GetPlayer.GetCustom('currency_symbol')], применяемым к инвестиционному пулу.;Ключевая ставка вызывает ежегодное изменение частного кредита на [GetPlayer.MakeScope.ScriptValue('base_rate_effective_growth')|%=+], что равно [GetPlayer.MakeScope.ScriptValue('private_bank_borrowings_year')|+D] [GetPlayer.GetCustom('currency_symbol')], применяемым к инвестиционному пулу.;C/base rate
00_ef_gui;1765;base_rate_percentage;Базовая ставка;Ключевая ставка;C/base rate
00_ef_gui;1788;refund_debt_txt;Вы выплатите [GetPlayer.MakeScope.Var('refund_credit_at_central_bank').GetValue|D] [GetPlayer.GetCustom('currency_symbol')] вашему центральному банку для погашения долга. Это приведет к пересчету вашей ежемесячной процентной ставки, уменьшив ежемесячные платежи.;Вы выплатите [GetPlayer.MakeScope.Var('refund_credit_at_central_bank').GetValue|D] [GetPlayer.GetCustom('currency_symbol')] вашему центральному банку для погашения долга. Это приведёт к пересчёту вашей ежемесячной процентной ставки, уменьшив ежемесячные платежи.;A/ё
00_ef_gui;1793;refund_all;Погасить все;Погасить всё;A/ё
00_ef_gui;1854;store_on;Хранить включено;#P Хранение включено#!;A/потерян цветовой тег
00_ef_gui;1855;release_on;Выпуск включён;#N Высвобождение включено#!;A/потерян цветовой тег
00_ef_gui;2325;you_must_have_the_technology_stockpiling_goods;Вам необходима технология «Накопление запасов»;Вам необходима технология «Складирование товаров»;C/технология
00_ef_gui;2548;national_stockpile_country_desc;" ""Нац. Резерв"" — это значительный запас или накопление чего-либо, обычно товаров, сырья или ресурсов, хранимых в ожидании будущих потребностей или для решения чрезвычайных ситуаций. Также может означать большое количество чего-либо, накопленное за определённый период времени. "; «Национальный резерв» — это значительный запас или накопление чего-либо, обычно товаров, сырья или ресурсов, хранимых в ожидании будущих потребностей или для решения чрезвычайных ситуаций. Также может означать большое количество чего-либо, накопленное за определённый период времени. ;A/кавычки внутри строки
00_ef_gui;2679;chek_sell_limit_currency_var_0;Вы #p покупаете #!/#n продаёте #![GetPlayer.MakeScope.Var('sell_limit_currency_var_1').GetValue|D] [GetPlayer.GetCustom('currency_good')]/[GetPlayer.GetCustom('sell_limit_currency_var_0')] [GetPlayer.MakeScope.ScriptValue('sell_limit_currency_var_0')|D] [GetPlayer.GetCustom('currency_good')] сколько разрешено вашему рангу страны в этом году.;Вы #p покупаете #!/#n продаёте #![GetPlayer.MakeScope.Var('sell_limit_currency_var_1').GetValue|D] [GetPlayer.GetCustom('currency_good')] из [GetPlayer.GetCustom('sell_limit_currency_var_0')] [GetPlayer.MakeScope.ScriptValue('sell_limit_currency_var_0')|D] [GetPlayer.GetCustom('currency_good')], разрешённых вашему рангу страны в этом году.;A/связность
00_ef_gui;3215;is_looted_state;Эта столица штата недавно была разграблена.;Эта столица области недавно была разграблена.;A/штат→область
00_ef_gui;3216;is_looted_state;Эта столица штата недавно была разграблена.;Эта столица области недавно была разграблена.;A/штат→область
00_ef_gui;3218;central_bank_metal_reserves_state_transfert;Перевести банковские резервы, финансовые продукты из [Localize('FINANCIAL_CENTRE_TITLE')] и товары из [Localize('NATIONAL_STOCKPILE_TITLE')] в столичный штат. (Вы не должны быть в состоянии войны);Перевести банковские резервы, финансовые продукты из [Localize('FINANCIAL_CENTRE_TITLE')] и товары из [Localize('NATIONAL_STOCKPILE_TITLE')] в столичную область. (Вы не должны быть в состоянии войны);A/штат→область
00_ef_gui;3219;looting_state_button;Разграбить половину всех активов (металлы, финансовые продукты, запасы), хранящихся в этом штате. Они будут переведены в ваш столичный штат. Грабёж разрешён один раз в год и каждый раз накладывает штраф #N 50#! к [concept_infamy].;Разграбить половину всех активов (металлы, финансовые продукты, запасы), хранящихся в этой области. Они будут переведены в вашу столичную область. Грабёж разрешён один раз в год и каждый раз накладывает штраф #N 50#! к [concept_infamy].;A/штат→область
00_ef_gui;3224;dependent_bc;Центральный банк зависит от [State.GetOwner.GetOverlord.GetName];Центральный банк зависит от [State.GetOwner.GetOverlord.GetAltName('RU_CL_RP')];B/родительный
00_ef_gui;3226;offshore_port;Оффшорный порт;Офшорный порт;A/орфография
00_ef_gui;3637;money_value_parity;[GetPlayer.GetCustom('currency_name')] value: [GetPlayer.MakeScope.ScriptValue('money_value_target_real')|+D] [GetPlayer.GetCustom('monetary_system')];[GetPlayer.GetCustom('currency_name')] — стоимость: [GetPlayer.MakeScope.ScriptValue('money_value_target_real')|+D] [GetPlayer.GetCustom('monetary_system')];A/непереведено
00_ef_gui;6134;central_bank_desc;Здесь вы найдете национальную валюту и золотые резервы, хранящиеся в [concept_central_bank] государства.;Здесь вы найдёте национальную валюту и золотые резервы, хранящиеся в [concept_central_bank] государства.;A/ё
00_ef_gui;6136;financial_center_state_desc;Здесь вы найдете резервы финансо-\nвых продуктов, хранящиеся в [concept_financial_centre] государства.;Здесь вы найдёте резервы финансо-\nвых продуктов, хранящиеся в [concept_financial_centre] государства.;A/ё
00_ef_gui;6138;national_stockpile_state_desc;Здесь вы найдете резервы товаров, хранящиеся в [concept_national_stockpile] государства.;Здесь вы найдёте резервы товаров, хранящиеся в [concept_national_stockpile] государства.;A/ё
00_ef_gui;6140;reserves_currency_desc;Здесь вы найдете валютные резервы, хранящиеся в [concept_central_bank] государства.;Здесь вы найдёте валютные резервы, хранящиеся в [concept_central_bank] государства.;A/ё
00_ef_gui;6182;ai_switch_for_gold_exchange_standard_decisions_1;Принять законы о золотодевизном стандарте;Принять законы о золотом обменном стандарте;C/gold exchange
01_ef_building;24;building_financial_centre_scripted;Фондовая биржа [ROOT.GetCountry.GetCapital.GetNameNoFormatting];Фондовая биржа ([ROOT.GetCountry.GetCapital.GetNameNoFormatting]);A/грамматика
01_ef_building;26;bg_financial_centre;Финансовый центр;Финансовые центры;C/группа зданий во мн. ч.
01_ef_building;71;building_national_stockpile;Национальные запасы;Национальный резерв;C/термин
01_ef_company;18;company_basic_bank;Национальный банк;Национальный гражданский банк;A/потерян фрагмент
01_ef_company;24;company_private_construction_dynamic_name_tag_plural;Частная строительная компания;Частные строительные компании;A/мн. число
01_ef_company;40;company_basic_gold_mining_rus_dynamic_name_tag_plural;PИмператорское Уральское металлургическое общество;Императорское Уральское металлургическое общество;A/мусорный символ
01_ef_concept;55;concept_money_value_target_with_reference_currency_selection_desc;Не за что;Паритет, установленный по отношению к выбранной эталонной валюте.;A/заглушка «De Rien»
01_ef_concept;90;concept_evolution_of_the_currency_value;Динамика курса валют;Динамика стоимости валюты;C/термин
01_ef_concept;144;concept_financial_product_industrial;Финансовый продукт — промышленный;Финансовый продукт — акции;A/смысл
01_ef_concept;153;concept_r_m_s_a;Договор о поставке сырья;Договор о поставках сырья;C/термин
01_ef_concept;156;concept_m_e_s_a;Договор о поставке военного оборудования;Договор о поставках военного снаряжения;C/термин
01_ef_concept;157;concept_m_e_s_a_desc;[concept_m_e_s_a] — это лицензия, позволяющая приобретать военное оборудование у конкретной иностранной страны за её национальную валюту.;[concept_m_e_s_a] — это лицензия, позволяющая приобретать военное снаряжение у конкретной иностранной страны за её национальную валюту.;C/термин
01_ef_concept;186;concept_pool_growth_rate_thanks_to_borrowing;Рост пула за счёт заимствований;Темп роста пула за счёт заимствований;A/согласование с описанием
01_ef_concept;201;concept_base_rate_percentage_desc;[concept_base_rate_percentage] — это процентная ставка центрального банка (учётная, дисконтная или базовая ставка), позволяющая замедлить рост денежной массы за счёт сокращения кредитов, выдаваемых частным банкам. Её повышение замедляет экономику и объём производимой денежной массы. Наоборот, её снижение сильно стимулирует экономику и позволяет появиться частному капиталистическому сектору.;[concept_base_rate_percentage] — это процентная ставка центрального банка (учётная, дисконтная или ключевая ставка), позволяющая замедлить рост денежной массы за счёт сокращения кредитов, выдаваемых частным банкам. Её повышение замедляет экономику и объём производимой денежной массы. Наоборот, её снижение сильно стимулирует экономику и позволяет появиться частному капиталистическому сектору.;C/base rate
01_ef_concept;203;concept_base_rate_percentage_s_desc;[concept_base_rate_percentage] — это процентная ставка центрального банка (учётная, дисконтная или базовая ставка), позволяющая замедлить рост денежной массы за счёт сокращения кредитов, выдаваемых частным банкам. Её повышение замедляет экономику и объём производимой денежной массы. Наоборот, её снижение сильно стимулирует экономику и позволяет появиться частному капиталистическому сектору.;[concept_base_rate_percentage] — это процентная ставка центрального банка (учётная, дисконтная или ключевая ставка), позволяющая замедлить рост денежной массы за счёт сокращения кредитов, выдаваемых частным банкам. Её повышение замедляет экономику и объём производимой денежной массы. Наоборот, её снижение сильно стимулирует экономику и позволяет появиться частному капиталистическому сектору.;C/base rate
01_ef_currency_name;189;eco_tuareg_ouguiya;Туарегский угия;Туарегская угия;C/угия
01_ef_currency_name;249;gulden_indies_guilder;Голландский гульден Ост-Индии;Ост-индский гульден;C/гульден
01_ef_currency_name;322;lira_scudo_pontificio;Скудо Понтифицио;Папский скудо;C/скудо
01_ef_currency_name;328;lira_scudo_sardo;Скудо Сардо;Сардинский скудо;C/скудо
01_ef_currency_name;394;peso_costa_rican_colon;Коста-риканский колон;Костариканский колон;C/колон
01_ef_currency_name;568;spe_yen;Йена;Иена;C/иена
01_ef_currency_name;580;spe_zloti;Злоты;Злотый;C/злотый
01_ef_event;4;00_ef_economic_event.1.t;Новый центральный банк и национальная валюта в [SCOPE.sC('target_country').GetName];Новый центральный банк и национальная валюта в [SCOPE.sC('target_country').GetAltName('RU_CL_PP')];B/предложный
01_ef_event;5;00_ef_economic_event.1.d;Правительство [SCOPE.sC('target_country').GetName] официально объявило о создании современного Центрального банка и введении новой национальной валюты: [SCOPE.sC('target_country').GetCustom('currency_name')]#! [SCOPE.sC('target_country').GetCustom('currency_symbol')].;Правительство [SCOPE.sC('target_country').GetAltName('RU_CL_RP')] официально объявило о создании современного Центрального банка и введении новой национальной валюты: [SCOPE.sC('target_country').GetCustom('currency_name')]#! [SCOPE.sC('target_country').GetCustom('currency_symbol')].;B/родительный
01_ef_event;6;00_ef_economic_event.1.f;Сегодня — решающий шаг в финансовом развитии [SCOPE.sC('target_country').GetName]. Правительство создало современный Центральный банк, призванный унифицировать денежно-кредитную политику страны и стабилизировать внутренние расчёты.\n\nСоздание этого учреждения сопровождается введением национальной валюты — [SCOPE.sC('target_country').GetCustom('currency_name')]#! [SCOPE.sC('target_country').GetCustom('currency_symbol')], которая заменит оставшиеся местные или региональные системы, всё ещё находящиеся в обращении.\n\nВласти ожидают, что эта реформа укрепит финансовую репутацию страны и облегчит торговые отношения с иностранными державами.;Сегодня — решающий шаг в финансовом развитии [SCOPE.sC('target_country').GetAltName('RU_CL_RP')]. Правительство создало современный Центральный банк, призванный унифицировать денежно-кредитную политику страны и стабилизировать внутренние расчёты.\n\nСоздание этого учреждения сопровождается введением национальной валюты — [SCOPE.sC('target_country').GetCustom('currency_name')]#! [SCOPE.sC('target_country').GetCustom('currency_symbol')], которая заменит оставшиеся местные или региональные системы, всё ещё находящиеся в обращении.\n\nВласти ожидают, что эта реформа укрепит финансовую репутацию страны и облегчит торговые отношения с иностранными державами.;B/родительный
01_ef_event;10;00_ef_economic_event.2.t;Реформа денежного стандарта в [SCOPE.sC('target_country').GetName];Реформа денежного стандарта в [SCOPE.sC('target_country').GetAltName('RU_CL_PP')];B/предложный
01_ef_event;12;00_ef_economic_event.2.f;Власти [SCOPE.sC('target_country').GetName] объявляют об отказе от старой системы, основанной на [OLD_STANDARD], в пользу нового денежного стандарта — [NEW_STANDARD].\n\nЭтот переход призван укрепить финансовую стабильность, повысить доверие инвесторов и привести страну в соответствие с наиболее распространёнными международными денежными практиками.\n\nЭта реформа знаменует важный шаг в укреплении государственного кредита и современной организации национальной валюты.;Власти [SCOPE.sC('target_country').GetAltName('RU_CL_RP')] объявляют об отказе от старой системы, основанной на [OLD_STANDARD], в пользу нового денежного стандарта — [NEW_STANDARD].\n\nЭтот переход призван укрепить финансовую стабильность, повысить доверие инвесторов и привести страну в соответствие с наиболее распространёнными международными денежными практиками.\n\nЭта реформа знаменует важный шаг в укреплении государственного кредита и современной организации национальной валюты.;B/родительный
01_ef_event;16;00_ef_economic_event.5.t;Денежная унификация в [SCOPE.sC('target_country').GetName];Денежная унификация в [SCOPE.sC('target_country').GetAltName('RU_CL_PP')];B/предложный
01_ef_event;18;00_ef_economic_event.5.f;Правительство Северогерманского союза объявляет о создании единой денежной системы, основанной на #B [SCOPE.sC('target_country').GetCustom('currency_name')] [SCOPE.sC('target_country').GetCustom('currency_symbol')]#!. Эта реформа положит конец множеству региональных валют, всё ещё находящихся в обращении среди государств-участников, и введёт единственное, стандартизированное средство обмена.\n\nМера предусматривает #b демонетизацию#! местной чеканки и принятие общих правил для монетного дела, веса и содержания металла, тем самым облегчая торговые операции, налогово-бюджетное администрирование и финансовую интеграцию по всему Союзу.\n\nЭта денежная консолидация является значительным шагом к целостной экономической структуре, дополнительно укрепляя политическое и финансовое единство [SCOPE.sC('target_country').GetName].;Правительство Северогерманского союза объявляет о создании единой денежной системы, основанной на #B [SCOPE.sC('target_country').GetCustom('currency_name')] [SCOPE.sC('target_country').GetCustom('currency_symbol')]#!. Эта реформа положит конец множеству региональных валют, всё ещё находящихся в обращении среди государств-участников, и введёт единственное, стандартизированное средство обмена.\n\nМера предусматривает #b демонетизацию#! местной чеканки и принятие общих правил для монетного дела, веса и содержания металла, тем самым облегчая торговые операции, налогово-бюджетное администрирование и финансовую интеграцию по всему Союзу.\n\nЭта денежная консолидация является значительным шагом к целостной экономической структуре, дополнительно укрепляя политическое и финансовое единство [SCOPE.sC('target_country').GetAltName('RU_CL_RP')].;B/родительный
01_ef_event;22;00_ef_economic_event.6.t;Окончательная денежная унификация [SCOPE.sC('target_country').GetName];Окончательная денежная унификация [SCOPE.sC('target_country').GetAltName('RU_CL_RP')];B/родительный
01_ef_event;24;00_ef_economic_event.6.f;Правительство [SCOPE.sC('target_country').GetName] объявляет о создании единой имперской валюты — #B [SCOPE.sC('target_country').GetCustom('currency_name')] [SCOPE.sC('target_country').GetCustom('currency_symbol')]#!, которая заменит различные региональные валюты, а также [Localize('thaler_prussian_thaler')] @thaler_prussian_thaler!, всё ещё находящийся в обращении на территории бывших германских государств.\n\nЭта реформа завершает денежную унификацию Империи, устанавливая единый, согласованный стандарт, основанный на золоте, тем самым закрепляя политическую и экономическую интеграцию, достигнутую с момента объединения.\n\nПриняв эту новую имперскую валюту, власти стремятся упростить торговлю, укрепить национальную финансовую систему и подтвердить экономическую стабильность Рейха на международной арене.;Правительство [SCOPE.sC('target_country').GetAltName('RU_CL_RP')] объявляет о создании единой имперской валюты — #B [SCOPE.sC('target_country').GetCustom('currency_name')] [SCOPE.sC('target_country').GetCustom('currency_symbol')]#!, которая заменит различные региональные валюты, а также [Localize('thaler_prussian_thaler')] @thaler_prussian_thaler!, всё ещё находящийся в обращении на территории бывших германских государств.\n\nЭта реформа завершает денежную унификацию Империи, устанавливая единый, согласованный стандарт, основанный на золоте, тем самым закрепляя политическую и экономическую интеграцию, достигнутую с момента объединения.\n\nПриняв эту новую имперскую валюту, власти стремятся упростить торговлю, укрепить национальную финансовую систему и подтвердить экономическую стабильность Рейха на международной арене.;B/родительный
01_ef_event;28;00_ef_economic_event.7.t;Денежная унификация [SCOPE.sC('target_country').GetName];Денежная унификация [SCOPE.sC('target_country').GetAltName('RU_CL_RP')];B/родительный
01_ef_event;38;00_ef_economic_event.8.t;[SCOPE.sC('target_country').GetAdjective] Предложение о проведении Международной валютной конференции;Предложение [SCOPE.sC('target_country').GetAltName('RU_CL_RP')] о проведении Международной валютной конференции;B/GetAdjective без окончания
01_ef_event;40;00_ef_economic_event.8.f;Правительство [SCOPE.sC('target_country').GetAdjective] сегодня приглашает несколько соседних государств принять участие в международной валютной конференции, призванной гармонизировать вес, пробу и стоимость золотых и серебряных монет.\n\nЦель этой инициативы — облегчить денежное обращение между государствами, стабилизировать обменные курсы и заложить основу для возможной общей системы среди латинских стран и, шире, по всей Европе.\n\nПравительствам, получившим приглашение, теперь предстоит решить, хотят ли они участвовать в этих переговорах.;[SCOPE.sC('target_country').GetAdjective]ое правительство сегодня приглашает несколько соседних государств принять участие в международной валютной конференции, призванной гармонизировать вес, пробу и стоимость золотых и серебряных монет.\n\nЦель этой инициативы — облегчить денежное обращение между государствами, стабилизировать обменные курсы и заложить основу для возможной общей системы среди латинских стран и, шире, по всей Европе.\n\nПравительствам, получившим приглашение, теперь предстоит решить, хотят ли они участвовать в этих переговорах.;B/GetAdjective без окончания
01_ef_event;60;00_ef_economic_event.11.d;Участие [SCOPE.sC('target_country').GetAdjectiveNoFormatting] в обсуждениях Латинского союза;Участие [SCOPE.sC('target_country').GetAltName('RU_CL_RP')] в обсуждениях Латинского союза;B/GetAdjective без окончания
01_ef_event;61;00_ef_economic_event.11.f;Правительство [SCOPE.sC('target_country').GetAdjective] объявляет о своём участии в дипломатических переговорах, направленных на гармонизацию стандартов серебряной и золотой монеты среди латинских стран.\n\nУже тесно ориентируясь на французскую денежную систему, [SCOPE.sC('target_country').GetName] видит в этих переговорах возможность укрепить торговые связи и усилить стабильность собственной валюты.\n\nПредставители [SCOPE.sC('target_country').GetAdjective] таким образом присоединяются к подготовительной работе над тем, что может перерасти в региональный валютный союз.;[SCOPE.sC('target_country').GetAdjective]ое правительство объявляет о своём участии в дипломатических переговорах, направленных на гармонизацию стандартов серебряной и золотой монеты среди латинских стран.\n\nУже тесно ориентируясь на французскую денежную систему, [SCOPE.sC('target_country').GetName] видит в этих переговорах возможность укрепить торговые связи и усилить стабильность собственной валюты.\n\nПредставители [SCOPE.sC('target_country').GetAltName('RU_CL_RP')] таким образом присоединяются к подготовительной работе над тем, что может перерасти в региональный валютный союз.;B/GetAdjective без окончания
01_ef_event;62;00_ef_economic_event.11.a;Приветствовать делегацию [SCOPE.sC('target_country').GetAdjectiveNoFormatting];Приветствовать делегацию [SCOPE.sC('target_country').GetAltName('RU_CL_RP')];B/GetAdjective без окончания
01_ef_event;68;(raw);"  00_ef_economic_event.12.f:1 ""Правительство [SCOPE.sC('target_country').GetName] официально подписало #v Договор о Латинском монетном союзе#!, взяв на себя двадцатилетнее обязательство принять общие денежные стандарты, определённые конвенцией.\n \n Ратифицируя соглашение, [SCOPE.sC('target_country').GetName] принимает установленный под французским руководством паритет между золотом и серебром, приводит стоимость своей валюты в соответствие с эталонным стандартом Союза и соглашается на постепенную гармонизацию своей монеты с монетой других государств-подписантов.\n \n Это обязательство знаменует собой важный шаг к более глубокой финансовой интеграции и свобод";"  00_ef_economic_event.12.f:1 ""Правительство [SCOPE.sC('target_country').GetAltName('RU_CL_RP')] официально подписало #v Договор о Латинском монетном союзе#!, взяв на себя двадцатилетнее обязательство принять общие денежные стандарты, определённые конвенцией.\n \n Ратифицируя соглашение, [SCOPE.sC('target_country').GetName] принимает установленный под французским руководством паритет между золотом и серебром, приводит стоимость своей валюты в соответствие с эталонным стандартом Союза и соглашается на постепенную гармонизацию своей монеты с монетой других государств-подписантов.\n \n Это обязательство знаменует собой важный шаг к более глубокой финансовой интеграции и свобод""";A/незакрытая кавычка
01_ef_event;75;00_ef_economic_event.19.t;[SCOPE.sC('target_country').GetAdjectiveNoFormatting] Предложение о Скандинавском валютном союзе;Предложение [SCOPE.sC('target_country').GetAltName('RU_CL_RP')] о Скандинавском валютном союзе;B/GetAdjective без окончания
01_ef_event;77;00_ef_economic_event.19.f;Правительство [SCOPE.sC('target_country').GetAdjectiveNoFormatting] предлагает созвать конференцию, которая объединит скандинавские королевства, с целью изучить возможность создания валютного союза на основе золотого стандарта.\n\nЦель этой инициативы — облегчить торговлю, стабилизировать соответствующие курсы кроны и кроны и сформировать общую финансовую основу среди северных государств.\n\nТеперь приглашённым государствам предстоит решить, хотят ли они участвовать в этих обсуждениях.;[SCOPE.sC('target_country').GetAdjective]ое правительство предлагает созвать конференцию, которая объединит скандинавские королевства, с целью изучить возможность создания валютного союза на основе золотого стандарта.\n\nЦель этой инициативы — облегчить торговлю, стабилизировать курсы шведской и датско-норвежской крон и сформировать общую финансовую основу среди северных государств.\n\nТеперь приглашённым государствам предстоит решить, хотят ли они участвовать в этих обсуждениях.;B/GetAdjective без окончания
01_ef_event;94;00_ef_economic_event.22.d;Участие [SCOPE.sC('target_country').GetAdjectiveNoFormatting] в переговорах о Скандинавском союзе;Участие [SCOPE.sC('target_country').GetAltName('RU_CL_RP')] в переговорах о Скандинавском союзе;B/GetAdjective без окончания
01_ef_event;95;00_ef_economic_event.22.f;Правительство [SCOPE.sC('target_country').GetAdjective] объявило о своём участии в дипломатических обсуждениях, направленных на создание общей денежной системы на основе золота среди скандинавских государств.\n\nВидя возможность укрепить региональную торговлю и стабилизировать собственную валюту, [SCOPE.sC('target_country').GetName] решило присоединиться к продолжающимся переговорам.\n\nТеперь его представители участвуют в подготовительной работе, которая может привести к созданию единой скандинавской валютной системы.;[SCOPE.sC('target_country').GetAdjective]ое правительство объявило о своём участии в дипломатических обсуждениях, направленных на создание общей денежной системы на основе золота среди скандинавских государств.\n\nВидя возможность укрепить региональную торговлю и стабилизировать собственную валюту, [SCOPE.sC('target_country').GetName] присоединил[SCOPE.sC('target_country').GetAltNameNoFormatting('RU_CL_END_FEM')]ся к продолжающимся переговорам.\n\nТеперь его представители участвуют в подготовительной работе, которая может привести к созданию единой скандинавской валютной системы.;B/GetAdjective без окончания
01_ef_event;96;00_ef_economic_event.22.a;Приветствовать делегацию [SCOPE.sC('target_country').GetAdjectiveNoFormatting];Приветствовать делегацию [SCOPE.sC('target_country').GetAltName('RU_CL_RP')];B/GetAdjective без окончания
01_ef_event;100;00_ef_economic_event.23.f;Правительство [SCOPE.sC('target_country').GetName] официально подписало #v Договор о Скандинавском валютном союзе#!, взяв на себя двадцатилетнее обязательство принять общие денежные стандарты на основе золота, определённые конвенцией.\n\nРатифицируя соглашение, [SCOPE.sC('target_country').GetName] принимает общий золотой стандарт, установленный Союзом, согласовывает стоимость своей валюты с утверждённым эталонным ориентиром и обязуется постепенно унифицировать практики чеканки монет с другими государствами-подписантами.\n\nЭто обязательство знаменует важный шаг к более глубокой финансовой интеграции и свободному обращению стандартизированных золотых валют среди членов Союза.;Правительство [SCOPE.sC('target_country').GetAltName('RU_CL_RP')] официально подписало #v Договор о Скандинавском валютном союзе#!, взяв на себя двадцатилетнее обязательство принять общие денежные стандарты на основе золота, определённые конвенцией.\n\nРатифицируя соглашение, [SCOPE.sC('target_country').GetName] принимает общий золотой стандарт, установленный Союзом, согласовывает стоимость своей валюты с утверждённым эталонным ориентиром и обязуется постепенно унифицировать практики чеканки монет с другими государствами-подписантами.\n\nЭто обязательство знаменует важный шаг к более глубокой финансовой интеграции и свободному обращению стандартизированных золотых валют среди членов Союза.;B/родительный
01_ef_event;123;00_ef_economic_event.26.f;Стремясь укрепить денежную стабильность, [SCOPE.sC('target_country').GetName] принял ряд финансовых мер, устанавливающих #b биметаллический стандарт#! и предоставляющих полную конвертируемость национальной валюты как в #b золото#!, так и в #b серебро#!.\n\nЭто решение последовало за опасениями по поводу колебаний мировых цен на металлы и необходимостью обеспечить внутренние рынки более гибкой и устойчивой денежной основой. Привязывая валюту к двум эталонным металлам, правительство надеется расширить денежную массу, сохраняя долгосрочное доверие.\n\nИсторически принятая рядом государств, стремившихся к равновесию между коммерческим расширением и ценовой стабильностью, эта система призвана ограничить волатильность, одновременно обеспечивая более широкий доступ к чеканке монеты. [SCOPE.sC('target_country').GetName] теперь присоединяется к числу стран, опирающихся на двойную конвертируемость, чтобы защитить свою экономику от внешних потрясений.;Стремясь укрепить денежную стабильность, [SCOPE.sC('target_country').GetName] принял[SCOPE.sC('target_country').GetAltNameNoFormatting('RU_CL_END_FEM')] ряд финансовых мер, устанавливающих #b биметаллический стандарт#! и предоставляющих полную конвертируемость национальной валюты как в #b золото#!, так и в #b серебро#!.\n\nЭто решение последовало за опасениями по поводу колебаний мировых цен на металлы и необходимостью обеспечить внутренние рынки более гибкой и устойчивой денежной основой. Привязывая валюту к двум эталонным металлам, правительство надеется расширить денежную массу, сохраняя долгосрочное доверие.\n\nИсторически принятая рядом государств, стремившихся к равновесию между коммерческим расширением и ценовой стабильностью, эта система призвана ограничить волатильность, одновременно обеспечивая более широкий доступ к чеканке монеты. [SCOPE.sC('target_country').GetName] теперь присоединяется к числу стран, опирающихся на двойную конвертируемость, чтобы защитить свою экономику от внешних потрясений.;B/род глагола
01_ef_event;128;00_ef_economic_event.27.f;Стремясь укрепить денежную стабильность и эффективнее интегрироваться в международные финансовые рынки, [SCOPE.sC('target_country').GetName] принял новое финансовое законодательство, устанавливающее #b золотой стандарт#!.\n\nЭта реформа заменяет прежние порядки, привязывая национальную валюту исключительно к #b золоту#!, тем самым обеспечивая фиксированную конвертируемость и приводя страну в соответствие со всё более доминирующей мировой денежной тенденцией конца XIX века.\n\nИсторически государства принимали золотой стандарт, чтобы укрепить доверие инвесторов, стабилизировать обменные курсы и облегчить дальнюю торговлю. Приняв эту систему, [SCOPE.sC('target_country').GetName] стремится обеспечить долгосрочную денежную дисциплину и оградить свою экономику от волатильности, связанной с серебряными или смешанными стандартами.\n\nЭто решающий шаг к более предсказуемому, международно интегрированному финансовому порядку.;Стремясь укрепить денежную стабильность и эффективнее интегрироваться в международные финансовые рынки, [SCOPE.sC('target_country').GetName] принял[SCOPE.sC('target_country').GetAltNameNoFormatting('RU_CL_END_FEM')] новое финансовое законодательство, устанавливающее #b золотой стандарт#!.\n\nЭта реформа заменяет прежние порядки, привязывая национальную валюту исключительно к #b золоту#!, тем самым обеспечивая фиксированную конвертируемость и приводя страну в соответствие со всё более доминирующей мировой денежной тенденцией конца XIX века.\n\nИсторически государства принимали золотой стандарт, чтобы укрепить доверие инвесторов, стабилизировать обменные курсы и облегчить дальнюю торговлю. Приняв эту систему, [SCOPE.sC('target_country').GetName] стремится обеспечить долгосрочную денежную дисциплину и оградить свою экономику от волатильности, связанной с серебряными или смешанными стандартами.\n\nЭто решающий шаг к более предсказуемому, международно интегрированному финансовому порядку.;B/род глагола
01_ef_event;134;00_ef_economic_event.28.f;"[SCOPE.sC('target_country').GetName] стал #b подданным государством#!, и это изменение напрямую затрагивает структуру и независимость его денежной системы.\n\nКак следствие нового политического статуса национальная валюта теперь #b приведена в соответствие с денежным стандартом сюзерена#!. Местная конвертируемость больше не поддерживается; вместо этого любой обмен на драгоценные металлы или иностранные валюты теперь должен осуществляться #b исключительно через финансовые учреждения сюзерена#!.\n\nЭтот сдвиг отражает историческую реальность зависимых государств: утрату денежного суверенитета и включение их валюты в доминирующую фискально-финансовую систему контролирующей державы.\n\nДоступ страны к международным рынкам теперь полностью опосредован её сюзереном.";"[SCOPE.sC('target_country').GetName] стал[SCOPE.sC('target_country').GetAltNameNoFormatting('RU_CL_END_FEM')] #b подданным государством#!, и это изменение напрямую затрагивает структуру и независимость его денежной системы.\n\nКак следствие нового политического статуса национальная валюта теперь #b приведена в соответствие с денежным стандартом сюзерена#!. Местная конвертируемость больше не поддерживается; вместо этого любой обмен на драгоценные металлы или иностранные валюты теперь должен осуществляться #b исключительно через финансовые учреждения сюзерена#!.\n\nЭтот сдвиг отражает историческую реальность зависимых государств: утрату денежного суверенитета и включение их валюты в доминирующую фискально-финансовую систему контролирующей державы.\n\nДоступ страны к международным рынкам теперь полностью опосредован её сюзереном.";B/род глагола
01_ef_event;141;notification_00_ef_economic_event_28_message_desc;"[SCOPE.sC('target_country').GetName] стал #b подданным государством#!, и это изменение напрямую затрагивает структуру и независимость его денежной системы.\n\nКак следствие нового политического статуса национальная валюта теперь #b приведена в соответствие с денежным стандартом сюзерена#!. Местная конвертируемость больше не поддерживается; вместо этого любой обмен на драгоценные металлы или иностранные валюты теперь должен осуществляться #b исключительно через финансовые учреждения сюзерена#!.";"[SCOPE.sC('target_country').GetName] стал[SCOPE.sC('target_country').GetAltNameNoFormatting('RU_CL_END_FEM')] #b подданным государством#!, и это изменение напрямую затрагивает структуру и независимость его денежной системы.\n\nКак следствие нового политического статуса национальная валюта теперь #b приведена в соответствие с денежным стандартом сюзерена#!. Местная конвертируемость больше не поддерживается; вместо этого любой обмен на драгоценные металлы или иностранные валюты теперь должен осуществляться #b исключительно через финансовые учреждения сюзерена#!.";B/род глагола
01_ef_event;145;00_ef_economic_event.29.f;Освободившись от прежнего подчинения, [SCOPE.sC('target_country').GetName] восстановил полный #b денежный суверенитет#!. С окончанием зависимого статуса страна больше не связана денежной системой своего бывшего сюзерена.\n\nВ результате её валюта снова становится #b непосредственно конвертируемой#!, и её можно обменивать на иностранные валюты и драгоценные металлы без посреднических операций через другую державу. Это означает возвращение к #b самостоятельной денежно-кредитной политике#! и восстанавливает способность страны проводить международные финансовые операции на собственных условиях.\n\nВосстановление конвертируемости укрепляет национальную надёжность и вновь открывает доступ к независимому участию в мировых рынках.;Освободившись от прежнего подчинения, [SCOPE.sC('target_country').GetName] восстановил[SCOPE.sC('target_country').GetAltNameNoFormatting('RU_CL_END_FEM')] полный #b денежный суверенитет#!. С окончанием зависимого статуса страна больше не связана денежной системой своего бывшего сюзерена.\n\nВ результате её валюта снова становится #b непосредственно конвертируемой#!, и её можно обменивать на иностранные валюты и драгоценные металлы без посреднических операций через другую державу. Это означает возвращение к #b самостоятельной денежно-кредитной политике#! и восстанавливает способность страны проводить международные финансовые операции на собственных условиях.\n\nВосстановление конвертируемости укрепляет национальную надёжность и вновь открывает доступ к независимому участию в мировых рынках.;B/род глагола
01_ef_event;152;notification_00_ef_economic_event_29_message_desc;Освободившись от прежнего подчинения, [SCOPE.sC('target_country').GetName] восстановил полный #b денежный суверенитет#!. С окончанием зависимого статуса страна больше не связана денежной системой своего бывшего сюзерена.\n\nВ результате её валюта снова становится #b непосредственно конвертируемой#!, и её можно обменивать на иностранные валюты и драгоценные металлы без посреднических операций через другую державу. Это означает возвращение к #b самостоятельной денежно-кредитной политике#! и восстанавливает способность страны проводить международные финансовые операции на собственных условиях.;Освободившись от прежнего подчинения, [SCOPE.sC('target_country').GetName] восстановил[SCOPE.sC('target_country').GetAltNameNoFormatting('RU_CL_END_FEM')] полный #b денежный суверенитет#!. С окончанием зависимого статуса страна больше не связана денежной системой своего бывшего сюзерена.\n\nВ результате её валюта снова становится #b непосредственно конвертируемой#!, и её можно обменивать на иностранные валюты и драгоценные металлы без посреднических операций через другую державу. Это означает возвращение к #b самостоятельной денежно-кредитной политике#! и восстанавливает способность страны проводить международные финансовые операции на собственных условиях.;B/род глагола
01_ef_event;156;00_ef_economic_event.30.f;Столкнувшись с тяжёлой денежной нестабильностью, [SCOPE.sC('target_country').GetName] принял чрезвычайные меры, которые приостанавливают все формы металлической конвертируемости и переводят национальную валюту на #b фиатный стандарт#!.\n\nПо мере обрушения доверия валюта теперь считается имеющей ценность лишь благодаря #b бумаге, на которой она напечатана#!. Не имея обеспечения золотом или серебром, иностранные торговцы отказываются её принимать, что приводит к #b блокированию всех торговых путей#!, зависящих от национальной валюты.\n\nМеждународные расчёты в этой валюте больше невозможны, и жизнеспособными остаются лишь прямой бартер или расчёты в иностранной валюте. Это означает резкий переход к хрупкой, поддерживаемой государством денежной системе, навязанной необходимостью, а не стабильностью.;Столкнувшись с тяжёлой денежной нестабильностью, [SCOPE.sC('target_country').GetName] принял[SCOPE.sC('target_country').GetAltNameNoFormatting('RU_CL_END_FEM')] чрезвычайные меры, которые приостанавливают все формы металлической конвертируемости и переводят национальную валюту на #b фиатный стандарт#!.\n\nПо мере обрушения доверия валюта теперь считается имеющей ценность лишь благодаря #b бумаге, на которой она напечатана#!. Не имея обеспечения золотом или серебром, иностранные торговцы отказываются её принимать, что приводит к #b блокированию всех торговых путей#!, зависящих от национальной валюты.\n\nМеждународные расчёты в этой валюте больше невозможны, и жизнеспособными остаются лишь прямой бартер или расчёты в иностранной валюте. Это означает резкий переход к хрупкой, поддерживаемой государством денежной системе, навязанной необходимостью, а не стабильностью.;B/род глагола
01_ef_event;161;00_ef_economic_event.31.f;Парламент [SCOPE.sC('target_country').GetName] принял реформу, #b девальвирующую металлический стандарт страны#! — то есть снижающую юридически установленную металлическую стоимость, обеспечивающую национальную валюту.\n\nОфициальный паритет [SCOPE.sC('target_country').GetCustom('currency_name')] [SCOPE.sC('target_country').GetCustom('currency_symbol')] меняется с\n #b 1 [SCOPE.sC('target_country').GetCustom('currency_symbol')] = [SCOPE.sC('target_country').MakeScope.Var('money_value_target_1_old').GetValue] [SCOPE.sC('target_country').GetCustom('monetary_system')]#!\n на #b девальвированный#! уровень\n #b 1 [SCOPE.sC('target_country').GetCustom('currency_symbol')] = [SCOPE.sC('target_country').MakeScope.Var('money_value_target_1').GetValue] [SCOPE.sC('target_country').GetCustom('monetary_system')]#!.\n\nЭта мера представляет собой #b понижающий пересмотр юридического металлического коэффициента конверсии#!, уменьшая подразумеваемое содержание металла на единицу валюты. Однако #b фактическое соотношение конверсии#! по-прежнему зависит от реальных резервов центрального банка и может существенно расходиться с новым юридическим паритетом.\n\nПодобные девальвации часто вводятся, чтобы ослабить давление на металлические резервы, поглотить денежные дисбалансы или адаптироваться к неблагоприятным изменениям мировых цен на металлы. Однако они также могут ослабить доверие к валюте, если участники рынка сочтут корректировку недостаточной или политически мотивированной.;Парламент [SCOPE.sC('target_country').GetAltName('RU_CL_RP')] принял реформу, #b девальвирующую металлический стандарт страны#! — то есть снижающую юридически установленную металлическую стоимость, обеспечивающую национальную валюту.\n\nОфициальный паритет [SCOPE.sC('target_country').GetCustom('currency_name')] [SCOPE.sC('target_country').GetCustom('currency_symbol')] меняется с\n #b 1 [SCOPE.sC('target_country').GetCustom('currency_symbol')] = [SCOPE.sC('target_country').MakeScope.Var('money_value_target_1_old').GetValue] [SCOPE.sC('target_country').GetCustom('monetary_system')]#!\n на #b девальвированный#! уровень\n #b 1 [SCOPE.sC('target_country').GetCustom('currency_symbol')] = [SCOPE.sC('target_country').MakeScope.Var('money_value_target_1').GetValue] [SCOPE.sC('target_country').GetCustom('monetary_system')]#!.\n\nЭта мера представляет собой #b понижающий пересмотр юридического металлического коэффициента конверсии#!, уменьшая подразумеваемое содержание металла на единицу валюты. Однако #b фактическое соотношение конверсии#! по-прежнему зависит от реальных резервов центрального банка и может существенно расходиться с новым юридическим паритетом.\n\nПодобные девальвации часто вводятся, чтобы ослабить давление на металлические резервы, поглотить денежные дисбалансы или адаптироваться к неблагоприятным изменениям мировых цен на металлы. Однако они также могут ослабить доверие к валюте, если участники рынка сочтут корректировку недостаточной или политически мотивированной.;B/родительный
01_ef_event;166;00_ef_economic_event.32.f;Парламент [SCOPE.sC('target_country').GetName] принял реформу, #b ревальвирующую металлический стандарт страны#! — то есть увеличивающую юридически установленную металлическую стоимость, обеспечивающую национальную валюту.\n\nОфициальный паритет [SCOPE.sC('target_country').GetCustom('currency_name')] [SCOPE.sC('target_country').GetCustom('currency_symbol')] повышается с\n #b 1 [SCOPE.sC('target_country').GetCustom('currency_symbol')] = [SCOPE.sC('target_country').MakeScope.Var('money_value_target_1_old').GetValue] [SCOPE.sC('target_country').GetCustom('monetary_system')]#!\n до #b ревальвированного#! уровня\n #b 1 [SCOPE.sC('target_country').GetCustom('currency_symbol')] = [SCOPE.sC('target_country').MakeScope.Var('money_value_target_1').GetValue] [SCOPE.sC('target_country').GetCustom('monetary_system')]#!.\n\nЭта мера представляет собой #b повышающий пересмотр юридического металлического коэффициента конверсии#!, увеличивая подразумеваемое содержание металла на единицу валюты. Однако #b фактическое соотношение конверсии#! по-прежнему зависит от реальных резервов центрального банка и может существенно расходиться с новым юридическим паритетом.\n\nПодобные ревальвации часто вводятся, чтобы укрепить доверие к валюте, сдержать инфляцию или отразить улучшение условий по металлическим резервам. Однако они также могут создавать напряжённость в торговых или кредитных рынках, если корректировка будет сочтена чрезмерной или слишком резкой.;Парламент [SCOPE.sC('target_country').GetAltName('RU_CL_RP')] принял реформу, #b ревальвирующую металлический стандарт страны#! — то есть увеличивающую юридически установленную металлическую стоимость, обеспечивающую национальную валюту.\n\nОфициальный паритет [SCOPE.sC('target_country').GetCustom('currency_name')] [SCOPE.sC('target_country').GetCustom('currency_symbol')] повышается с\n #b 1 [SCOPE.sC('target_country').GetCustom('currency_symbol')] = [SCOPE.sC('target_country').MakeScope.Var('money_value_target_1_old').GetValue] [SCOPE.sC('target_country').GetCustom('monetary_system')]#!\n до #b ревальвированного#! уровня\n #b 1 [SCOPE.sC('target_country').GetCustom('currency_symbol')] = [SCOPE.sC('target_country').MakeScope.Var('money_value_target_1').GetValue] [SCOPE.sC('target_country').GetCustom('monetary_system')]#!.\n\nЭта мера представляет собой #b повышающий пересмотр юридического металлического коэффициента конверсии#!, увеличивая подразумеваемое содержание металла на единицу валюты. Однако #b фактическое соотношение конверсии#! по-прежнему зависит от реальных резервов центрального банка и может существенно расходиться с новым юридическим паритетом.\n\nПодобные ревальвации часто вводятся, чтобы укрепить доверие к валюте, сдержать инфляцию или отразить улучшение условий по металлическим резервам. Однако они также могут создавать напряжённость в торговых или кредитных рынках, если корректировка будет сочтена чрезмерной или слишком резкой.;B/родительный
01_ef_event;172;00_ef_economic_event.33.f;Обладая крупнейшими в мире запасами драгоценных металлов, #v [SCOPE.sC('target_country').GetCustom('currency_name')] [SCOPE.sC('target_country').GetCustom('currency_symbol')]#! из [SCOPE.sC('target_country').GetName] теперь обеспечивает самую глубокую и стабильную денежную основу на мировых рынках. В результате национальная валюта стала #b мировой резервной валютой#!.\n\nОгромный объём металлических резервов, обеспечивающих валюту, даёт ей исключительную #b глубину рынка#! и позволяет иностранным государствам, торговцам и финансовым учреждениям повсеместно использовать её для расчётов, оценок и международной торговли.\n\nЭто развитие отражает историческую закономерность, при которой валюта государства с самыми сильными резервами и наивысшей финансовой надёжностью естественным образом становится предпочтительным #b глобальным средством обмена#!.;Обладая крупнейшими в мире запасами драгоценных металлов, #v [SCOPE.sC('target_country').GetCustom('currency_name')] [SCOPE.sC('target_country').GetCustom('currency_symbol')]#! из [SCOPE.sC('target_country').GetAltName('RU_CL_RP')] теперь обеспечивает самую глубокую и стабильную денежную основу на мировых рынках. В результате национальная валюта стала #b мировой резервной валютой#!.\n\nОгромный объём металлических резервов, обеспечивающих валюту, даёт ей исключительную #b глубину рынка#! и позволяет иностранным государствам, торговцам и финансовым учреждениям повсеместно использовать её для расчётов, оценок и международной торговли.\n\nЭто развитие отражает историческую закономерность, при которой валюта государства с самыми сильными резервами и наивысшей финансовой надёжностью естественным образом становится предпочтительным #b глобальным средством обмена#!.;B/родительный
01_ef_event;182;00_ef_economic_event.35.f;Хотя лишь ограниченное число государств официально использует золотой стандарт, превращение [SCOPE.sC('target_country').GetName] в #b мировую резервную валюту#! подтолкнуло международное сообщество принять #b золото#! в качестве универсального ориентира для сравнения стоимости всех валют.\n\nЭто решение стало возможным благодаря мировому ценовому соотношению между #b серебром и золотом#!, которое позволяет даже валютам, основанным на серебре или полностью серебряным, выражаться через их золотой эквивалент. В результате теперь каждую национальную валюту можно оценивать по единой шкале, независимо от её базового денежного стандарта.\n\nУстановив золото как универсальный эталон, финансовые учреждения и правительства получают единый метод измерения силы валют, оценки международной конкурентоспособности и мониторинга трансграничных потоков капитала. Это фундаментальный шаг к более согласованному и интегрированному мировому денежному порядку.;Хотя лишь ограниченное число государств официально использует золотой стандарт, превращение [SCOPE.sC('target_country').GetAltName('RU_CL_RP')] в #b мировую резервную валюту#! подтолкнуло международное сообщество принять #b золото#! в качестве универсального ориентира для сравнения стоимости всех валют.\n\nЭто решение стало возможным благодаря мировому ценовому соотношению между #b серебром и золотом#!, которое позволяет даже валютам, основанным на серебре или полностью серебряным, выражаться через их золотой эквивалент. В результате теперь каждую национальную валюту можно оценивать по единой шкале, независимо от её базового денежного стандарта.\n\nУстановив золото как универсальный эталон, финансовые учреждения и правительства получают единый метод измерения силы валют, оценки международной конкурентоспособности и мониторинга трансграничных потоков капитала. Это фундаментальный шаг к более согласованному и интегрированному мировому денежному порядку.;B/родительный
01_ef_event;193;00_ef_economic_event.37.f;Правительство [SCOPE.sC('target_country').GetName] оформило новый долг перед своим #b Центральным банком#!, выпустив обязательства, номинированные непосредственно в #b национальной валюте#!, а не в драгоценных металлах.\n\nЭтот заём увеличивает доступ казначейства к немедленной ликвидности, но также расширяет объём валюты в обращении, потенциально увеличивая разрыв между юридическим паритетом и реальной металлической конвертируемостью.\n\nОпираясь на кредит, выраженный в бумажной валюте, вместо золотых или серебряных резервов, страна укрепляет свою краткосрочную фискальную способность, одновременно подвергая себя будущему инфляционному давлению и усиливая зависимость от доверия внутренних и иностранных инвесторов.;Правительство [SCOPE.sC('target_country').GetAltName('RU_CL_RP')] оформило новый долг перед своим #b Центральным банком#!, выпустив обязательства, номинированные непосредственно в #b национальной валюте#!, а не в драгоценных металлах.\n\nЭтот заём увеличивает доступ казначейства к немедленной ликвидности, но также расширяет объём валюты в обращении, потенциально увеличивая разрыв между юридическим паритетом и реальной металлической конвертируемостью.\n\nОпираясь на кредит, выраженный в бумажной валюте, вместо золотых или серебряных резервов, страна укрепляет свою краткосрочную фискальную способность, одновременно подвергая себя будущему инфляционному давлению и усиливая зависимость от доверия внутренних и иностранных инвесторов.;B/родительный
01_ef_event;207;00_ef_economic_event.56.f;В рамках решительной реформы национальной денежной политики Конгресс США принял #b Закон о чеканке монет 1873 года#!. Новый закон незаметно отменяет #b свободную чеканку серебра#!, исключая стандартный серебряный доллар из перечня разрешённых монет и переопределяя металлическую основу страны.\n\nХотя это представлено как техническая модернизация монетной системы, закон фактически переводит Соединённые Штаты на #b де-факто золотой стандарт#!, прекращая выпуск серебряной валюты и меняя баланс между двумя металлами.\n\nЭкономисты предупреждают, что этот резкий шаг может иметь серьёзные международные последствия: исключая серебро из своей денежной основы, [SCOPE.sC('target_country').GetName] рискует спровоцировать #b структурное снижение мирового спроса на серебро#!, дестабилизируя страны, чьи валюты зависят от #b конвертируемости в серебро#!.\n\nУже сейчас критики называют реформу #i «Преступлением 1873 года»#!, опасаясь, что исчезновение серебра из национальной чеканки ужесточит условия кредитования и усилит будущие денежные напряжения. Историки, возможно, однажды увидят в этом акте первую искру нарастающего расхождения между странами золотого и серебряного стандартов.;В рамках решительной реформы национальной денежной политики Конгресс США принял #b Монетный акт 1873 года#!. Новый закон незаметно отменяет #b свободную чеканку серебра#!, исключая стандартный серебряный доллар из перечня разрешённых монет и переопределяя металлическую основу страны.\n\nХотя это представлено как техническая модернизация монетной системы, закон фактически переводит Соединённые Штаты на #b де-факто золотой стандарт#!, прекращая выпуск серебряной валюты и меняя баланс между двумя металлами.\n\nЭкономисты предупреждают, что этот резкий шаг может иметь серьёзные международные последствия: исключая серебро из своей денежной основы, [SCOPE.sC('target_country').GetName] рискует спровоцировать #b структурное снижение мирового спроса на серебро#!, дестабилизируя страны, чьи валюты зависят от #b конвертируемости в серебро#!.\n\nУже сейчас критики называют реформу #i «Преступлением 1873 года»#!, опасаясь, что исчезновение серебра из национальной чеканки ужесточит условия кредитования и усилит будущие денежные напряжения. Историки, возможно, однажды увидят в этом акте первую искру нарастающего расхождения между странами золотого и серебряного стандартов.;C/термин
01_ef_event;211;00_ef_economic_event.57.t;[SCOPE.sC('target_country').GetAdjective] распродажа серебра;[SCOPE.sC('target_country').GetAdjective]ая распродажа серебра;B/GetAdjective без окончания
01_ef_event;213;00_ef_economic_event.57.f;После отказа от серебряной чеканки правительство [SCOPE.sC('target_country').GetName] начало выбрасывать на международные рынки огромные объёмы серебра. Больше не нужные для национальной чеканки, эти резервы продаются крупными партиями, вызывая то, что наблюдатели называют #b [SCOPE.sC('target_country').GetAdjective] распродажей серебра#!.\n\nЭтот внезапный выброс колоссальных запасов серебра резко увеличил #b мировое предложение серебра#!, далеко превосходя естественные уровни добычи. В результате цены на серебро начинают стремительно падать, подрывая стабильность стран, чьи валюты сильно зависят от #b конвертируемости в серебро#!.\n\nТеперь, когда [SCOPE.sC('target_country').GetName] полностью ориентирована на золотую денежную систему, ускоренная распродажа прежних серебряных резервов становится поворотным моментом в международном денежном порядке, усиливая давление на страны серебряного стандарта и углубляя расхождение между стоимостью золота и серебра.;После отказа от серебряной чеканки правительство [SCOPE.sC('target_country').GetAltName('RU_CL_RP')] начало выбрасывать на международные рынки огромные объёмы серебра. Больше не нужные для национальной чеканки, эти резервы продаются крупными партиями, вызывая то, что наблюдатели называют #b [SCOPE.sC('target_country').GetAdjective]ой распродажей серебра#!.\n\nЭтот внезапный выброс колоссальных запасов серебра резко увеличил #b мировое предложение серебра#!, далеко превосходя естественные уровни добычи. В результате цены на серебро начинают стремительно падать, подрывая стабильность стран, чьи валюты сильно зависят от #b конвертируемости в серебро#!.\n\nТеперь, когда [SCOPE.sC('target_country').GetName] полностью перешл[SCOPE.sC('target_country').GetAltNameNoFormatting('RU_CL_END_FEM')] на золотую денежную систему, ускоренная распродажа прежних серебряных резервов становится поворотным моментом в международном денежном порядке, усиливая давление на страны серебряного стандарта и углубляя расхождение между стоимостью золота и серебра.;B/согласование по роду
01_ef_event;218;00_ef_economic_event.58.f;Сочетание недавних денежных реформ вызвало драматические потрясения на мировом рынке серебра. После #b Закона о чеканке монет#!, принятого [SCOPE.sC('trigger_country_1').GetName], серебро утратило денежный статус в одной из крупнейших экономик мира. Одновременно недавно объединённая [SCOPE.sC('trigger_country_2').GetName] приняла #b золотой стандарт#! и начала распродавать огромные объёмы серебра, ранее предназначенного для чеканки монет.\n\nЭтот процесс — известный во всём мире как #b немецкая распродажа серебра#! — внезапно выбросил на мировые рынки гигантские объёмы серебра. По мере того как предложение взлетает далеко выше прежних уровней, цена металла обрушивается, дестабилизируя страны, чьи валюты зависят от конвертируемости в серебро.\n\nИскусственное расширение мирового предложения серебра, вызванное немецкими продажами и падением американского спроса, знаменует начало затяжного #b международного серебряного кризиса#!, который изменит денежные системы по всему миру.;Сочетание недавних денежных реформ вызвало драматические потрясения на мировом рынке серебра. После #b Монетного акта#!, принятого [SCOPE.sC('trigger_country_1').GetAltName('RU_CL_RP')], серебро утратило денежный статус в одной из крупнейших экономик мира. Одновременно недавно объединившееся государство [SCOPE.sC('trigger_country_2').GetName] приняло #b золотой стандарт#! и начало распродавать огромные объёмы серебра, ранее предназначенного для чеканки монет.\n\nЭтот процесс — известный во всём мире как #b немецкая распродажа серебра#! — внезапно выбросил на мировые рынки гигантские объёмы серебра. По мере того как предложение взлетает далеко выше прежних уровней, цена металла обрушивается, дестабилизируя страны, чьи валюты зависят от конвертируемости в серебро.\n\nИскусственное расширение мирового предложения серебра, вызванное немецкими продажами и падением американского спроса, знаменует начало затяжного #b международного серебряного кризиса#!, который изменит денежные системы по всему миру.;B/род прилагательного
01_ef_event;225;00_ef_economic_event.59.f;Геодезисты и горные инспекторы в [SCOPE.sState('capital_state').GetName] сообщают, что разрабатываемые в регионе серебряные жилы содержат куда больше металла, чем предполагалось изначально. То, что считалось скромным месторождением, теперь выглядит как #b крупный резервуар серебра#!.\n\nЭто внезапное открытие резко увеличивает объёмы серебра, доступного для добычи и отправки, вызывая опасения относительно возможного #b искусственного всплеска мирового предложения серебра#!. Если производство ускорится, это может оказать понижательное давление на мировые цены на серебро и дестабилизировать денежные системы, всё ещё привязанные к этому металлу.\n\nВластям [SCOPE.sC('target_country').GetName] теперь предстоит решить, как управлять этим неожиданным притоком и его более широкими экономическими последствиями.;Геодезисты и горные инспекторы в [SCOPE.sState('capital_state').GetName] сообщают, что разрабатываемые в регионе серебряные жилы содержат куда больше металла, чем предполагалось изначально. То, что считалось скромным месторождением, теперь выглядит как #b крупный резервуар серебра#!.\n\nЭто внезапное открытие резко увеличивает объёмы серебра, доступного для добычи и отправки, вызывая опасения относительно возможного #b искусственного всплеска мирового предложения серебра#!. Если производство ускорится, это может оказать понижательное давление на мировые цены на серебро и дестабилизировать денежные системы, всё ещё привязанные к этому металлу.\n\nВластям [SCOPE.sC('target_country').GetAltName('RU_CL_DP')] теперь предстоит решить, как управлять этим неожиданным притоком и его более широкими экономическими последствиями.;B/дательный
01_ef_event;237;00_ef_economic_event.61.f;Международное финансовое сообщество, возглавляемое [SCOPE.sC('target_country').GetName] и его мощной биржей #b [SCOPE.sCountry('target_country').GetCustom('stock_exchange_name')]#!, сообщает о драматической трансформации мирового рынка серебра. За последние пятнадцать лет мировая добыча серебра #b утроилась#!.\n\nЭтот рост вызван совпадением крупных факторов: масштабные новые открытия в Северной Америке — в частности, #b Комстокское месторождение (Невада)#!, а также #b Колорадо, Айдахо и Монтана#! — в сочетании с неуклонной промышленной экспансией и внедрением более эффективных методов добычи, таких как современные процессы цианирования.\n\nВ то же время отказ Германии от серебряного стандарта привёл к волне #b немецкой распродажи серебра#!, выбрасывая на рынок огромные объёмы демонетизированного серебра. Дополняя этот шок, #b Закон о чеканке монет 1873 года#! в Соединённых Штатах ещё больше снизил мировой денежный спрос на серебро, прекратив чеканку традиционного серебряного доллара. Вместе эти силы создали историческое перепредложение, наводнив мировые рынки дешёвым серебром и глубоко изменив денежный баланс между золотом и серебром.\n\nМировой денежный порядок теперь сталкивается с последствиями этого беспрецедентного избытка серебра.;Международное финансовое сообщество, возглавляемое [SCOPE.sC('target_country').GetAltName('RU_CL_TP')] и его мощной биржей #b [SCOPE.sCountry('target_country').GetCustom('stock_exchange_name')]#!, сообщает о драматической трансформации мирового рынка серебра. За последние пятнадцать лет мировая добыча серебра #b утроилась#!.\n\nЭтот рост вызван совпадением крупных факторов: масштабные новые открытия в Северной Америке — в частности, #b Комстокское месторождение (Невада)#!, а также #b Колорадо, Айдахо и Монтана#! — в сочетании с неуклонной промышленной экспансией и внедрением более эффективных методов добычи, таких как современные процессы цианирования.\n\nВ то же время отказ Германии от серебряного стандарта привёл к волне #b немецкой распродажи серебра#!, выбрасывая на рынок огромные объёмы демонетизированного серебра. Дополняя этот шок, #b Монетный акт 1873 года#! в Соединённых Штатах ещё больше снизил мировой денежный спрос на серебро, прекратив чеканку традиционного серебряного доллара. Вместе эти силы создали историческое перепредложение, наводнив мировые рынки дешёвым серебром и глубоко изменив денежный баланс между золотом и серебром.\n\nМировой денежный порядок теперь сталкивается с последствиями этого беспрецедентного избытка серебра.;B/творительный,C/термин
01_ef_event;249;00_ef_economic_event.63.f;Денежные власти [SCOPE.sC('target_country').GetName] сообщают о серьёзном ухудшении стоимости #b юаня#! — давней серебряной валюты империи. После более чем семнадцати лет мировой нестабильности серебра юань сталкивается с самым сильным обесценением века.\n\nПо мере того как цена серебра продолжает обваливаться, юань резко слабеет, вызывая #b крупный торговый кризис#!. Издержки импорта растут, экспортные доходы падают, и торговый баланс империи уходит в #b устойчивый структурный дефицит#!. Купцы, провинциальные власти и финансовые гильдии выражают всё большую обеспокоенность надёжностью валюты.\n\nБыстрое падение стоимости серебра создаёт новые уязвимости: империя становится всё более подверженной #b иностранному экономическому влиянию#!, поскольку международные кредиторы и торговые партнёры ужесточают условия. К 1895 году юань достигает минимальной оценки за десятилетия, вызывая опасения, что валюта больше не сможет обеспечивать финансовые потребности огромной и взаимосвязанной имперской экономики.\n\nСтабильность денежного порядка империи теперь под вопросом.;Денежные власти [SCOPE.sC('target_country').GetAltName('RU_CL_RP')] сообщают о серьёзном ухудшении стоимости #b юаня#! — давней серебряной валюты империи. После более чем семнадцати лет мировой нестабильности серебра юань сталкивается с самым сильным обесценением века.\n\nПо мере того как цена серебра продолжает обваливаться, юань резко слабеет, вызывая #b крупный торговый кризис#!. Издержки импорта растут, экспортные доходы падают, и торговый баланс империи уходит в #b устойчивый структурный дефицит#!. Купцы, провинциальные власти и финансовые гильдии выражают всё большую обеспокоенность надёжностью валюты.\n\nБыстрое падение стоимости серебра создаёт новые уязвимости: империя становится всё более подверженной #b иностранному экономическому влиянию#!, поскольку международные кредиторы и торговые партнёры ужесточают условия. К 1895 году юань достигает минимальной оценки за десятилетия, вызывая опасения, что валюта больше не сможет обеспечивать финансовые потребности огромной и взаимосвязанной имперской экономики.\n\nСтабильность денежного порядка империи теперь под вопросом.;B/родительный
01_ef_event;253;00_ef_economic_event.64.t;Денежная система [SCOPE.sC('target_country').GetName] в смятении;Денежная система [SCOPE.sC('target_country').GetAltName('RU_CL_RP')] в смятении;B/родительный
01_ef_event;255;00_ef_economic_event.64.f;Международное финансовое сообщество сообщает о растущей тревоге из-за состояния #b серебряной валюты [SCOPE.sC('target_country').GetName]#!. С начала мирового серебряного кризиса в 1873 году мексиканская денежная система — сильно зависящая от стоимости экспорта серебра и серебряной чеканки — переживает тяжёлую и непрерывную нестабильность.\n\nПервоначальный шок #b 1873 года#! подорвал доверие, но длительное падение мировой цены на серебро в период #b 1878–1886 годов#! серьёзно ослабило фискальные возможности правительства. По мере сокращения доходов, связанных с добычей серебра, [SCOPE.sC('target_country').GetName] вошла в цикл #b бюджетной нестабильности#! и растущей внешней уязвимости.\n\nВ период с #b 1887 по 1893 годы#! финансовая ситуация ухудшилась ещё сильнее: налоговые поступления рухнули, государственные счета перешли в хронический дефицит, а [SCOPE.sC('target_country').GetCustom('currency_name')] [SCOPE.sC('target_country').GetCustom('currency_symbol')] стала всё более волатильной. К #b 1893 году#! #b девальвация валюты стала неконтролируемой#!, вызвав политические напряжения, ослабив банковский сектор и породив опасения полномасштабного денежного краха.\n\nДлительный мировой избыток серебра оставил [SCOPE.sC('target_country').GetName] опасно уязвимой, и теперь её валюта находится во власти внешних рынков металлов.;Международное финансовое сообщество сообщает о растущей тревоге из-за состояния #b серебряной валюты [SCOPE.sC('target_country').GetAltName('RU_CL_RP')]#!. С начала мирового серебряного кризиса в 1873 году мексиканская денежная система — сильно зависящая от стоимости экспорта серебра и серебряной чеканки — переживает тяжёлую и непрерывную нестабильность.\n\nПервоначальный шок #b 1873 года#! подорвал доверие, но длительное падение мировой цены на серебро в период #b 1878–1886 годов#! серьёзно ослабило фискальные возможности правительства. По мере сокращения доходов, связанных с добычей серебра, [SCOPE.sC('target_country').GetName] вошл[SCOPE.sC('target_country').GetAltNameNoFormatting('RU_CL_END_FEM')] в цикл #b бюджетной нестабильности#! и растущей внешней уязвимости.\n\nВ период с #b 1887 по 1893 годы#! финансовая ситуация ухудшилась ещё сильнее: налоговые поступления рухнули, государственные счета перешли в хронический дефицит, а [SCOPE.sC('target_country').GetCustom('currency_name')] [SCOPE.sC('target_country').GetCustom('currency_symbol')] стала всё более волатильной. К #b 1893 году#! #b девальвация валюты стала неконтролируемой#!, вызвав политические напряжения, ослабив банковский сектор и породив опасения полномасштабного денежного краха.\n\nДлительный мировой избыток серебра поставил [SCOPE.sC('target_country').GetAltName('RU_CL_VP')] в крайне уязвимое положение, и теперь её валюта находится во власти внешних рынков металлов.;B/согласование по роду
01_ef_event;256;00_ef_economic_event.64.a;Принять нестабильность [SCOPE.sC('target_country').GetName] к сведению;Принять нестабильность [SCOPE.sC('target_country').GetAltName('RU_CL_RP')] к сведению;B/родительный
01_ef_event;261;00_ef_economic_event.65.f;Экономики Анд, добывающие серебро — прежде всего #b [SCOPE.sC('trigger_country_2').GetName]#! и #b Перу#! — сотрясает тяжёлый денежный и политический кризис, вызванный продолжающимся обвалом мировых цен на серебро. Десятилетиями обе страны сильно полагались на экспорт серебра, чтобы поддерживать государственные финансы, стабилизировать валюты и обеспечивать ключевые отрасли.\n\nНо по мере того как международные рынки продолжают наводняться дешёвым серебром — из-за масштабных североамериканских открытий, демонетизации в Германии и сохраняющегося избытка серебра — доходы андских шахт рухнули. Теперь, когда серебро стоит лишь часть своей прежней цены, местные рудники оказываются на грани банкротства, рабочие погружаются в нищету, а региональные элиты с трудом удерживают политический контроль.\n\nСитуация переросла в то, что наблюдатели называют #b «Андским серебряным крахом»#!: системный коллапс, при котором экономики [SCOPE.sC('trigger_country_2').GetName] и Перу становятся опасно зависимыми от навязанного извне ценового цикла, которым управляют ведущие финансовые державы мира. По мере роста бюджетных дефицитов и распространения социальной напряжённости устойчивость обоих государств висит на волоске.;Экономики Анд, добывающие серебро — прежде всего #b [SCOPE.sC('trigger_country_2').GetName]#! и #b Перу#! — сотрясает тяжёлый денежный и политический кризис, вызванный продолжающимся обвалом мировых цен на серебро. Десятилетиями обе страны сильно полагались на экспорт серебра, чтобы поддерживать государственные финансы, стабилизировать валюты и обеспечивать ключевые отрасли.\n\nНо по мере того как международные рынки продолжают наводняться дешёвым серебром — из-за масштабных североамериканских открытий, демонетизации в Германии и сохраняющегося избытка серебра — доходы андских шахт рухнули. Теперь, когда серебро стоит лишь часть своей прежней цены, местные рудники оказываются на грани банкротства, рабочие погружаются в нищету, а региональные элиты с трудом удерживают политический контроль.\n\nСитуация переросла в то, что наблюдатели называют #b «Андским серебряным крахом»#!: системный коллапс, при котором экономики [SCOPE.sC('trigger_country_2').GetAltName('RU_CL_RP')] и Перу становятся опасно зависимыми от навязанного извне ценового цикла, которым управляют ведущие финансовые державы мира. По мере роста бюджетных дефицитов и распространения социальной напряжённости устойчивость обоих государств висит на волоске.;B/родительный
01_ef_event;288;00_ef_economic_event.97.d;Банк #v [SCOPE.sCompany('buyer').GetName]#! из #v [SCOPE.sC('buyer_country').GetName]#! провёл арбитражную операцию с валютой [SCOPE.sC('seller').GetName] после повышения базовой ставки.;Банк #v [SCOPE.sCompany('buyer').GetName]#! из #v [SCOPE.sC('buyer_country').GetName]#! провёл арбитражную операцию с валютой [SCOPE.sC('seller').GetAltName('RU_CL_RP')] после повышения ключевой ставки.;B/родительный,C/base rate
01_ef_event;294;00_ef_economic_event.971.d;Банк #v [SCOPE.sCompany('buyer').GetName]#! из #v [SCOPE.sC('buyer_country').GetName]#! увеличил свои запасы валюты [SCOPE.sC('seller').GetName], считающейся эталонной валютой международной денежной системы.;Банк #v [SCOPE.sCompany('buyer').GetName]#! из #v [SCOPE.sC('buyer_country').GetName]#! увеличил свои запасы валюты [SCOPE.sC('seller').GetAltName('RU_CL_RP')], считающейся эталонной валютой международной денежной системы.;B/родительный
01_ef_event;301;00_ef_economic_event.98.d;Банк #v [SCOPE.sCompany('seller').GetName]#! из #v [SCOPE.sC('seller_country').GetName]#! осуществил продажу валюты на международных рынках после снижения базовой ставки.;Банк #v [SCOPE.sCompany('seller').GetName]#! из #v [SCOPE.sC('seller_country').GetName]#! осуществил продажу валюты на международных рынках после снижения ключевой ставки.;C/base rate
01_ef_event;333;00_ef_economic_event.100.t;Валютный кризис в [SCOPE.sC('target_country').GetName];Валютный кризис в [SCOPE.sC('target_country').GetAltName('RU_CL_PP')];B/предложный
01_ef_event;334;00_ef_economic_event.100.d;Курс [SCOPE.sC('target_country').GetCustom('currency_name')]#! [SCOPE.sC('target_country').GetCustom('currency_symbol')] изменился более чем на [SCOPE.sC('target_country').MakeScope.ScriptValue('money_value_dif_1_final')|%|+=], что вызвало валютный кризис в [SCOPE.sC('target_country').GetName].;Курс [SCOPE.sC('target_country').GetCustom('currency_name')]#! [SCOPE.sC('target_country').GetCustom('currency_symbol')] изменился более чем на [SCOPE.sC('target_country').MakeScope.ScriptValue('money_value_dif_1_final')|%|+=], что вызвало валютный кризис в [SCOPE.sC('target_country').GetAltName('RU_CL_PP')].;B/предложный
01_ef_event;339;00_ef_economic_event.101.t;Экономический кризис в [SCOPE.sC('target_country').GetName];Экономический кризис в [SCOPE.sC('target_country').GetAltName('RU_CL_PP')];B/предложный
01_ef_event;340;(raw);"  00_ef_economic_event.101.d:1 ""[SCOPE.sC('target_country').GetCustom('currency_name')]#! переживает экономический кризис: в этом году ВВП снизился на [SCOPE.sC('target_country').MakeScope.ScriptValue('GDP_dif_1_final')|%|+=].";"  00_ef_economic_event.101.d:1 ""[SCOPE.sC('target_country').GetCustom('currency_name')]#! переживает экономический кризис: в этом году ВВП снизился на [SCOPE.sC('target_country').MakeScope.ScriptValue('GDP_dif_1_final')|%|+=].""";A/незакрытая кавычка
01_ef_event;345;00_ef_economic_event.102.t;Финансовый крах в [SCOPE.sC('target_country').GetName];Финансовый крах в [SCOPE.sC('target_country').GetAltName('RU_CL_PP')];B/предложный
01_ef_event;346;00_ef_economic_event.102.d;#T [SCOPE.sC('target_country').GetCustom('stock_exchange_name')]#!, фондовая биржа [SCOPE.sC('target_country').GetName], пережила финансовый крах величиной [SCOPE.sC('target_country').MakeScope.Var('country_indice_value_dif_01').GetValue|%|+=].;#T [SCOPE.sC('target_country').GetCustom('stock_exchange_name')]#!, фондовая биржа [SCOPE.sC('target_country').GetAltName('RU_CL_RP')], пережила финансовый крах величиной [SCOPE.sC('target_country').MakeScope.Var('country_indice_value_dif_01').GetValue|%|+=].;B/родительный
01_ef_event;351;00_ef_economic_event.103.t;Банкротство центрального банка в [SCOPE.sC('target_country').GetName];Банкротство центрального банка в [SCOPE.sC('target_country').GetAltName('RU_CL_PP')];B/предложный
01_ef_event;352;00_ef_economic_event.103.d;Центральный банк [SCOPE.sC('target_country').GetName] обанкротился, что привело к существенной утрате доверия к его валюте.;Центральный банк [SCOPE.sC('target_country').GetAltName('RU_CL_RP')] обанкротился, что привело к существенной утрате доверия к его валюте.;B/родительный
01_ef_event;358;00_ef_economic_event.104.d;После многих лет борьбы с хронически дефицитным бюджетом [SCOPE.sC('target_country').GetName] объявила дефолт по своему долгу.;После многих лет борьбы с хронически дефицитным бюджетом [SCOPE.sC('target_country').GetName] объявил[SCOPE.sC('target_country').GetAltNameNoFormatting('RU_CL_END_FEM')] дефолт по своему долгу.;B/род глагола
01_ef_event;374;notification_00_ef_economic_event_26_message_name;Введение биметаллического стандарта в [SCOPE.sC('target_country').GetName];Введение биметаллического стандарта в [SCOPE.sC('target_country').GetAltName('RU_CL_PP')];B/предложный
01_ef_event;375;notification_00_ef_economic_event_26_message_desc;Стремясь укрепить денежную стабильность, [SCOPE.sC('target_country').GetName] приняла ряд финансовых мер, вводящих #b биметаллический стандарт#! и дающих полный размен национальной валюты как на #b золото#!, так и на #b серебро#!.;Стремясь укрепить денежную стабильность, [SCOPE.sC('target_country').GetName] принял[SCOPE.sC('target_country').GetAltNameNoFormatting('RU_CL_END_FEM')] ряд финансовых мер, вводящих #b биметаллический стандарт#! и дающих полный размен национальной валюты как на #b золото#!, так и на #b серебро#!.;B/род глагола
01_ef_event;378;notification_00_ef_economic_event_27_message_name;Введение золотого стандарта в [SCOPE.sC('target_country').GetName];Введение золотого стандарта в [SCOPE.sC('target_country').GetAltName('RU_CL_PP')];B/предложный
01_ef_event;379;notification_00_ef_economic_event_27_message_desc;Стремясь укрепить денежную стабильность и полнее встроиться в международные финансовые рынки, [SCOPE.sC('target_country').GetName] приняла новое финансовое законодательство, вводящее #b золотой стандарт#!.;Стремясь укрепить денежную стабильность и полнее встроиться в международные финансовые рынки, [SCOPE.sC('target_country').GetName] принял[SCOPE.sC('target_country').GetAltNameNoFormatting('RU_CL_END_FEM')] новое финансовое законодательство, вводящее #b золотой стандарт#!.;B/род глагола
01_ef_event;383;notification_00_ef_economic_event_31_message_desc;Парламент [SCOPE.sC('target_country').GetName] провёл реформу, #b девальвирующую металлический стандарт страны#! — то есть понижающую законодательно установленное металлическое содержание, обеспечивающее национальную валюту.\n\nОфициальный паритет [SCOPE.sC('target_country').GetCustom('currency_name')] [SCOPE.sC('target_country').GetCustom('currency_symbol')] меняется с #b 1 [SCOPE.sC('target_country').GetCustom('currency_symbol')] = [SCOPE.sC('target_country').MakeScope.Var('money_value_target_1_old').GetValue] [SCOPE.sC('target_country').GetCustom('monetary_system')]#! на #b девальвированный#! уровень #b 1 [SCOPE.sC('target_country').GetCustom('currency_symbol')] = [SCOPE.sC('target_country').MakeScope.Var('money_value_target_1').GetValue] [SCOPE.sC('target_country').GetCustom('monetary_system')]#!.;Парламент [SCOPE.sC('target_country').GetAltName('RU_CL_RP')] провёл реформу, #b девальвирующую металлический стандарт страны#! — то есть понижающую законодательно установленное металлическое содержание, обеспечивающее национальную валюту.\n\nОфициальный паритет [SCOPE.sC('target_country').GetCustom('currency_name')] [SCOPE.sC('target_country').GetCustom('currency_symbol')] меняется с #b 1 [SCOPE.sC('target_country').GetCustom('currency_symbol')] = [SCOPE.sC('target_country').MakeScope.Var('money_value_target_1_old').GetValue] [SCOPE.sC('target_country').GetCustom('monetary_system')]#! на #b девальвированный#! уровень #b 1 [SCOPE.sC('target_country').GetCustom('currency_symbol')] = [SCOPE.sC('target_country').MakeScope.Var('money_value_target_1').GetValue] [SCOPE.sC('target_country').GetCustom('monetary_system')]#!.;B/родительный
01_ef_event;389;notification_00_ef_economic_event_32_message_desc;Парламент [SCOPE.sC('target_country').GetName] провёл реформу, #b ревальвирующую металлический стандарт страны#! — то есть повышающую законодательно установленное металлическое содержание, обеспечивающее национальную валюту.\n\n Официальный паритет [SCOPE.sC('target_country').GetCustom('currency_name')] [SCOPE.sC('target_country').GetCustom('currency_symbol')] растёт с #b 1 [SCOPE.sC('target_country').GetCustom('currency_symbol')] = [SCOPE.sC('target_country').MakeScope.Var('money_value_target_1_old').GetValue] [SCOPE.sC('target_country').GetCustom('monetary_system')]#! до #b ревальвированного#! уровня #b 1 [SCOPE.sC('target_country').GetCustom('currency_symbol')] = [SCOPE.sC('target_country').MakeScope.Var('money_value_target_1').GetValue] [SCOPE.sC('target_country').GetCustom('monetary_system')]#!.;Парламент [SCOPE.sC('target_country').GetAltName('RU_CL_RP')] провёл реформу, #b ревальвирующую металлический стандарт страны#! — то есть повышающую законодательно установленное металлическое содержание, обеспечивающее национальную валюту.\n\n Официальный паритет [SCOPE.sC('target_country').GetCustom('currency_name')] [SCOPE.sC('target_country').GetCustom('currency_symbol')] растёт с #b 1 [SCOPE.sC('target_country').GetCustom('currency_symbol')] = [SCOPE.sC('target_country').MakeScope.Var('money_value_target_1_old').GetValue] [SCOPE.sC('target_country').GetCustom('monetary_system')]#! до #b ревальвированного#! уровня #b 1 [SCOPE.sC('target_country').GetCustom('currency_symbol')] = [SCOPE.sC('target_country').MakeScope.Var('money_value_target_1').GetValue] [SCOPE.sC('target_country').GetCustom('monetary_system')]#!.;B/родительный
01_ef_event;422;notification_00_ef_economic_event_1_message_name;Новый центральный банк и национальная валюта в [SCOPE.sC('target_country').GetName];Новый центральный банк и национальная валюта в [SCOPE.sC('target_country').GetAltName('RU_CL_PP')];B/предложный
01_ef_event;423;notification_00_ef_economic_event_1_message_desc;Правительство [SCOPE.sC('target_country').GetName] официально объявило об учреждении современного центрального банка и о введении новой национальной валюты: [SCOPE.sC('target_country').GetCustom('currency_name')]#! [SCOPE.sC('target_country').GetCustom('currency_symbol')].;Правительство [SCOPE.sC('target_country').GetAltName('RU_CL_RP')] официально объявило об учреждении современного центрального банка и о введении новой национальной валюты: [SCOPE.sC('target_country').GetCustom('currency_name')]#! [SCOPE.sC('target_country').GetCustom('currency_symbol')].;B/родительный
01_ef_goods;58;eco_tuareg_ouguiya_c;Туарегский угия;Туарегская угия;C/угия
01_ef_goods;72;gulden_indies_guilder_c;Голландский гульден Ост-Индии;Ост-индский гульден;C/гульден
01_ef_goods;92;lira_scudo_pontificio_c;Понтификский скудо;Папский скудо;C/скудо
01_ef_goods;106;peso_costa_rican_colon_c;Коста-риканский колон;Костариканский колон;C/колон
01_ef_goods;143;spe_yen_c;Йена;Иена;C/иена
01_ef_goods;145;spe_zloti_c;Злоты;Злотый;C/злотый
01_ef_ideologie;15;ideology_monetary_moderate;Умеренные монетаристы;Монетарные умеренные;C/параллельный ряд
01_ef_ideologie;16;ideology_monetary_conservative;Консервативные монетаристы;Монетарные консерваторы;C/параллельный ряд
01_ef_ideologie;20;ideology_monetary_moderate_desc;Выступая за прагматичное управление денежной системой, умеренные монетаристы поддерживают сбалансированную политику, сохраняющую стабильность без приверженности жёстким крайностям. Отдавая предпочтение золотодевизным механизмам и международно согласованным соотношениям, они выступают за гибкую биметаллическую систему, основанную на широко признанных стандартах, таких как соотношение 15:1.;Выступая за прагматичное управление денежной системой, монетарные умеренные поддерживают сбалансированную политику, сохраняющую стабильность без приверженности жёстким крайностям. Отдавая предпочтение золотодевизным механизмам и международно согласованным соотношениям, они выступают за гибкую биметаллическую систему, основанную на широко признанных стандартах, таких как соотношение 15:1.;C/параллельный ряд
01_ef_ideologie;22;ideology_monetary_conservative_desc;Твёрдые защитники ортодоксальных монетарных принципов, консервативные монетаристы выступают за сильные, стабильные валюты, обеспеченные надёжными запасами драгоценных металлов. Они предпочитают золотой стандарт или соотношения с доминированием золота, выступая против серебряных или нерегулируемых систем. Их приоритет — бюджетная дисциплина, предсказуемая чеканка и защита от инфляционных рисков.;Твёрдые защитники ортодоксальных денежных принципов, монетарные консерваторы выступают за сильные, стабильные валюты, обеспеченные надёжными запасами драгоценных металлов. Они предпочитают золотой стандарт или соотношения с доминированием золота, выступая против серебряных или нерегулируемых систем. Их приоритет — бюджетная дисциплина, предсказуемая чеканка и защита от инфляционных рисков.;C/параллельный ряд
01_ef_ideologie;24;ideology_monetary_left_desc;Опираясь на интересы аграриев и широких масс, монетарные популисты продвигают серебряные и экспансионистские денежные политики, призванные облегчить кредит, поддержать должников и стимулировать широкую экономическую активность. Они предпочитают высокие серебряные соотношения и выступают против ограничительной золотой политики, считая гибкое предложение денег необходимым для социального и экономического облегчения.;Опираясь на интересы аграриев и широких масс, монетарные популисты продвигают серебряную и экспансионистскую денежную политику, призванную облегчить доступ к кредиту, поддержать должников и стимулировать широкую экономическую активность. Они предпочитают высокие серебряные соотношения и выступают против ограничительной золотой политики, считая гибкое денежное предложение необходимым для смягчения социальных и экономических тягот.;A/связность
01_ef_je;22;je_group_ef;Экономика и Финансы;Экономика и финансы;A/регистр
01_ef_je;38;financial_center_je_2;Управление финансовой стабильности (FSO);Управление финансовой стабильности (УФС);A/аббревиатура
01_ef_je;39;financial_center_je_2_reason;#l > Стабильность финансового сектора: #! \n\n #b Спекулятивный рынок#! в настоящее время составляет #b [GetPlayer.MakeScope.ScriptValue('fiancial_center_week_balance_in_ratio')|%|]#! национального #b [concept_gdp]#!.\n\nЧем большую долю [concept_gdp] занимает спекулятивный рынок, тем сильнее раздувается спекулятивный пузырь по следующей схеме:\n\n #U - 0–10% → спекулятивное напряжение сильно снижено (−3)\n - 10–20% → напряжение снижается (−2)\n - 20–30% → небольшое снижение (−1)\n - 30–40% → небольшой рост (+1)\n - 40–50% → заметный рост (+2)\n - 50%+ → сильный рост пузыря (+3)#!\n\n#b Текущие последствия:#!\n - Сокращение доступной мощности [concept_construction] (сейчас: [GetPlayer.MakeScope.ScriptValue('speculative_share_1_penality')|D=+] %)\n - Замедление темпа инноваций (сейчас: [GetPlayer.MakeScope.ScriptValue('speculative_share_1_penality')|D=+] %)\n - Снижение целевого [concept_prosperity] для [concept_company] (сейчас: [GetPlayer.MakeScope.ScriptValue('speculative_share_1_penality')|D=+] %)\n - Потеря национального престижа (сейчас: [GetPlayer.MakeScope.ScriptValue('speculative_share_1_penality')|D=+] %)\n\nЕсли пузырь достигнет #b 100%#! заполнения, страну поразит #b крупный финансовый крах#!.\n\n#l > Стабильность строительного сектора: #!\n\n [GetBuildingType('building_ef_private_construction').GetName] отражает общий спрос на проекты [concept_construction] со стороны частных лиц, а также [concept_company] разного размера.\n\n В отличие от мощности государственного [GetBuildingType('building_construction_sector').GetName], мощность [GetBuildingType('building_ef_private_construction').GetName] имеет теоретический предел — совокупный спрос населения на [concept_construction].\n \n Таким образом, существует прямая связь между уровнем [concept_urbanization] штатов страны и её максимальной мощностью [GetBuildingType('building_ef_private_construction').GetName].\n \n [concept_base_rate_percentage], устанавливаемая Центральным банком, выступает множителем, связывающим эти две величины. Следовательно, теоретически максимальная мощность [GetBuildingType('building_ef_private_construction').GetName] страны равна:\n \n #v Суммарный уровень [GetBuildingType('building_urban_center').GetName] × (1 - Ключевая ставка x 10)#!\n \n #lore «Чем выше [concept_base_rate_percentage], тем сильнее сжимается строительный сектор. И наоборот, когда [concept_base_rate_percentage] низка, [GetBuildingType('building_ef_private_construction').GetName] достигает своего максимального потенциала спроса — равного суммарному числу уровней [GetBuildingType('building_urban_center').GetName] во всех штатах.»#! \n \n #b Текущие значения:#!\n - Число [GetBuildingType('building_ef_private_construction').GetName] в стране: #p [GetPlayer.MakeScope.ScriptValue('building_ef_private_construction_lvl')]#!\n - Суммарный уровень [GetBuildingType('building_urban_center').GetName]: #p [GetPlayer.MakeScope.ScriptValue('building_urban_center_lvl')]#!\n - Текущая [concept_base_rate_percentage]: #p [GetPlayer.MakeScope.ScriptValue('base_rate_percentage_decimal')]%#!\n - Теоретический максимум уровня ЧСС: #p [GetPlayer.MakeScope.ScriptValue('building_urban_center_lvl_by_base_rate')]#! #b (т.е. [GetPlayer.MakeScope.ScriptValue('base_rate_to_pcs_factor')|%] от [GetPlayer.MakeScope.ScriptValue('building_urban_center_lvl')])#!\n \n Если суммарное число уровней [GetBuildingType('building_ef_private_construction').GetName] превысит этот теоретический максимум из-за рыночной конъюнктуры, страна попадает в состояние #v перестроенной экономики#!.\n \n Пока длится перестроенная экономика, шкала прогресса растёт на #U +1#! каждый месяц, а её заполнение напрямую определяет отрицательный модификатор к выпуску финансовых продуктов.\n \n И наоборот, пока текущий уровень [GetBuildingType('building_ef_private_construction').GetName] ниже максимального, вы можете попросить частный сектор строить больше в обмен на экономические уступки.;#l > Стабильность финансового сектора: #! \n\n #b Спекулятивный рынок#! в настоящее время составляет #b [GetPlayer.MakeScope.ScriptValue('fiancial_center_week_balance_in_ratio')|%|]#! национального #b [concept_gdp]#!.\n\nЧем большую долю [concept_gdp] занимает спекулятивный рынок, тем сильнее раздувается спекулятивный пузырь по следующей схеме:\n\n #U - 0–10% → спекулятивное напряжение сильно снижено (−3)\n - 10–20% → напряжение снижается (−2)\n - 20–30% → небольшое снижение (−1)\n - 30–40% → небольшой рост (+1)\n - 40–50% → заметный рост (+2)\n - 50%+ → сильный рост пузыря (+3)#!\n\n#b Текущие последствия:#!\n - Сокращение доступной мощности [concept_construction] (сейчас: [GetPlayer.MakeScope.ScriptValue('speculative_share_1_penality')|D=+] %)\n - Замедление темпа инноваций (сейчас: [GetPlayer.MakeScope.ScriptValue('speculative_share_1_penality')|D=+] %)\n - Снижение целевого [concept_prosperity] для [concept_company] (сейчас: [GetPlayer.MakeScope.ScriptValue('speculative_share_1_penality')|D=+] %)\n - Потеря национального престижа (сейчас: [GetPlayer.MakeScope.ScriptValue('speculative_share_1_penality')|D=+] %)\n\nЕсли пузырь достигнет #b 100%#! заполнения, страну поразит #b крупный финансовый крах#!.\n\n#l > Стабильность строительного сектора: #!\n\n [GetBuildingType('building_ef_private_construction').GetName] отражает общий спрос на проекты [concept_construction] со стороны частных лиц, а также [concept_company] разного размера.\n\n В отличие от мощности государственного [GetBuildingType('building_construction_sector').GetName], мощность [GetBuildingType('building_ef_private_construction').GetName] имеет теоретический предел — совокупный спрос населения на [concept_construction].\n \n Таким образом, существует прямая связь между уровнем [concept_urbanization] областей страны и её максимальной мощностью [GetBuildingType('building_ef_private_construction').GetName].\n \n [concept_base_rate_percentage], устанавливаемая Центральным банком, выступает множителем, связывающим эти две величины. Следовательно, теоретически максимальная мощность [GetBuildingType('building_ef_private_construction').GetName] страны равна:\n \n #v Суммарный уровень [GetBuildingType('building_urban_center').GetName] × (1 - Ключевая ставка x 10)#!\n \n #lore «Чем выше [concept_base_rate_percentage], тем сильнее сжимается строительный сектор. И наоборот, когда [concept_base_rate_percentage] низка, [GetBuildingType('building_ef_private_construction').GetName] достигает своего максимального потенциала спроса — равного суммарному числу уровней [GetBuildingType('building_urban_center').GetName] во всех областях.»#! \n \n #b Текущие значения:#!\n - Число [GetBuildingType('building_ef_private_construction').GetName] в стране: #p [GetPlayer.MakeScope.ScriptValue('building_ef_private_construction_lvl')]#!\n - Суммарный уровень [GetBuildingType('building_urban_center').GetName]: #p [GetPlayer.MakeScope.ScriptValue('building_urban_center_lvl')]#!\n - Текущая [concept_base_rate_percentage]: #p [GetPlayer.MakeScope.ScriptValue('base_rate_percentage_decimal')]%#!\n - Теоретический максимум уровня ЧСС: #p [GetPlayer.MakeScope.ScriptValue('building_urban_center_lvl_by_base_rate')]#! #b (т.е. [GetPlayer.MakeScope.ScriptValue('base_rate_to_pcs_factor')|%] от [GetPlayer.MakeScope.ScriptValue('building_urban_center_lvl')])#!\n \n Если суммарное число уровней [GetBuildingType('building_ef_private_construction').GetName] превысит этот теоретический максимум из-за рыночной конъюнктуры, страна попадает в состояние #v перестроенной экономики#!.\n \n Пока длится перестроенная экономика, шкала прогресса растёт на #U +1#! каждый месяц, а её заполнение напрямую определяет отрицательный модификатор к выпуску финансовых продуктов.\n \n И наоборот, пока текущий уровень [GetBuildingType('building_ef_private_construction').GetName] ниже максимального, вы можете попросить частный сектор строить больше в обмен на экономические уступки.;A/штат→область
01_ef_je;111;speculative_share_9_button_desc;Правительство стремится стимулировать частное строительство, снизив базовую ставку. Это приведёт к строительству #b 5 [GetBuildingType('building_ef_private_construction').GetName]#!. Однако чрезмерный рост может привести к риску запуска «Перестроенной экономики».;Правительство стремится стимулировать частное строительство, снизив ключевую ставку. Это приведёт к строительству #b 5 [GetBuildingType('building_ef_private_construction').GetName]#!. Однако чрезмерный рост может привести к риску запуска «Перестроенной экономики».;C/base rate
01_ef_je;115;speculative_share_9_button_tt_effect_1;Базовая ставка будет снижена на #b 1%#! и не может быть изменена в течение #b 1 года#!.;Ключевая ставка будет снижена на #b 1%#! и не может быть изменена в течение #b 1 года#!.;C/base rate
01_ef_je;118;speculative_share_10_button_desc;Правительство стремится стимулировать частное строительство, снизив базовую ставку, что приведёт к строительству #b 10 [GetBuildingType('building_ef_private_construction').GetName]#!. Этот проект создаст денежную массу в размере #b [GetPlayer.MakeScope.ScriptValue('private_bank_funds_proportion_by_psc_10_by_rarity')|D]#! [GetPlayer.GetCustom('global_monetary_reference_currency_good')], что соответствует #b 2%#! средств частных банков, умноженным на коэффициент редкости Сектора частного строительства #b (Rarety Facto:[GetPlayer.MakeScope.ScriptValue('rarity_factor')|D])#!. Чрезмерное денежное расширение может привести к риску дестабилизации валюты и запуску «Перестроенной экономики».;Правительство стремится стимулировать частное строительство, снизив ключевую ставку, что приведёт к строительству #b 10 [GetBuildingType('building_ef_private_construction').GetName]#!. Этот проект создаст денежную массу в размере #b [GetPlayer.MakeScope.ScriptValue('private_bank_funds_proportion_by_psc_10_by_rarity')|D]#! [GetPlayer.GetCustom('global_monetary_reference_currency_good')], что соответствует #b 2%#! средств частных банков, умноженным на коэффициент редкости Сектора частного строительства #b (коэф. редкости: [GetPlayer.MakeScope.ScriptValue('rarity_factor')|D])#!. Чрезмерное денежное расширение может привести к риску дестабилизации валюты и запуску «Перестроенной экономики».;A/непереведено,C/base rate
01_ef_je;122;speculative_share_10_button_tt_effect_1;Базовая ставка будет снижена на #b 2%#! и не может быть изменена в течение #b 1 года#!.;Ключевая ставка будет снижена на #b 2%#! и не может быть изменена в течение #b 1 года#!.;C/base rate
01_ef_je;125;speculative_share_11_button;#b Городской рывок развития #!;#b Кампания городского развития #!;A/связность
01_ef_je;126;speculative_share_11_button_desc;Правительство стремится стимулировать частное строительство, снизив базовую ставку, что приведёт к строительству #b 15 [GetBuildingType('building_ef_private_construction').GetName]#!. Этот проект создаст денежную массу в размере #b [GetPlayer.MakeScope.ScriptValue('private_bank_funds_proportion_by_psc_15_by_rarity')|D]#! [GetPlayer.GetCustom('global_monetary_reference_currency_good')], что соответствует #b 5%#! средств частных банков, умноженным на коэффициент редкости Сектора частного строительства #b (Rarety Facto:[GetPlayer.MakeScope.ScriptValue('rarity_factor')|D])#!. Чрезмерное денежное расширение может привести к риску дестабилизации валюты и запуску «Перестроенной экономики».;Правительство стремится стимулировать частное строительство, снизив ключевую ставку, что приведёт к строительству #b 15 [GetBuildingType('building_ef_private_construction').GetName]#!. Этот проект создаст денежную массу в размере #b [GetPlayer.MakeScope.ScriptValue('private_bank_funds_proportion_by_psc_15_by_rarity')|D]#! [GetPlayer.GetCustom('global_monetary_reference_currency_good')], что соответствует #b 5%#! средств частных банков, умноженным на коэффициент редкости Сектора частного строительства #b (коэф. редкости: [GetPlayer.MakeScope.ScriptValue('rarity_factor')|D])#!. Чрезмерное денежное расширение может привести к риску дестабилизации валюты и запуску «Перестроенной экономики».;A/непереведено,C/base rate
01_ef_je;130;speculative_share_11_button_tt_effect_1;Базовая ставка будет снижена на #b 3%#! и не может быть изменена в течение #b 1 года#!.;Ключевая ставка будет снижена на #b 3%#! и не может быть изменена в течение #b 1 года#!.;C/base rate
01_ef_je;133;speculative_share_12_button;#b Закон об экономике, ведомой строительством #!;#b Закон об экономике, движимой строительством #!;A/связность
01_ef_je;134;speculative_share_12_button_desc;Правительство стремится стимулировать частное строительство, снизив базовую ставку, что приведёт к строительству #b 20 [GetBuildingType('building_ef_private_construction').GetName]#!. Этот проект создаст денежную массу в размере #b [GetPlayer.MakeScope.ScriptValue('private_bank_funds_proportion_by_psc_20_by_rarity')|D]#! [GetPlayer.GetCustom('global_monetary_reference_currency_good')], что соответствует #b 12%#! средств частных банков, умноженным на коэффициент редкости Сектора частного строительства #b (Rarety Facto:[GetPlayer.MakeScope.ScriptValue('rarity_factor')|D])#!. Чрезмерное денежное расширение может привести к риску дестабилизации валюты и запуску «Перестроенной экономики».;Правительство стремится стимулировать частное строительство, снизив ключевую ставку, что приведёт к строительству #b 20 [GetBuildingType('building_ef_private_construction').GetName]#!. Этот проект создаст денежную массу в размере #b [GetPlayer.MakeScope.ScriptValue('private_bank_funds_proportion_by_psc_20_by_rarity')|D]#! [GetPlayer.GetCustom('global_monetary_reference_currency_good')], что соответствует #b 12%#! средств частных банков, умноженным на коэффициент редкости Сектора частного строительства #b (коэф. редкости: [GetPlayer.MakeScope.ScriptValue('rarity_factor')|D])#!. Чрезмерное денежное расширение может привести к риску дестабилизации валюты и запуску «Перестроенной экономики».;A/непереведено,C/base rate
01_ef_je;138;speculative_share_12_button_tt_effect_1;Базовая ставка будет снижена на #b 4%#! и не может быть изменена в течение #b 1 года#!.;Ключевая ставка будет снижена на #b 4%#! и не может быть изменена в течение #b 1 года#!.;C/base rate
01_ef_je;146;status_central_bank_2;После открытия технологии «Валютный стандарт» в разных штатах страны обращаются различные виды банкнот без какой-либо централизованной унификации;После открытия технологии «Валютные стандарты» в разных областях страны обращаются различные виды банкнот без какой-либо централизованной унификации;A/штат→область,C/технология
01_ef_je;184;overbuilt_economy_progress_bar;Прогресс перегретой экономики;Прогресс перестроенной экономики;C/overbuilt
01_ef_je;185;overbuilt_economy_progress_bar_desc;#v Прогресс перегретой экономики: [GetPlayer.MakeScope.Var('speculative_share_2').GetValue]%#!;#v Прогресс перестроенной экономики: [GetPlayer.MakeScope.Var('speculative_share_2').GetValue]%#!;C/overbuilt
01_ef_je;188;speculative_bubble_character_modifier;Персонаж: спекулятивный пузырь;Спекулятивный пузырь (персонаж);A/связность
01_ef_je;189;overbuilt_economy_modifier;Перегретая экономика;Перестроенная экономика;C/overbuilt
01_ef_je;192;speculative_share_modifier_3;Указ об ужесточении кредитно-валютных условий;Указ об ужесточении кредита и валютных операций;C/указ
01_ef_je;193;speculative_share_modifier_4;Чрезвычайный указ о приостановке финансового рынка;Экстренный указ о приостановке финансовых рынков;C/указ
01_ef_je;204;(raw);"  status_speculative_share_2_5:0 ""\n Строительство: #n Бум сверхстроительства#! — частный капитал заполняет строительный сектор.";"  status_speculative_share_2_5:0 ""\n Строительство: #n Бум сверхстроительства#! — частный капитал заполняет строительный сектор.""";A/незакрытая кавычка
01_ef_je;292;silver_crisis_je_1_reason;Резкий обвал мировой цены на серебро, вызванный денежными реформами США 1873 года #v (The Coinage Act of 1873)#!, постепенно дестабилизирует все государства, чьи валюты опираются на #v биметаллизм#! или #v серебряный стандарт#!.\n\nПо мере того как разрыв между официальным паритетом и международной стоимостью серебра растёт, наша денежная система становится всё более уязвимой к арбитражу, оттоку золота и общему падению доверия.\n\nЭта запись журнала отражает развитие этой #v глобальной валютной кризисной ситуации#!: падение стоимости серебра, атаки на национальные резервы, внутреннее политическое давление и последующий рост нестабильности.\n\nПока наша страна сохраняет валюту, основанную на серебре — будь то #v серебряный стандарт#! или #v биметаллический режим#! — мы будем оставаться подвержены этим нарастающим напряжениям.\n\nКонечная цель этого журнала — переход к стабильному #v золотому стандарту#!, который положит конец структурной нестабильности, вызванной обесценением серебра.\n\nЭта запись журнала в настоящее время применяется ко всем государствам, использующим серебро как основу своей денежной системы.;Резкий обвал мировой цены на серебро, вызванный денежными реформами США 1873 года #v «Монетный акт 1873 года»#!, постепенно дестабилизирует все государства, чьи валюты опираются на #v биметаллизм#! или #v серебряный стандарт#!.\n\nПо мере того как разрыв между официальным паритетом и международной стоимостью серебра растёт, наша денежная система становится всё более уязвимой к арбитражу, оттоку золота и общему падению доверия.\n\nЭта запись журнала отражает развитие этой #v глобальной валютной кризисной ситуации#!: падение стоимости серебра, атаки на национальные резервы, внутреннее политическое давление и последующий рост нестабильности.\n\nПока наша страна сохраняет валюту, основанную на серебре — будь то #v серебряный стандарт#! или #v биметаллический режим#! — мы будем оставаться подвержены этим нарастающим напряжениям.\n\nКонечная цель этого журнала — переход к стабильному #v золотому стандарту#!, который положит конец структурной нестабильности, вызванной обесценением серебра.\n\nЭта запись журнала в настоящее время применяется ко всем государствам, использующим серебро как основу своей денежной системы.;C/термин
01_ef_je;294;silver_crisis_je_1_desc.1;В США был принят Coinage Act 1873 года;В США был принят Монетный акт 1873 года;C/термин
01_ef_je;325;speculative_share_5_button_tt_effect_1;- Начинает строительство 5 ур. [GetBuildingType('building_financial_centre').GetName] в случайном штате как частное строительство\n- Блокирует расширение [GetBuildingType('building_financial_centre').GetName] на 12 месяцев\n- Даёт модификатор [GetStaticModifier('down_base_rate').GetName|v] на 12 месяцев;- Начинает строительство 5 ур. [GetBuildingType('building_financial_centre').GetName] в случайной области как частное строительство\n- Блокирует расширение [GetBuildingType('building_financial_centre').GetName] на 12 месяцев\n- Даёт модификатор [GetStaticModifier('down_base_rate').GetName|v] на 12 месяцев;A/штат→область
01_ef_je;327;speculative_share_6_button_tt_effect_1;- Начинает строительство 10 ур. [GetBuildingType('building_financial_centre').GetName] в случайном штате как частное строительство\n- Блокирует расширение [GetBuildingType('building_financial_centre').GetName] на 12 месяцев\n- Даёт модификатор [GetStaticModifier('down_base_rate').GetName|v] на 12 месяцев;- Начинает строительство 10 ур. [GetBuildingType('building_financial_centre').GetName] в случайной области как частное строительство\n- Блокирует расширение [GetBuildingType('building_financial_centre').GetName] на 12 месяцев\n- Даёт модификатор [GetStaticModifier('down_base_rate').GetName|v] на 12 месяцев;A/штат→область
01_ef_je;329;speculative_share_7_button_tt_effect_1;- Начинает строительство 15 ур. [GetBuildingType('building_financial_centre').GetName] в случайном штате как частное строительство\n- Блокирует расширение [GetBuildingType('building_financial_centre').GetName] на 12 месяцев\n- Даёт модификатор [GetStaticModifier('down_base_rate').GetName|v] на 12 месяцев;- Начинает строительство 15 ур. [GetBuildingType('building_financial_centre').GetName] в случайной области как частное строительство\n- Блокирует расширение [GetBuildingType('building_financial_centre').GetName] на 12 месяцев\n- Даёт модификатор [GetStaticModifier('down_base_rate').GetName|v] на 12 месяцев;A/штат→область
01_ef_je;331;speculative_share_8_button_tt_effect_1;- Начинает строительство 20 ур. [GetBuildingType('building_financial_centre').GetName] в случайном штате как частное строительство\n- Блокирует расширение [GetBuildingType('building_financial_centre').GetName] на 12 месяцев\n- Даёт модификатор [GetStaticModifier('down_base_rate').GetName|v] на 12 месяцев;- Начинает строительство 20 ур. [GetBuildingType('building_financial_centre').GetName] в случайной области как частное строительство\n- Блокирует расширение [GetBuildingType('building_financial_centre').GetName] на 12 месяцев\n- Даёт модификатор [GetStaticModifier('down_base_rate').GetName|v] на 12 месяцев;A/штат→область
01_ef_je;334;speculative_share_9_button_tt_effect_1_1;- Строит 5 [GetBuildingType('building_ef_private_construction').GetName] в случайном штате\n- Блокирует расширение [GetBuildingType('building_ef_private_construction').GetName] на 12 месяцев\n- $speculative_share_9_button_tt_effect_1$\n- [GetPlayer.GetName] получает [GetStaticModifier('down_base_rate').GetName|v] на 12 месяцев\n- [GetPlayer.GetName] получает [GetStaticModifier('speculative_share_modifier_5').GetName|v] на 12 месяцев\n- [GetPlayer.GetName] получает [GetStaticModifier('speculative_share_modifier_6').GetName|v] на 12 месяцев;- Строит 5 [GetBuildingType('building_ef_private_construction').GetName] в случайной области\n- Блокирует расширение [GetBuildingType('building_ef_private_construction').GetName] на 12 месяцев\n- $speculative_share_9_button_tt_effect_1$\n- [GetPlayer.GetName] получает [GetStaticModifier('down_base_rate').GetName|v] на 12 месяцев\n- [GetPlayer.GetName] получает [GetStaticModifier('speculative_share_modifier_5').GetName|v] на 12 месяцев\n- [GetPlayer.GetName] получает [GetStaticModifier('speculative_share_modifier_6').GetName|v] на 12 месяцев;A/штат→область
01_ef_je;336;speculative_share_10_button_tt_effect_1_1;- Строит 10 [GetBuildingType('building_ef_private_construction').GetName] в случайном штате\n- Блокирует расширение [GetBuildingType('building_ef_private_construction').GetName] на 12 месяцев\n- $speculative_share_10_button_tt_effect_1$\n- $speculative_share_10_button_tt_effect_2$\n- [GetPlayer.GetName] получает [GetStaticModifier('down_base_rate').GetName|v] на 12 месяцев\n- [GetPlayer.GetName] получает [GetStaticModifier('speculative_share_modifier_5').GetName|v] на 12 месяцев\n- [GetPlayer.GetName] получает [GetStaticModifier('speculative_share_modifier_6').GetName|v] на 12 месяцев;- Строит 10 [GetBuildingType('building_ef_private_construction').GetName] в случайной области\n- Блокирует расширение [GetBuildingType('building_ef_private_construction').GetName] на 12 месяцев\n- $speculative_share_10_button_tt_effect_1$\n- $speculative_share_10_button_tt_effect_2$\n- [GetPlayer.GetName] получает [GetStaticModifier('down_base_rate').GetName|v] на 12 месяцев\n- [GetPlayer.GetName] получает [GetStaticModifier('speculative_share_modifier_5').GetName|v] на 12 месяцев\n- [GetPlayer.GetName] получает [GetStaticModifier('speculative_share_modifier_6').GetName|v] на 12 месяцев;A/штат→область
01_ef_je;338;speculative_share_11_button_tt_effect_1_1;- Строит 15 [GetBuildingType('building_ef_private_construction').GetName] в случайном штате\n- Блокирует расширение [GetBuildingType('building_ef_private_construction').GetName] на 12 месяцев\n- $speculative_share_11_button_tt_effect_1$\n- $speculative_share_11_button_tt_effect_2$\n- [GetPlayer.GetName] получает [GetStaticModifier('down_base_rate').GetName|v] на 12 месяцев\n- [GetPlayer.GetName] получает [GetStaticModifier('speculative_share_modifier_5').GetName|v] на 12 месяцев\n- [GetPlayer.GetName] получает [GetStaticModifier('speculative_share_modifier_6').GetName|v] на 12 месяцев;- Строит 15 [GetBuildingType('building_ef_private_construction').GetName] в случайной области\n- Блокирует расширение [GetBuildingType('building_ef_private_construction').GetName] на 12 месяцев\n- $speculative_share_11_button_tt_effect_1$\n- $speculative_share_11_button_tt_effect_2$\n- [GetPlayer.GetName] получает [GetStaticModifier('down_base_rate').GetName|v] на 12 месяцев\n- [GetPlayer.GetName] получает [GetStaticModifier('speculative_share_modifier_5').GetName|v] на 12 месяцев\n- [GetPlayer.GetName] получает [GetStaticModifier('speculative_share_modifier_6').GetName|v] на 12 месяцев;A/штат→область
01_ef_je;340;speculative_share_12_button_tt_effect_1_1;- Строит 20 [GetBuildingType('building_ef_private_construction').GetName] в случайном штате\n- Блокирует расширение [GetBuildingType('building_ef_private_construction').GetName] на 12 месяцев\n- $speculative_share_12_button_tt_effect_1$\n- $speculative_share_12_button_tt_effect_2$\n- [GetPlayer.GetName] получает [GetStaticModifier('down_base_rate').GetName|v] на 12 месяцев\n- [GetPlayer.GetName] получает [GetStaticModifier('speculative_share_modifier_5').GetName|v] на 12 месяцев\n- [GetPlayer.GetName] получает [GetStaticModifier('speculative_share_modifier_6').GetName|v] на 12 месяцев;- Строит 20 [GetBuildingType('building_ef_private_construction').GetName] в случайной области\n- Блокирует расширение [GetBuildingType('building_ef_private_construction').GetName] на 12 месяцев\n- $speculative_share_12_button_tt_effect_1$\n- $speculative_share_12_button_tt_effect_2$\n- [GetPlayer.GetName] получает [GetStaticModifier('down_base_rate').GetName|v] на 12 месяцев\n- [GetPlayer.GetName] получает [GetStaticModifier('speculative_share_modifier_5').GetName|v] на 12 месяцев\n- [GetPlayer.GetName] получает [GetStaticModifier('speculative_share_modifier_6').GetName|v] на 12 месяцев;A/штат→область
01_ef_je;343;speculative_share_13_button_tt_effect_1_1;Один [GetBuildingType('building_ef_private_construction').GetName] в случайном штате будет полностью демонтирован, что сократит общее число [GetBuildingType('building_ef_private_construction').GetName] в стране.;Один [GetBuildingType('building_ef_private_construction').GetName] в случайной области будет полностью демонтирован, что сократит общее число [GetBuildingType('building_ef_private_construction').GetName] в стране.;A/штат→область
01_ef_je;370;economic_instability_count;(Счёт: #T [GetPlayer.MakeScope.Var('economic_instability_count').GetValue|0]/2#!);(Счётчик: #T [GetPlayer.MakeScope.Var('economic_instability_count').GetValue|0]/2#!);A/смысл
01_ef_je;371;central_bank_bankruptcy_country_count;(Счёт: #T [GetPlayer.MakeScope.Var('central_bank_bankruptcy').GetValue|0]#!);(Счётчик: #T [GetPlayer.MakeScope.Var('central_bank_bankruptcy').GetValue|0]#!);A/смысл
01_ef_je;372;currency_crisis_country_count;(Счёт: #T [GetPlayer.MakeScope.Var('currency_crisis').GetValue|0]#!);(Счётчик: #T [GetPlayer.MakeScope.Var('currency_crisis').GetValue|0]#!);A/смысл
01_ef_je;373;economic_crisis_country_count;(Счёт: #T [GetPlayer.MakeScope.Var('economic_crisis').GetValue|0]#!);(Счётчик: #T [GetPlayer.MakeScope.Var('economic_crisis').GetValue|0]#!);A/смысл
01_ef_je;374;financial_crash_country_count;(Счёт: #T [GetPlayer.MakeScope.Var('financial_crash').GetValue|0]#!);(Счётчик: #T [GetPlayer.MakeScope.Var('financial_crash').GetValue|0]#!);A/смысл
01_ef_je;375;country_bankruptcy_count;(Счёт: #T [GetPlayer.MakeScope.Var('country_bankruptcy').GetValue|0]#!);(Счётчик: #T [GetPlayer.MakeScope.Var('country_bankruptcy').GetValue|0]#!);A/смысл
01_ef_law;25;law_no_monetary_policy;Без монетарной\nполитики;Без денежной\nполитики;C/термин
01_ef_law;34;law_revaluation_desc;Увеличение стоимости национальной валюты по отношению к золоту.;Повышение стоимости национальной валюты по отношению к золоту.;C/стиль
01_ef_law;36;law_large_monetary_policy_desc;Центральному банку предоставляются широкие полномочия для вмешательства в денежную политику, позволяющие проводить масштабное расширение или сокращение денежной массы. Такие полномочия дают правительству возможность решительно реагировать на экономические кризисы, стимулировать рост, финансировать чрезвычайные расходы или стабилизировать национальную валюту, когда это необходимо. Группы интересов охотнее поддерживают принятие этого закона, если доля металлических резервов центрального банка опускается ниже 75% или поднимается выше 125%.;Центральному банку предоставляются широкие полномочия для вмешательства в денежную сферу, позволяющие проводить масштабное расширение или сокращение денежной массы. Такие полномочия дают правительству возможность решительно реагировать на экономические кризисы, стимулировать рост, финансировать чрезвычайные расходы или стабилизировать национальную валюту, когда это необходимо. Заинтересованные группы охотнее поддерживают принятие этого закона, если доля металлических резервов центрального банка опускается ниже 75% или поднимается выше 125%.;C/термин
01_ef_law;48;law_bimetallism_standard;Биметаллизм;Биметаллический стандарт;C/термин
01_ef_law;111;law_eco_tuareg_ouguiya_currency;Туарегский угия;Туарегская угия;C/угия
01_ef_law;125;law_gulden_indies_guilder_currency;Голландский гульден Ост-Индии;Ост-индский гульден;C/гульден
01_ef_law;145;law_lira_scudo_pontificio_currency;Понтификский скудо;Папский скудо;C/скудо
01_ef_law;159;law_peso_costa_rican_colon_currency;Коста-риканский колон;Костариканский колон;C/колон
01_ef_law;190;law_spe_korean_won_currency;Вона;Корейская вона;C/термин
01_ef_law;196;law_spe_yen_currency;Йена;Иена;C/иена
01_ef_law;198;law_spe_zloti_currency;Злоты;Злотый;C/злотый
01_ef_law;207;law_dinar_currency_desc;Сильному государству - сильная валюта.;Сильному государству — сильная валюта.;A/тире
01_ef_law;208;law_dinar_algerian_dinar_currency_desc;Сильному государству - сильная валюта.;Сильному государству — сильная валюта.;A/тире
01_ef_law;209;law_dinar_iraqi_dinar_currency_desc;Сильному государству - сильная валюта.;Сильному государству — сильная валюта.;A/тире
01_ef_law;210;law_dinar_libyan_dinar_currency_desc;Сильному государству - сильная валюта.;Сильному государству — сильная валюта.;A/тире
01_ef_law;211;law_dinar_moroccan_dirham_currency_desc;Сильному государству - сильная валюта.;Сильному государству — сильная валюта.;A/тире
01_ef_law;212;law_dinar_omanian_rial_currency_desc;Сильному государству - сильная валюта.;Сильному государству — сильная валюта.;A/тире
01_ef_law;213;law_dinar_qiran_currency_desc;Сильному государству - сильная валюта.;Сильному государству — сильная валюта.;A/тире
01_ef_law;214;law_dinar_saudi_riyal_currency_desc;Сильному государству - сильная валюта.;Сильному государству — сильная валюта.;A/тире
01_ef_law;215;law_dinar_serbian_dinar_currency_desc;Сильному государству - сильная валюта.;Сильному государству — сильная валюта.;A/тире
01_ef_law;216;law_dinar_tunisian_dinar_currency_desc;Сильному государству - сильная валюта.;Сильному государству — сильная валюта.;A/тире
01_ef_law;217;law_dinar_yugoslav_dinar_currency_desc;Сильному государству - сильная валюта.;Сильному государству — сильная валюта.;A/тире
01_ef_law;218;law_dollar_australian_dollar_currency_desc;Сильному государству - сильная валюта.;Сильному государству — сильная валюта.;A/тире
01_ef_law;219;law_dollar_canadian_dollar_currency_desc;Сильному государству - сильная валюта.;Сильному государству — сильная валюта.;A/тире
01_ef_law;220;law_dollar_caribbean_dollar_currency_desc;Сильному государству - сильная валюта.;Сильному государству — сильная валюта.;A/тире
01_ef_law;221;law_dollar_confederate_states_dollar_currency_desc;Сильному государству - сильная валюта.;Сильному государству — сильная валюта.;A/тире
01_ef_law;222;law_dollar_liberian_dollar_currency_desc;Сильному государству - сильная валюта.;Сильному государству — сильная валюта.;A/тире
01_ef_law;223;law_dollar_new_zealand_dollar_currency_desc;Сильному государству - сильная валюта.;Сильному государству — сильная валюта.;A/тире
01_ef_law;224;law_dollar_sierra_leonean_dollar_currency_desc;Сильному государству - сильная валюта.;Сильному государству — сильная валюта.;A/тире
01_ef_law;225;law_dollar_united_states_dollar_currency_desc;Сильному государству - сильная валюта.;Сильному государству — сильная валюта.;A/тире
01_ef_law;226;law_eco_ariary_currency_desc;Сильному государству - сильная валюта.;Сильному государству — сильная валюта.;A/тире
01_ef_law;227;law_eco_central_african_eco_currency_desc;Сильному государству - сильная валюта.;Сильному государству — сильная валюта.;A/тире
01_ef_law;228;law_eco_east_african_eco_currency_desc;Сильному государству - сильная валюта.;Сильному государству — сильная валюта.;A/тире
01_ef_law;229;law_eco_ethiopian_birr_currency_desc;Сильному государству - сильная валюта.;Сильному государству — сильная валюта.;A/тире
01_ef_law;230;law_eco_ghanaian_pound_currency_desc;Сильному государству - сильная валюта.;Сильному государству — сильная валюта.;A/тире
01_ef_law;231;law_eco_nigerian_naira_currency_desc;Сильному государству - сильная валюта.;Сильному государству — сильная валюта.;A/тире
01_ef_law;232;law_eco_south_african_rand_currency_desc;Сильному государству - сильная валюта.;Сильному государству — сильная валюта.;A/тире
01_ef_law;233;law_eco_tuareg_ouguiya_currency_desc;Сильному государству - сильная валюта.;Сильному государству — сильная валюта.;A/тире
01_ef_law;234;law_eco_west_african_eco_currency_desc;Сильному государству - сильная валюта.;Сильному государству — сильная валюта.;A/тире
01_ef_law;235;law_franc_belgian_franc_currency_desc;Сильному государству - сильная валюта.;Сильному государству — сильная валюта.;A/тире
01_ef_law;236;law_franc_french_franc_currency_desc;Сильному государству - сильная валюта.;Сильному государству — сильная валюта.;A/тире
01_ef_law;237;law_franc_luxembourgish_franc_currency_desc;Сильному государству - сильная валюта.;Сильному государству — сильная валюта.;A/тире
01_ef_law;238;law_franc_swiss_franc_currency_desc;Сильному государству - сильная валюта.;Сильному государству — сильная валюта.;A/тире
01_ef_law;239;law_gulden_currency_desc;Сильному государству - сильная валюта.;Сильному государству — сильная валюта.;A/тире
01_ef_law;240;law_gulden_bavarian_gulden_currency_desc;Сильному государству - сильная валюта.;Сильному государству — сильная валюта.;A/тире
01_ef_law;241;law_gulden_florin_currency_desc;Сильному государству - сильная валюта.;Сильному государству — сильная валюта.;A/тире
01_ef_law;242;law_gulden_hungarian_forint_currency_desc;Сильному государству - сильная валюта.;Сильному государству — сильная валюта.;A/тире
01_ef_law;243;law_gulden_indies_guilder_currency_desc;Сильному государству - сильная валюта.;Сильному государству — сильная валюта.;A/тире
01_ef_law;244;law_gulden_south_german_gulden_currency_desc;Сильному государству - сильная валюта.;Сильному государству — сильная валюта.;A/тире
01_ef_law;245;law_krone_czech_koruna_currency_desc;Сильному государству - сильная валюта.;Сильному государству — сильная валюта.;A/тире
01_ef_law;246;law_krone_danish_krone_currency_desc;Сильному государству - сильная валюта.;Сильному государству — сильная валюта.;A/тире
01_ef_law;247;law_krone_estonian_kroon_currency_desc;Сильному государству - сильная валюта.;Сильному государству — сильная валюта.;A/тире
01_ef_law;248;law_krone_icelandic_krona_currency_desc;Сильному государству - сильная валюта.;Сильному государству — сильная валюта.;A/тире
01_ef_law;249;law_krone_norwegian_krone_currency_desc;Сильному государству - сильная валюта.;Сильному государству — сильная валюта.;A/тире
01_ef_law;250;law_krone_slovak_koruna_currency_desc;Сильному государству - сильная валюта.;Сильному государству — сильная валюта.;A/тире
01_ef_law;251;law_krone_swedish_krona_currency_desc;Сильному государству - сильная валюта.;Сильному государству — сильная валюта.;A/тире
01_ef_law;252;law_leon_leu_currency_desc;Сильному государству - сильная валюта.;Сильному государству — сильная валюта.;A/тире
01_ef_law;253;law_leon_lev_currency_desc;Сильному государству - сильная валюта.;Сильному государству — сильная валюта.;A/тире
01_ef_law;254;law_lira_currency_desc;Сильному государству - сильная валюта.;Сильному государству — сильная валюта.;A/тире
01_ef_law;255;law_lira_ducato_currency_desc;Сильному государству - сильная валюта.;Сильному государству — сильная валюта.;A/тире
01_ef_law;256;law_lira_ottoman_lira_currency_desc;Сильному государству - сильная валюта.;Сильному государству — сильная валюта.;A/тире
01_ef_law;257;law_lira_scudo_pontificio_currency_desc;Сильному государству - сильная валюта.;Сильному государству — сильная валюта.;A/тире
01_ef_law;258;law_lira_scudo_sardo_currency_desc;Сильному государству - сильная валюта.;Сильному государству — сильная валюта.;A/тире
01_ef_law;259;law_lira_toscane_lira_currency_desc;Сильному государству - сильная валюта.;Сильному государству — сильная валюта.;A/тире
01_ef_law;260;law_mark_currency_desc;Сильному государству - сильная валюта.;Сильному государству — сильная валюта.;A/тире
01_ef_law;261;law_mark_finnish_markka_currency_desc;Сильному государству - сильная валюта.;Сильному государству — сильная валюта.;A/тире
01_ef_law;262;law_peso_currency_desc;Сильному государству - сильная валюта.;Сильному государству — сильная валюта.;A/тире
01_ef_law;263;law_peso_argentine_peso_currency_desc;Сильному государству - сильная валюта.;Сильному государству — сильная валюта.;A/тире
01_ef_law;264;law_peso_bolivien_peso_currency_desc;Сильному государству - сильная валюта.;Сильному государству — сильная валюта.;A/тире
01_ef_law;265;law_peso_chilean_peso_currency_desc;Сильному государству - сильная валюта.;Сильному государству — сильная валюта.;A/тире
01_ef_law;266;law_peso_colombian_peso_currency_desc;Сильному государству - сильная валюта.;Сильному государству — сильная валюта.;A/тире
01_ef_law;267;law_peso_costa_rican_colon_currency_desc;Сильному государству - сильная валюта.;Сильному государству — сильная валюта.;A/тире
01_ef_law;268;law_peso_cuban_peso_currency_desc;Сильному государству - сильная валюта.;Сильному государству — сильная валюта.;A/тире
01_ef_law;269;law_peso_ecuadorian_peso_currency_desc;Сильному государству - сильная валюта.;Сильному государству — сильная валюта.;A/тире
01_ef_law;270;law_peso_el_salvador_colon_currency_desc;Сильному государству - сильная валюта.;Сильному государству — сильная валюта.;A/тире
01_ef_law;271;law_peso_guatemalan_quetzal_currency_desc;Сильному государству - сильная валюта.;Сильному государству — сильная валюта.;A/тире
01_ef_law;272;law_peso_honduran_lempira_currency_desc;Сильному государству - сильная валюта.;Сильному государству — сильная валюта.;A/тире
01_ef_law;273;law_peso_mexican_peso_currency_desc;Сильному государству - сильная валюта.;Сильному государству — сильная валюта.;A/тире
01_ef_law;274;law_peso_nicaraguan_cordoba_currency_desc;Сильному государству - сильная валюта.;Сильному государству — сильная валюта.;A/тире
01_ef_law;275;law_peso_paraguayan_peso_currency_desc;Сильному государству - сильная валюта.;Сильному государству — сильная валюта.;A/тире
01_ef_law;276;law_peso_philippine_peso_currency_desc;Сильному государству - сильная валюта.;Сильному государству — сильная валюта.;A/тире
01_ef_law;277;law_peso_sol_de_oro_currency_desc;Сильному государству - сильная валюта.;Сильному государству — сильная валюта.;A/тире
01_ef_law;278;law_peso_uruguayan_peso_currency_desc;Сильному государству - сильная валюта.;Сильному государству — сильная валюта.;A/тире
01_ef_law;279;law_peso_venezuelan_peso_currency_desc;Сильному государству - сильная валюта.;Сильному государству — сильная валюта.;A/тире
01_ef_law;280;law_pound_egyptian_pound_currency_desc;Сильному государству - сильная валюта.;Сильному государству — сильная валюта.;A/тире
01_ef_law;281;law_pound_irish_pound_currency_desc;Сильному государству - сильная валюта.;Сильному государству — сильная валюта.;A/тире
01_ef_law;282;law_pound_sterling_currency_desc;Сильному государству - сильная валюта.;Сильному государству — сильная валюта.;A/тире
01_ef_law;283;law_real_currency_desc;Сильному государству - сильная валюта.;Сильному государству — сильная валюта.;A/тире
01_ef_law;284;law_real_brazilian_real_currency_desc;Сильному государству - сильная валюта.;Сильному государству — сильная валюта.;A/тире
01_ef_law;285;law_rupee_indian_rupee_currency_desc;Сильному государству - сильная валюта.;Сильному государству — сильная валюта.;A/тире
01_ef_law;286;law_rupee_indonesian_rupiah_currency_desc;Сильному государству - сильная валюта.;Сильному государству — сильная валюта.;A/тире
01_ef_law;287;law_spe_baht_currency_desc;Сильному государству - сильная валюта.;Сильному государству — сильная валюта.;A/тире
01_ef_law;288;law_spe_dong_currency_desc;Сильному государству - сильная валюта.;Сильному государству — сильная валюта.;A/тире
01_ef_law;289;law_spe_drachma_currency_desc;Сильному государству - сильная валюта.;Сильному государству — сильная валюта.;A/тире
01_ef_law;290;law_spe_korean_won_currency_desc;Сильному государству - сильная валюта.;Сильному государству — сильная валюта.;A/тире
01_ef_law;291;law_spe_latvian_lats_currency_desc;Сильному государству - сильная валюта.;Сильному государству — сильная валюта.;A/тире
01_ef_law;292;law_spe_lithuanian_litas_currency_desc;Сильному государству - сильная валюта.;Сильному государству — сильная валюта.;A/тире
01_ef_law;293;law_spe_peseta_currency_desc;Сильному государству - сильная валюта.;Сильному государству — сильная валюта.;A/тире
01_ef_law;294;law_spe_ruble_currency_desc;Сильному государству - сильная валюта.;Сильному государству — сильная валюта.;A/тире
01_ef_law;295;law_spe_uni_currency_desc;Сильному государству - сильная валюта.;Сильному государству — сильная валюта.;A/тире
01_ef_law;296;law_spe_yen_currency_desc;Сильному государству - сильная валюта.;Сильному государству — сильная валюта.;A/тире
01_ef_law;297;law_spe_yuan_currency_desc;Сильному государству - сильная валюта.;Сильному государству — сильная валюта.;A/тире
01_ef_law;298;law_spe_zloti_currency_desc;Сильному государству - сильная валюта.;Сильному государству — сильная валюта.;A/тире
01_ef_law;299;law_thaler_hannoveraner_thaler_currency_desc;Сильному государству - сильная валюта.;Сильному государству — сильная валюта.;A/тире
01_ef_law;300;law_thaler_prussian_thaler_currency_desc;Сильному государству - сильная валюта.;Сильному государству — сильная валюта.;A/тире
01_ef_law;301;law_thaler_saxon_thaler_currency_desc;Сильному государству - сильная валюта.;Сильному государству — сильная валюта.;A/тире
01_ef_law;313;law_bimetallic_ratio_no_desc;Правительство не устанавливает никакого фиксированного соотношения конверсии между золотом и серебром. Чеканка следует рыночным оценкам, позволяя относительной цене обоих металлов свободно колебаться. Хотя это избегает арбитражных искажений, валюта становится более подверженной волатильности при расхождении цен на металлы.;Правительство не устанавливает фиксированного соотношения обмена между золотом и серебром. Чеканка следует рыночным оценкам, позволяя относительной цене обоих металлов свободно колебаться. Хотя это позволяет избежать арбитражных искажений, валюта становится более подверженной волатильности при расхождении цен на металлы.;A/калька
01_ef_law;315;law_bimetallic_ratio_10_desc;Золото юридически оценивается в десять раз дороже серебра. Это сильно отдает предпочтение золоту перед серебром, стабилизируя валюту ценой вытеснения серебра из обращения. Исторически связано со сторонниками «твёрдых денег»: такое соотношение снижает инфляцию, но может создавать денежный дефицит в периоды нехватки золота.;Золото юридически оценивается в десять раз дороже серебра. Это резко смещает предпочтение в пользу золота, стабилизируя валюту ценой вытеснения серебра из обращения. Исторически соотношение связано со сторонниками «твёрдых денег»: оно снижает инфляцию, но может создавать денежный дефицит в периоды нехватки золота.;A/связность
01_ef_law;317;law_bimetallic_ratio_15_desc;Золото юридически оценивается в пятнадцать раз дороже серебра. Сбалансированное соотношение, близкое к международным нормам, этот подход поддерживает обращение обоих металлов и отражает классический биметаллический стандарт XIX века. Хотя он более стабилен, всё же сохраняется риск арбитража, когда мировые рынки отклоняются от юридического соотношения.;Золото юридически оценивается в пятнадцать раз дороже серебра. Это сбалансированное соотношение, близкое к международным нормам: такой подход поддерживает обращение обоих металлов и отражает классический биметаллический стандарт XIX века. Хотя он более стабилен, риск арбитража сохраняется, когда мировые рынки отклоняются от юридического соотношения.;A/связность
01_ef_law;323;law_external_exchange_standard_desc;Эта денежная система привязывает страну к внешней власти или союзу, требуя принятия валюты, чья паритетность и конвертируемость определяются за пределами её границ. Государство не может свободно корректировать денежно-кредитную политику и должно следовать правилам обмена, требованиям к резервам и правовым стандартам, установленным сюзеренным государством или союзом общей валюты.;Эта денежная система привязывает страну к внешней власти или союзу, требуя принятия валюты, чей паритет и конвертируемость определяются за её пределами. Государство не может свободно корректировать денежно-кредитную политику и должно следовать правилам обмена, требованиям к резервам и правовым стандартам, установленным сюзеренным государством или валютным союзом.;A/грамматика
01_ef_law;353;private_liquidity_provision;Частное предоставление ликвидности;Частное обеспечение ликвидности;A/калька
01_ef_modifier_type;24;modifier_goods_input_gold_add;Затраты товаров: золото;Потребление золота;A/перепутаны input/output в оригинале
01_ef_modifier_type;30;modifier_goods_output_gold_add;Множитель выпуска золота;Производство золота;A/перепутаны input/output в оригинале
01_ef_modifier_type;32;modifier_goods_output_gold_add_desc;Множитель выпуска золота;Производство золота;A/перепутаны input/output в оригинале
01_ef_modifier_type;33;modifier_goods_input_gold_add_desc;Множитель потребления золота;Потребление золота;A/перепутаны input/output в оригинале
01_ef_modifier_type;35;goods_output_silver_add;Выпуск серебра;Производство серебра;A/перепутаны input/output в оригинале
01_ef_modifier_type;37;goods_output_silver_add_desc;Множитель выпуска серебра;Производство серебра;A/перепутаны input/output в оригинале
01_ef_modifier_type;38;goods_input_silver_add_desc;Множитель потребления серебра;Потребление серебра;A/перепутаны input/output в оригинале
01_ef_modifier_type;125;goods_output_bond_add;Множитель потребления Облигаций;Производство облигаций;A/перепутаны input/output в оригинале
01_ef_modifier_type;126;goods_output_bond_add_desc;Множитель выпуска Облигаций;Производство облигаций;A/перепутаны input/output в оригинале
01_ef_modifier_type;127;goods_input_bond_add;Множитель выпуска Облигаций;Потребление облигаций;A/перепутаны input/output в оригинале
01_ef_modifier_type;128;goods_input_bond_add_desc;Множитель потребления Облигаций;Потребление облигаций;A/перепутаны input/output в оригинале
01_ef_modifier_type;129;goods_input_bond_mult;Складирование Облигаций;Накопление облигаций;C/единообразие складирования
01_ef_modifier_type;130;goods_input_bond_mult_desc;Складирование Облигаций;Накопление облигаций;C/единообразие складирования
01_ef_modifier_type;131;goods_output_bond_mult;Выпуск Облигаций;Высвобождение облигаций;C/единообразие складирования
01_ef_modifier_type;132;goods_output_bond_mult_desc;Выпуск Облигаций;Высвобождение облигаций;C/единообразие складирования
01_ef_modifier_type;135;goods_output_agricultural_stock_add;Множитель потребления сельскохозяйственных акций;Производство сельскохозяйственных акций;A/перепутаны input/output в оригинале
01_ef_modifier_type;136;goods_output_agricultural_stock_add_desc;Множитель выпуска сельскохозяйственных акций;Производство сельскохозяйственных акций;A/перепутаны input/output в оригинале
01_ef_modifier_type;137;goods_input_agricultural_stock_add;Множитель выпуска сельскохозяйственных акций;Потребление сельскохозяйственных акций;A/перепутаны input/output в оригинале
01_ef_modifier_type;138;goods_input_agricultural_stock_add_desc;Множитель потребления сельскохозяйственных акций;Потребление сельскохозяйственных акций;A/перепутаны input/output в оригинале
01_ef_modifier_type;139;goods_input_agricultural_stock_mult;Складирование сельскохозяйственных акций;Накопление сельскохозяйственных акций;C/единообразие складирования
01_ef_modifier_type;140;goods_input_agricultural_stock_mult_desc;Складирование сельскохозяйственных акций;Накопление сельскохозяйственных акций;C/единообразие складирования
01_ef_modifier_type;141;goods_output_agricultural_stock_mult;Выпуск сельскохозяйственных акций;Высвобождение сельскохозяйственных акций;C/единообразие складирования
01_ef_modifier_type;142;goods_output_agricultural_stock_mult_desc;Выпуск сельскохозяйственных акций;Высвобождение сельскохозяйственных акций;C/единообразие складирования
01_ef_modifier_type;145;goods_output_railroad_stock_add;Множитель потребления Железнодорожных акций;Производство железнодорожных акций;A/перепутаны input/output в оригинале
01_ef_modifier_type;146;goods_output_railroad_stock_add_desc;Множитель выпуска Железнодорожных акций;Производство железнодорожных акций;A/перепутаны input/output в оригинале
01_ef_modifier_type;147;goods_input_railroad_stock_add;Множитель выпуска Железнодорожных акций;Потребление железнодорожных акций;A/перепутаны input/output в оригинале
01_ef_modifier_type;148;goods_input_railroad_stock_add_desc;Множитель потребления Железнодорожных акций;Потребление железнодорожных акций;A/перепутаны input/output в оригинале
01_ef_modifier_type;149;goods_input_railroad_stock_mult;Складирование Железнодорожных акций;Накопление железнодорожных акций;C/единообразие складирования
01_ef_modifier_type;150;goods_input_railroad_stock_mult_desc;Складирование Железнодорожных акций;Накопление железнодорожных акций;C/единообразие складирования
01_ef_modifier_type;151;goods_output_railroad_stock_mult;Выпуск Железнодорожных акций;Высвобождение железнодорожных акций;C/единообразие складирования
01_ef_modifier_type;152;goods_output_railroad_stock_mult_desc;Выпуск Железнодорожных акций;Высвобождение железнодорожных акций;C/единообразие складирования
01_ef_modifier_type;155;goods_output_manufacture_stock_add;Множитель потребления Промышленных акций;Производство промышленных акций;A/перепутаны input/output в оригинале
01_ef_modifier_type;156;goods_output_manufacture_stock_add_desc;Множитель выпуска Промышленных акций;Производство промышленных акций;A/перепутаны input/output в оригинале
01_ef_modifier_type;157;goods_input_manufacture_stock_add;Множитель выпуска Промышленных акций;Потребление промышленных акций;A/перепутаны input/output в оригинале
01_ef_modifier_type;158;goods_input_manufacture_stock_add_desc;Множитель потребления Промышленных акций;Потребление промышленных акций;A/перепутаны input/output в оригинале
01_ef_modifier_type;159;goods_input_manufacture_stock_mult;Складирование Промышленных акций;Накопление промышленных акций;C/единообразие складирования
01_ef_modifier_type;160;goods_input_manufacture_stock_mult_desc;Складирование Промышленных акций;Накопление промышленных акций;C/единообразие складирования
01_ef_modifier_type;161;goods_output_manufacture_stock_mult;Выпуск Промышленных акций;Высвобождение промышленных акций;C/единообразие складирования
01_ef_modifier_type;162;goods_output_manufacture_stock_mult_desc;Выпуск Промышленных акций;Высвобождение промышленных акций;C/единообразие складирования
01_ef_modifier_type;165;goods_output_mining_stock_add;Множитель потребления Горнодобывающих акций;Производство горнодобывающих акций;A/перепутаны input/output в оригинале
01_ef_modifier_type;166;goods_output_mining_stock_add_desc;Множитель выпуска Горнодобывающих акций;Производство горнодобывающих акций;A/перепутаны input/output в оригинале
01_ef_modifier_type;167;goods_input_mining_stock_add;Множитель выпуска Горнодобывающих акций;Потребление горнодобывающих акций;A/перепутаны input/output в оригинале
01_ef_modifier_type;168;goods_input_mining_stock_add_desc;Множитель потребления Горнодобывающих акций;Потребление горнодобывающих акций;A/перепутаны input/output в оригинале
01_ef_modifier_type;169;goods_input_mining_stock_mult;Складирование Горнодобывающих акций;Накопление горнодобывающих акций;C/единообразие складирования
01_ef_modifier_type;170;goods_input_mining_stock_mult_desc;Складирование Горнодобывающих акций;Накопление горнодобывающих акций;C/единообразие складирования
01_ef_modifier_type;171;goods_output_mining_stock_mult;Выпуск Горнодобывающих акций;Высвобождение горнодобывающих акций;C/единообразие складирования
01_ef_modifier_type;172;goods_output_mining_stock_mult_desc;Выпуск Горнодобывающих акций;Высвобождение горнодобывающих акций;C/единообразие складирования
01_ef_modifier_type;175;goods_output_war_bond_add;Множитель потребления Военных облигаций;Производство военных облигаций;A/перепутаны input/output в оригинале
01_ef_modifier_type;176;goods_output_war_bond_add_desc;Множитель выпуска Военных облигаций;Производство военных облигаций;A/перепутаны input/output в оригинале
01_ef_modifier_type;177;goods_input_war_bond_add;Множитель выпуска Военных облигаций;Потребление военных облигаций;A/перепутаны input/output в оригинале
01_ef_modifier_type;178;goods_input_war_bond_add_desc;Множитель потребления Военных облигаций;Потребление военных облигаций;A/перепутаны input/output в оригинале
01_ef_modifier_type;179;goods_input_war_bond_mult;Складирование Военных облигаций;Накопление военных облигаций;C/единообразие складирования
01_ef_modifier_type;180;goods_input_war_bond_mult_desc;Складирование Военных облигаций;Накопление военных облигаций;C/единообразие складирования
01_ef_modifier_type;181;goods_output_war_bond_mult;Выпуск Военных облигаций;Высвобождение военных облигаций;C/единообразие складирования
01_ef_modifier_type;182;goods_output_war_bond_mult_desc;Выпуск Военных облигаций;Высвобождение военных облигаций;C/единообразие складирования
01_ef_modifier_type;185;goods_output_mutual_funds_add;Множитель выпуска Mutual Funds;Производство взаимных фондов;A/перепутаны input/output в оригинале
01_ef_modifier_type;186;goods_output_mutual_funds_add_desc;Множитель выпуска Mutual Funds;Производство взаимных фондов;A/перепутаны input/output в оригинале
01_ef_modifier_type;187;goods_input_mutual_funds_add;Множитель потребления Mutual Funds;Потребление взаимных фондов;A/перепутаны input/output в оригинале
01_ef_modifier_type;188;goods_input_mutual_funds_add_desc;Множитель потребления Mutual Funds;Потребление взаимных фондов;A/перепутаны input/output в оригинале
01_ef_modifier_type;189;goods_input_mutual_funds_mult;Складирование Mutual Funds;Накопление взаимных фондов;C/единообразие складирования
01_ef_modifier_type;190;goods_input_mutual_funds_mult_desc;Складирование Mutual Funds;Накопление взаимных фондов;C/единообразие складирования
01_ef_modifier_type;191;goods_output_mutual_funds_mult;Выпуск Mutual Funds;Высвобождение взаимных фондов;C/единообразие складирования
01_ef_modifier_type;192;goods_output_mutual_funds_mult_desc;Выпуск Mutual Funds;Высвобождение взаимных фондов;C/единообразие складирования
01_ef_modifier_type;195;goods_output_paper_gold_add;Множитель выпуска Paper Gold;Производство бумажного золота;A/перепутаны input/output в оригинале
01_ef_modifier_type;196;goods_output_paper_gold_add_desc;Множитель выпуска Paper Gold;Производство бумажного золота;A/перепутаны input/output в оригинале
01_ef_modifier_type;197;goods_input_paper_gold_add;Множитель потребления Paper Gold;Потребление бумажного золота;A/перепутаны input/output в оригинале
01_ef_modifier_type;198;goods_input_paper_gold_add_desc;Множитель потребления Paper Gold;Потребление бумажного золота;A/перепутаны input/output в оригинале
01_ef_modifier_type;199;goods_input_paper_gold_mult;Складирование Paper Gold;Накопление бумажного золота;C/единообразие складирования
01_ef_modifier_type;200;goods_input_paper_gold_mult_desc;Складирование Paper Gold;Накопление бумажного золота;C/единообразие складирования
01_ef_modifier_type;201;goods_output_paper_gold_mult;Выпуск Paper Gold;Высвобождение бумажного золота;C/единообразие складирования
01_ef_modifier_type;202;goods_output_paper_gold_mult_desc;Выпуск Paper Gold;Высвобождение бумажного золота;C/единообразие складирования
01_ef_modifier_type;208;modifier_goods_output_grain_add;Множитель потребления зерна;Производство зерна;A/перепутаны input/output в оригинале
01_ef_modifier_type;209;modifier_goods_output_grain_add_desc;Множитель выпуска зерна;Производство зерна;A/перепутаны input/output в оригинале
01_ef_modifier_type;210;modifier_goods_input_grain_add;Множитель выпуска зерна;Потребление зерна;A/перепутаны input/output в оригинале
01_ef_modifier_type;211;modifier_goods_input_grain_add_desc;Множитель потребления зерна;Потребление зерна;A/перепутаны input/output в оригинале
01_ef_modifier_type;212;modifier_goods_input_grain_mult;Складирование зерна;Накопление зерна;C/единообразие складирования
01_ef_modifier_type;213;modifier_goods_input_grain_mult_desc;Складирование зерна;Накопление зерна;C/единообразие складирования
01_ef_modifier_type;214;modifier_goods_output_grain_mult;Выпуск зерна;Высвобождение зерна;C/единообразие складирования
01_ef_modifier_type;215;modifier_goods_output_grain_mult_desc;Выпуск зерна;Высвобождение зерна;C/единообразие складирования
01_ef_modifier_type;217;modifier_goods_output_wood_add;Множитель потребления древесины;Производство древесины;A/перепутаны input/output в оригинале
01_ef_modifier_type;218;modifier_goods_output_wood_add_desc;Множитель выпуска древесины;Производство древесины;A/перепутаны input/output в оригинале
01_ef_modifier_type;219;modifier_goods_input_wood_add;Множитель выпуска древесины;Потребление древесины;A/перепутаны input/output в оригинале
01_ef_modifier_type;220;modifier_goods_input_wood_add_desc;Множитель потребления древесины;Потребление древесины;A/перепутаны input/output в оригинале
01_ef_modifier_type;221;modifier_goods_input_wood_mult;Складирование древесины;Накопление древесины;C/единообразие складирования
01_ef_modifier_type;222;modifier_goods_input_wood_mult_desc;Складирование древесины;Накопление древесины;C/единообразие складирования
01_ef_modifier_type;223;modifier_goods_output_wood_mult;Выпуск древесины;Высвобождение древесины;C/единообразие складирования
01_ef_modifier_type;224;modifier_goods_output_wood_mult_desc;Выпуск древесины;Высвобождение древесины;C/единообразие складирования
01_ef_modifier_type;225;modifier_goods_output_coal_add;Множитель потребления угля;Производство угля;A/перепутаны input/output в оригинале
01_ef_modifier_type;226;modifier_goods_output_coal_add_desc;Множитель выпуска угля;Производство угля;A/перепутаны input/output в оригинале
01_ef_modifier_type;227;modifier_goods_input_coal_add;Множитель выпуска угля;Потребление угля;A/перепутаны input/output в оригинале
01_ef_modifier_type;228;modifier_goods_input_coal_add_desc;Множитель потребления угля;Потребление угля;A/перепутаны input/output в оригинале
01_ef_modifier_type;229;modifier_goods_input_coal_mult;Складирование угля;Накопление угля;C/единообразие складирования
01_ef_modifier_type;230;modifier_goods_input_coal_mult_desc;Складирование угля;Накопление угля;C/единообразие складирования
01_ef_modifier_type;231;modifier_goods_output_coal_mult;Выпуск угля;Высвобождение угля;C/единообразие складирования
01_ef_modifier_type;232;modifier_goods_output_coal_mult_desc;Выпуск угля;Высвобождение угля;C/единообразие складирования
01_ef_modifier_type;233;modifier_goods_output_iron_add;Множитель потребления железа;Производство железа;A/перепутаны input/output в оригинале
01_ef_modifier_type;234;modifier_goods_output_iron_add_desc;Множитель выпуска железа;Производство железа;A/перепутаны input/output в оригинале
01_ef_modifier_type;235;modifier_goods_input_iron_add;Множитель выпуска железа;Потребление железа;A/перепутаны input/output в оригинале
01_ef_modifier_type;236;modifier_goods_input_iron_add_desc;Множитель потребления железа;Потребление железа;A/перепутаны input/output в оригинале
01_ef_modifier_type;237;modifier_goods_input_iron_mult;Складирование железа;Накопление железа;C/единообразие складирования
01_ef_modifier_type;238;modifier_goods_input_iron_mult_desc;Складирование железа;Накопление железа;C/единообразие складирования
01_ef_modifier_type;239;modifier_goods_output_iron_mult;Выпуск железа;Высвобождение железа;C/единообразие складирования
01_ef_modifier_type;240;modifier_goods_output_iron_mult_desc;Выпуск железа;Высвобождение железа;C/единообразие складирования
01_ef_modifier_type;241;modifier_goods_output_sulfur_add;Множитель потребления серы;Производство серы;A/перепутаны input/output в оригинале
01_ef_modifier_type;242;modifier_goods_output_sulfur_add_desc;Множитель выпуска серы;Производство серы;A/перепутаны input/output в оригинале
01_ef_modifier_type;243;modifier_goods_input_sulfur_add;Множитель выпуска серы;Потребление серы;A/перепутаны input/output в оригинале
01_ef_modifier_type;244;modifier_goods_input_sulfur_add_desc;Множитель потребления серы;Потребление серы;A/перепутаны input/output в оригинале
01_ef_modifier_type;245;modifier_goods_input_sulfur_mult;Складирование серы;Накопление серы;C/единообразие складирования
01_ef_modifier_type;246;modifier_goods_input_sulfur_mult_desc;Складирование серы;Накопление серы;C/единообразие складирования
01_ef_modifier_type;247;modifier_goods_output_sulfur_mult;Выпуск серы;Высвобождение серы;C/единообразие складирования
01_ef_modifier_type;248;modifier_goods_output_sulfur_mult_desc;Выпуск серы;Высвобождение серы;C/единообразие складирования
01_ef_modifier_type;249;modifier_goods_output_lead_add;Множитель потребления свинца;Производство свинца;A/перепутаны input/output в оригинале
01_ef_modifier_type;250;modifier_goods_output_lead_add_desc;Множитель выпуска свинца;Производство свинца;A/перепутаны input/output в оригинале
01_ef_modifier_type;251;modifier_goods_input_lead_add;Множитель выпуска свинца;Потребление свинца;A/перепутаны input/output в оригинале
01_ef_modifier_type;252;modifier_goods_input_lead_add_desc;Множитель потребления свинца;Потребление свинца;A/перепутаны input/output в оригинале
01_ef_modifier_type;253;modifier_goods_input_lead_mult;Складирование свинца;Накопление свинца;C/единообразие складирования
01_ef_modifier_type;254;modifier_goods_input_lead_mult_desc;Складирование свинца;Накопление свинца;C/единообразие складирования
01_ef_modifier_type;255;modifier_goods_output_lead_mult;Выпуск свинца;Высвобождение свинца;C/единообразие складирования
01_ef_modifier_type;256;modifier_goods_output_lead_mult_desc;Выпуск свинца;Высвобождение свинца;C/единообразие складирования
01_ef_modifier_type;257;modifier_goods_output_oil_add;Множитель потребления нефти;Производство нефти;A/перепутаны input/output в оригинале
01_ef_modifier_type;258;modifier_goods_output_oil_add_desc;Множитель выпуска нефти;Производство нефти;A/перепутаны input/output в оригинале
01_ef_modifier_type;259;modifier_goods_input_oil_add;Множитель выпуска нефти;Потребление нефти;A/перепутаны input/output в оригинале
01_ef_modifier_type;260;modifier_goods_input_oil_add_desc;Множитель потребления нефти;Потребление нефти;A/перепутаны input/output в оригинале
01_ef_modifier_type;261;modifier_goods_input_oil_mult;Складирование нефти;Накопление нефти;C/единообразие складирования
01_ef_modifier_type;262;modifier_goods_input_oil_mult_desc;Складирование нефти;Накопление нефти;C/единообразие складирования
01_ef_modifier_type;263;modifier_goods_output_oil_mult;Выпуск нефти;Высвобождение нефти;C/единообразие складирования
01_ef_modifier_type;264;modifier_goods_output_oil_mult_desc;Выпуск нефти;Высвобождение нефти;C/единообразие складирования
01_ef_modifier_type;265;modifier_goods_output_dye_add;Множитель потребления красителей;Производство красителей;A/перепутаны input/output в оригинале
01_ef_modifier_type;266;modifier_goods_output_dye_add_desc;Множитель выпуска красителей;Производство красителей;A/перепутаны input/output в оригинале
01_ef_modifier_type;267;modifier_goods_input_dye_add;Множитель выпуска красителей;Потребление красителей;A/перепутаны input/output в оригинале
01_ef_modifier_type;268;modifier_goods_input_dye_add_desc;Множитель потребления красителей;Потребление красителей;A/перепутаны input/output в оригинале
01_ef_modifier_type;269;modifier_goods_input_dye_mult;Складирование красителей;Накопление красителей;C/единообразие складирования
01_ef_modifier_type;270;modifier_goods_input_dye_mult_desc;Складирование красителей;Накопление красителей;C/единообразие складирования
01_ef_modifier_type;271;modifier_goods_output_dye_mult;Выпуск красителей;Высвобождение красителей;C/единообразие складирования
01_ef_modifier_type;272;modifier_goods_output_dye_mult_desc;Выпуск красителей;Высвобождение красителей;C/единообразие складирования
01_ef_modifier_type;273;modifier_goods_output_silk_add;Множитель потребления шелка;Производство шёлка;A/перепутаны input/output в оригинале
01_ef_modifier_type;274;modifier_goods_output_silk_add_desc;Множитель выпуска шелка;Производство шёлка;A/перепутаны input/output в оригинале
01_ef_modifier_type;275;modifier_goods_input_silk_add;Множитель выпуска шелка;Потребление шёлка;A/перепутаны input/output в оригинале
01_ef_modifier_type;276;modifier_goods_input_silk_add_desc;Множитель потребления шелка;Потребление шёлка;A/перепутаны input/output в оригинале
01_ef_modifier_type;277;modifier_goods_input_silk_mult;Складирование шелка;Накопление шёлка;C/единообразие складирования
01_ef_modifier_type;278;modifier_goods_input_silk_mult_desc;Складирование шелка;Накопление шёлка;C/единообразие складирования
01_ef_modifier_type;279;modifier_goods_output_silk_mult;Выпуск шелка;Высвобождение шёлка;C/единообразие складирования
01_ef_modifier_type;280;modifier_goods_output_silk_mult_desc;Выпуск шелка;Высвобождение шёлка;C/единообразие складирования
01_ef_modifier_type;281;modifier_goods_output_rubber_add;Множитель потребления каучука;Производство каучука;A/перепутаны input/output в оригинале
01_ef_modifier_type;282;modifier_goods_output_rubber_add_desc;Множитель выпуска каучука;Производство каучука;A/перепутаны input/output в оригинале
01_ef_modifier_type;283;modifier_goods_input_rubber_add;Множитель выпуска каучука;Потребление каучука;A/перепутаны input/output в оригинале
01_ef_modifier_type;284;modifier_goods_input_rubber_add_desc;Множитель потребления каучука;Потребление каучука;A/перепутаны input/output в оригинале
01_ef_modifier_type;285;modifier_goods_input_rubber_mult;Складирование каучука;Накопление каучука;C/единообразие складирования
01_ef_modifier_type;286;modifier_goods_input_rubber_mult_desc;Складирование каучука;Накопление каучука;C/единообразие складирования
01_ef_modifier_type;287;modifier_goods_output_rubber_mult;Выпуск каучука;Высвобождение каучука;C/единообразие складирования
01_ef_modifier_type;288;modifier_goods_output_rubber_mult_desc;Выпуск каучука;Высвобождение каучука;C/единообразие складирования
01_ef_modifier_type;289;modifier_goods_output_ammunition_add;Множитель потребления боеприпасов;Производство боеприпасов;A/перепутаны input/output в оригинале
01_ef_modifier_type;290;modifier_goods_output_ammunition_add_desc;Множитель выпуска боеприпасов;Производство боеприпасов;A/перепутаны input/output в оригинале
01_ef_modifier_type;291;modifier_goods_input_ammunition_add;Множитель выпуска боеприпасов;Потребление боеприпасов;A/перепутаны input/output в оригинале
01_ef_modifier_type;292;modifier_goods_input_ammunition_add_desc;Множитель потребления боеприпасов;Потребление боеприпасов;A/перепутаны input/output в оригинале
01_ef_modifier_type;293;modifier_goods_input_ammunition_mult;Складирование боеприпасов;Накопление боеприпасов;C/единообразие складирования
01_ef_modifier_type;294;modifier_goods_input_ammunition_mult_desc;Складирование боеприпасов;Накопление боеприпасов;C/единообразие складирования
01_ef_modifier_type;295;modifier_goods_output_ammunition_mult;Выпуск боеприпасов;Высвобождение боеприпасов;C/единообразие складирования
01_ef_modifier_type;296;modifier_goods_output_ammunition_mult_desc;Выпуск боеприпасов;Высвобождение боеприпасов;C/единообразие складирования
01_ef_modifier_type;297;modifier_goods_output_small_arms_add;Множитель потребления стрелкового оружия;Производство стрелкового оружия;A/перепутаны input/output в оригинале
01_ef_modifier_type;298;modifier_goods_output_small_arms_add_desc;Множитель выпуска стрелкового оружия;Производство стрелкового оружия;A/перепутаны input/output в оригинале
01_ef_modifier_type;299;modifier_goods_input_small_arms_add;Множитель выпуска стрелкового оружия;Потребление стрелкового оружия;A/перепутаны input/output в оригинале
01_ef_modifier_type;300;modifier_goods_input_small_arms_add_desc;Множитель потребления стрелкового оружия;Потребление стрелкового оружия;A/перепутаны input/output в оригинале
01_ef_modifier_type;301;modifier_goods_input_small_arms_mult;Складирование стрелкового оружия;Накопление стрелкового оружия;C/единообразие складирования
01_ef_modifier_type;302;modifier_goods_input_small_arms_mult_desc;Складирование стрелкового оружия;Накопление стрелкового оружия;C/единообразие складирования
01_ef_modifier_type;303;modifier_goods_output_small_arms_mult;Выпуск стрелкового оружия;Высвобождение стрелкового оружия;C/единообразие складирования
01_ef_modifier_type;304;modifier_goods_output_small_arms_mult_desc;Выпуск стрелкового оружия;Высвобождение стрелкового оружия;C/единообразие складирования
01_ef_modifier_type;305;modifier_goods_output_artillery_add;Множитель потребления артиллерии;Производство артиллерии;A/перепутаны input/output в оригинале
01_ef_modifier_type;306;modifier_goods_output_artillery_add_desc;Множитель выпуска артиллерии;Производство артиллерии;A/перепутаны input/output в оригинале
01_ef_modifier_type;307;modifier_goods_input_artillery_add;Множитель выпуска артиллерии;Потребление артиллерии;A/перепутаны input/output в оригинале
01_ef_modifier_type;308;modifier_goods_input_artillery_add_desc;Множитель потребления артиллерии;Потребление артиллерии;A/перепутаны input/output в оригинале
01_ef_modifier_type;309;modifier_goods_input_artillery_mult;Складирование артиллерии;Накопление артиллерии;C/единообразие складирования
01_ef_modifier_type;310;modifier_goods_input_artillery_mult_desc;Складирование артиллерии;Накопление артиллерии;C/единообразие складирования
01_ef_modifier_type;311;modifier_goods_output_artillery_mult;Выпуск артиллерии;Высвобождение артиллерии;C/единообразие складирования
01_ef_modifier_type;312;modifier_goods_output_artillery_mult_desc;Выпуск артиллерии;Высвобождение артиллерии;C/единообразие складирования
01_ef_modifier_type;313;modifier_goods_output_tanks_add;Множитель потребления танков;Производство танков;A/перепутаны input/output в оригинале
01_ef_modifier_type;314;modifier_goods_output_tanks_add_desc;Множитель выпуска танков;Производство танков;A/перепутаны input/output в оригинале
01_ef_modifier_type;315;modifier_goods_input_tanks_add;Множитель выпуска танков;Потребление танков;A/перепутаны input/output в оригинале
01_ef_modifier_type;316;modifier_goods_input_tanks_add_desc;Множитель потребления танков;Потребление танков;A/перепутаны input/output в оригинале
01_ef_modifier_type;317;modifier_goods_input_tanks_mult;Складирование танков;Накопление танков;C/единообразие складирования
01_ef_modifier_type;318;modifier_goods_input_tanks_mult_desc;Складирование танков;Накопление танков;C/единообразие складирования
01_ef_modifier_type;319;modifier_goods_output_tanks_mult;Выпуск танков;Высвобождение танков;C/единообразие складирования
01_ef_modifier_type;320;modifier_goods_output_tanks_mult_desc;Выпуск танков;Высвобождение танков;C/единообразие складирования
01_ef_modifier_type;321;modifier_goods_output_aeroplanes_add;Множитель потребления самолётов;Производство самолётов;A/перепутаны input/output в оригинале
01_ef_modifier_type;322;modifier_goods_output_aeroplanes_add_desc;Множитель выпуска самолётов;Производство самолётов;A/перепутаны input/output в оригинале
01_ef_modifier_type;323;modifier_goods_input_aeroplanes_add;Множитель выпуска самолётов;Потребление самолётов;A/перепутаны input/output в оригинале
01_ef_modifier_type;324;modifier_goods_input_aeroplanes_add_desc;Множитель потребления самолётов;Потребление самолётов;A/перепутаны input/output в оригинале
01_ef_modifier_type;325;modifier_goods_input_aeroplanes_mult;Складирование самолётов;Накопление самолётов;C/единообразие складирования
01_ef_modifier_type;326;modifier_goods_input_aeroplanes_mult_desc;Складирование самолётов;Накопление самолётов;C/единообразие складирования
01_ef_modifier_type;327;modifier_goods_output_aeroplanes_mult;Выпуск самолётов;Высвобождение самолётов;C/единообразие складирования
01_ef_modifier_type;328;modifier_goods_output_aeroplanes_mult_desc;Выпуск самолётов;Высвобождение самолётов;C/единообразие складирования
01_ef_modifier_type;329;modifier_goods_output_manowars_add;Множитель потребления линкоров;Производство линкоров;A/перепутаны input/output в оригинале
01_ef_modifier_type;330;modifier_goods_output_manowars_add_desc;Множитель выпуска линкоров;Производство линкоров;A/перепутаны input/output в оригинале
01_ef_modifier_type;331;modifier_goods_input_manowars_add;Множитель выпуска линкоров;Потребление линкоров;A/перепутаны input/output в оригинале
01_ef_modifier_type;332;modifier_goods_input_manowars_add_desc;Множитель потребления линкоров;Потребление линкоров;A/перепутаны input/output в оригинале
01_ef_modifier_type;333;modifier_goods_input_manowars_mult;Складирование линкоров;Накопление линкоров;C/единообразие складирования
01_ef_modifier_type;334;modifier_goods_input_manowars_mult_desc;Складирование линкоров;Накопление линкоров;C/единообразие складирования
01_ef_modifier_type;335;modifier_goods_output_manowars_mult;Выпуск линкоров;Высвобождение линкоров;C/единообразие складирования
01_ef_modifier_type;336;modifier_goods_output_manowars_mult_desc;Выпуск линкоров;Высвобождение линкоров;C/единообразие складирования
01_ef_modifier_type;337;modifier_goods_output_ironclads_add;Множитель потребления броненосцев;Производство броненосцев;A/перепутаны input/output в оригинале
01_ef_modifier_type;338;modifier_goods_output_ironclads_add_desc;Множитель выпуска броненосцев;Производство броненосцев;A/перепутаны input/output в оригинале
01_ef_modifier_type;339;modifier_goods_input_ironclads_add;Множитель выпуска броненосцев;Потребление броненосцев;A/перепутаны input/output в оригинале
01_ef_modifier_type;340;modifier_goods_input_ironclads_add_desc;Множитель потребления броненосцев;Потребление броненосцев;A/перепутаны input/output в оригинале
01_ef_modifier_type;341;modifier_goods_input_ironclads_mult;Складирование броненосцев;Накопление броненосцев;C/единообразие складирования
01_ef_modifier_type;342;modifier_goods_input_ironclads_mult_desc;Складирование броненосцев;Накопление броненосцев;C/единообразие складирования
01_ef_modifier_type;343;modifier_goods_output_ironclads_mult;Выпуск броненосцев;Высвобождение броненосцев;C/единообразие складирования
01_ef_modifier_type;344;modifier_goods_output_ironclads_mult_desc;Выпуск броненосцев;Высвобождение броненосцев;C/единообразие складирования
01_ef_modifier_type;349;goods_output_dinar_c_add;Выпуск валюты;Производство динара;A/сырой ключ вместо названия
01_ef_modifier_type;350;goods_input_dinar_c_add;Потребление валюты;Потребление динара;A/сырой ключ вместо названия
01_ef_modifier_type;351;goods_input_dinar_c_mult;Множитель потребления валюты;Множитель потребления динара;A/сырой ключ вместо названия
01_ef_modifier_type;352;goods_output_dinar_c_mult;Множитель выпуска валюты;Множитель производства динара;A/сырой ключ вместо названия
01_ef_modifier_type;354;goods_output_dinar_algerian_dinar_c_add;Выпуск валюты;Производство алжирского динара;A/сырой ключ вместо названия
01_ef_modifier_type;355;goods_input_dinar_algerian_dinar_c_add;Потребление валюты;Потребление алжирского динара;A/сырой ключ вместо названия
01_ef_modifier_type;356;goods_input_dinar_algerian_dinar_c_mult;Множитель потребления валюты;Множитель потребления алжирского динара;A/сырой ключ вместо названия
01_ef_modifier_type;357;goods_output_dinar_algerian_dinar_c_mult;Множитель выпуска валюты;Множитель производства алжирского динара;A/сырой ключ вместо названия
01_ef_modifier_type;359;goods_output_dinar_iraqi_dinar_c_add;Выпуск валюты;Производство иракского динара;A/сырой ключ вместо названия
01_ef_modifier_type;360;goods_input_dinar_iraqi_dinar_c_add;Потребление валюты;Потребление иракского динара;A/сырой ключ вместо названия
01_ef_modifier_type;361;goods_input_dinar_iraqi_dinar_c_mult;Множитель потребления валюты;Множитель потребления иракского динара;A/сырой ключ вместо названия
01_ef_modifier_type;362;goods_output_dinar_iraqi_dinar_c_mult;Множитель выпуска валюты;Множитель производства иракского динара;A/сырой ключ вместо названия
01_ef_modifier_type;364;goods_output_dinar_libyan_dinar_c_add;Выпуск валюты;Производство ливийского динара;A/сырой ключ вместо названия
01_ef_modifier_type;365;goods_input_dinar_libyan_dinar_c_add;Потребление валюты;Потребление ливийского динара;A/сырой ключ вместо названия
01_ef_modifier_type;366;goods_input_dinar_libyan_dinar_c_mult;Множитель потребления валюты;Множитель потребления ливийского динара;A/сырой ключ вместо названия
01_ef_modifier_type;367;goods_output_dinar_libyan_dinar_c_mult;Множитель выпуска валюты;Множитель производства ливийского динара;A/сырой ключ вместо названия
01_ef_modifier_type;369;goods_output_dinar_moroccan_dirham_c_add;Выпуск валюты;Производство марокканского дирхама;A/сырой ключ вместо названия
01_ef_modifier_type;370;goods_input_dinar_moroccan_dirham_c_add;Потребление валюты;Потребление марокканского дирхама;A/сырой ключ вместо названия
01_ef_modifier_type;371;goods_input_dinar_moroccan_dirham_c_mult;Множитель потребления валюты;Множитель потребления марокканского дирхама;A/сырой ключ вместо названия
01_ef_modifier_type;372;goods_output_dinar_moroccan_dirham_c_mult;Множитель выпуска валюты;Множитель производства марокканского дирхама;A/сырой ключ вместо названия
01_ef_modifier_type;374;goods_output_dinar_omanian_rial_c_add;Выпуск валюты;Производство оманского риала;A/сырой ключ вместо названия
01_ef_modifier_type;375;goods_input_dinar_omanian_rial_c_add;Потребление валюты;Потребление оманского риала;A/сырой ключ вместо названия
01_ef_modifier_type;376;goods_input_dinar_omanian_rial_c_mult;Множитель потребления валюты;Множитель потребления оманского риала;A/сырой ключ вместо названия
01_ef_modifier_type;377;goods_output_dinar_omanian_rial_c_mult;Множитель выпуска валюты;Множитель производства оманского риала;A/сырой ключ вместо названия
01_ef_modifier_type;379;goods_output_dinar_qiran_c_add;Выпуск валюты;Производство кирана;A/сырой ключ вместо названия
01_ef_modifier_type;380;goods_input_dinar_qiran_c_add;Потребление валюты;Потребление кирана;A/сырой ключ вместо названия
01_ef_modifier_type;381;goods_input_dinar_qiran_c_mult;Множитель потребления валюты;Множитель потребления кирана;A/сырой ключ вместо названия
01_ef_modifier_type;382;goods_output_dinar_qiran_c_mult;Множитель выпуска валюты;Множитель производства кирана;A/сырой ключ вместо названия
01_ef_modifier_type;384;goods_output_dinar_saudi_riyal_c_add;Выпуск валюты;Производство саудовского рияла;A/сырой ключ вместо названия
01_ef_modifier_type;385;goods_input_dinar_saudi_riyal_c_add;Потребление валюты;Потребление саудовского рияла;A/сырой ключ вместо названия
01_ef_modifier_type;386;goods_input_dinar_saudi_riyal_c_mult;Множитель потребления валюты;Множитель потребления саудовского рияла;A/сырой ключ вместо названия
01_ef_modifier_type;387;goods_output_dinar_saudi_riyal_c_mult;Множитель выпуска валюты;Множитель производства саудовского рияла;A/сырой ключ вместо названия
01_ef_modifier_type;389;goods_output_dinar_serbian_dinar_c_add;Выпуск валюты;Производство сербского динара;A/сырой ключ вместо названия
01_ef_modifier_type;390;goods_input_dinar_serbian_dinar_c_add;Потребление валюты;Потребление сербского динара;A/сырой ключ вместо названия
01_ef_modifier_type;391;goods_input_dinar_serbian_dinar_c_mult;Множитель потребления валюты;Множитель потребления сербского динара;A/сырой ключ вместо названия
01_ef_modifier_type;392;goods_output_dinar_serbian_dinar_c_mult;Множитель выпуска валюты;Множитель производства сербского динара;A/сырой ключ вместо названия
01_ef_modifier_type;394;goods_output_dinar_tunisian_dinar_c_add;Выпуск валюты;Производство тунисского динара;A/сырой ключ вместо названия
01_ef_modifier_type;395;goods_input_dinar_tunisian_dinar_c_add;Потребление валюты;Потребление тунисского динара;A/сырой ключ вместо названия
01_ef_modifier_type;396;goods_input_dinar_tunisian_dinar_c_mult;Множитель потребления валюты;Множитель потребления тунисского динара;A/сырой ключ вместо названия
01_ef_modifier_type;397;goods_output_dinar_tunisian_dinar_c_mult;Множитель выпуска валюты;Множитель производства тунисского динара;A/сырой ключ вместо названия
01_ef_modifier_type;399;goods_output_dinar_yugoslav_dinar_c_add;Выпуск валюты;Производство югославского динара;A/сырой ключ вместо названия
01_ef_modifier_type;400;goods_input_dinar_yugoslav_dinar_c_add;Потребление валюты;Потребление югославского динара;A/сырой ключ вместо названия
01_ef_modifier_type;401;goods_input_dinar_yugoslav_dinar_c_mult;Множитель потребления валюты;Множитель потребления югославского динара;A/сырой ключ вместо названия
01_ef_modifier_type;402;goods_output_dinar_yugoslav_dinar_c_mult;Множитель выпуска валюты;Множитель производства югославского динара;A/сырой ключ вместо названия
01_ef_modifier_type;404;goods_output_dollar_australian_dollar_c_add;Выпуск валюты;Производство австралийского доллара;A/сырой ключ вместо названия
01_ef_modifier_type;405;goods_input_dollar_australian_dollar_c_add;Потребление валюты;Потребление австралийского доллара;A/сырой ключ вместо названия
01_ef_modifier_type;406;goods_input_dollar_australian_dollar_c_mult;Множитель потребления валюты;Множитель потребления австралийского доллара;A/сырой ключ вместо названия
01_ef_modifier_type;407;goods_output_dollar_australian_dollar_c_mult;Множитель выпуска валюты;Множитель производства австралийского доллара;A/сырой ключ вместо названия
01_ef_modifier_type;409;goods_output_dollar_canadian_dollar_c_add;Выпуск валюты;Производство канадского доллара;A/сырой ключ вместо названия
01_ef_modifier_type;410;goods_input_dollar_canadian_dollar_c_add;Потребление валюты;Потребление канадского доллара;A/сырой ключ вместо названия
01_ef_modifier_type;411;goods_input_dollar_canadian_dollar_c_mult;Множитель потребления валюты;Множитель потребления канадского доллара;A/сырой ключ вместо названия
01_ef_modifier_type;412;goods_output_dollar_canadian_dollar_c_mult;Множитель выпуска валюты;Множитель производства канадского доллара;A/сырой ключ вместо названия
01_ef_modifier_type;414;goods_output_dollar_caribbean_dollar_c_add;Выпуск валюты;Производство карибского доллара;A/сырой ключ вместо названия
01_ef_modifier_type;415;goods_input_dollar_caribbean_dollar_c_add;Потребление валюты;Потребление карибского доллара;A/сырой ключ вместо названия
01_ef_modifier_type;416;goods_input_dollar_caribbean_dollar_c_mult;Множитель потребления валюты;Множитель потребления карибского доллара;A/сырой ключ вместо названия
01_ef_modifier_type;417;goods_output_dollar_caribbean_dollar_c_mult;Множитель выпуска валюты;Множитель производства карибского доллара;A/сырой ключ вместо названия
01_ef_modifier_type;419;goods_output_dollar_confederate_states_dollar_c_add;Выпуск валюты;Производство доллара Конфедерации;A/сырой ключ вместо названия
01_ef_modifier_type;420;goods_input_dollar_confederate_states_dollar_c_add;Потребление валюты;Потребление доллара Конфедерации;A/сырой ключ вместо названия
01_ef_modifier_type;421;goods_input_dollar_confederate_states_dollar_c_mult;Множитель потребления валюты;Множитель потребления доллара Конфедерации;A/сырой ключ вместо названия
01_ef_modifier_type;422;goods_output_dollar_confederate_states_dollar_c_mult;Множитель выпуска валюты;Множитель производства доллара Конфедерации;A/сырой ключ вместо названия
01_ef_modifier_type;424;goods_output_dollar_liberian_dollar_c_add;Выпуск валюты;Производство либерийского доллара;A/сырой ключ вместо названия
01_ef_modifier_type;425;goods_input_dollar_liberian_dollar_c_add;Потребление валюты;Потребление либерийского доллара;A/сырой ключ вместо названия
01_ef_modifier_type;426;goods_input_dollar_liberian_dollar_c_mult;Множитель потребления валюты;Множитель потребления либерийского доллара;A/сырой ключ вместо названия
01_ef_modifier_type;427;goods_output_dollar_liberian_dollar_c_mult;Множитель выпуска валюты;Множитель производства либерийского доллара;A/сырой ключ вместо названия
01_ef_modifier_type;429;goods_output_dollar_new_zealand_dollar_c_add;Выпуск валюты;Производство новозеландского доллара;A/сырой ключ вместо названия
01_ef_modifier_type;430;goods_input_dollar_new_zealand_dollar_c_add;Потребление валюты;Потребление новозеландского доллара;A/сырой ключ вместо названия
01_ef_modifier_type;431;goods_input_dollar_new_zealand_dollar_c_mult;Множитель потребления валюты;Множитель потребления новозеландского доллара;A/сырой ключ вместо названия
01_ef_modifier_type;432;goods_output_dollar_new_zealand_dollar_c_mult;Множитель выпуска валюты;Множитель производства новозеландского доллара;A/сырой ключ вместо названия
01_ef_modifier_type;434;goods_output_dollar_sierra_leonean_dollar_c_add;Выпуск валюты;Производство доллара Сьерра-Леоне;A/сырой ключ вместо названия
01_ef_modifier_type;435;goods_input_dollar_sierra_leonean_dollar_c_add;Потребление валюты;Потребление доллара Сьерра-Леоне;A/сырой ключ вместо названия
01_ef_modifier_type;436;goods_input_dollar_sierra_leonean_dollar_c_mult;Множитель потребления валюты;Множитель потребления доллара Сьерра-Леоне;A/сырой ключ вместо названия
01_ef_modifier_type;437;goods_output_dollar_sierra_leonean_dollar_c_mult;Множитель выпуска валюты;Множитель производства доллара Сьерра-Леоне;A/сырой ключ вместо названия
01_ef_modifier_type;439;goods_output_dollar_united_states_dollar_c_add;Выпуск валюты;Производство доллара США;A/сырой ключ вместо названия
01_ef_modifier_type;440;goods_input_dollar_united_states_dollar_c_add;Потребление валюты;Потребление доллара США;A/сырой ключ вместо названия
01_ef_modifier_type;441;goods_input_dollar_united_states_dollar_c_mult;Множитель потребления валюты;Множитель потребления доллара США;A/сырой ключ вместо названия
01_ef_modifier_type;442;goods_output_dollar_united_states_dollar_c_mult;Множитель выпуска валюты;Множитель производства доллара США;A/сырой ключ вместо названия
01_ef_modifier_type;444;goods_output_eco_ariary_c_add;Выпуск валюты;Производство ариари;A/сырой ключ вместо названия
01_ef_modifier_type;445;goods_input_eco_ariary_c_add;Потребление валюты;Потребление ариари;A/сырой ключ вместо названия
01_ef_modifier_type;446;goods_input_eco_ariary_c_mult;Множитель потребления валюты;Множитель потребления ариари;A/сырой ключ вместо названия
01_ef_modifier_type;447;goods_output_eco_ariary_c_mult;Множитель выпуска валюты;Множитель производства ариари;A/сырой ключ вместо названия
01_ef_modifier_type;449;goods_output_eco_central_african_eco_c_add;Выпуск валюты;Производство центральноафриканского эко;A/сырой ключ вместо названия
01_ef_modifier_type;450;goods_input_eco_central_african_eco_c_add;Потребление валюты;Потребление центральноафриканского эко;A/сырой ключ вместо названия
01_ef_modifier_type;451;goods_input_eco_central_african_eco_c_mult;Множитель потребления валюты;Множитель потребления центральноафриканского эко;A/сырой ключ вместо названия
01_ef_modifier_type;452;goods_output_eco_central_african_eco_c_mult;Множитель выпуска валюты;Множитель производства центральноафриканского эко;A/сырой ключ вместо названия
01_ef_modifier_type;454;goods_output_eco_east_african_eco_c_add;Выпуск валюты;Производство восточноафриканского эко;A/сырой ключ вместо названия
01_ef_modifier_type;455;goods_input_eco_east_african_eco_c_add;Потребление валюты;Потребление восточноафриканского эко;A/сырой ключ вместо названия
01_ef_modifier_type;456;goods_input_eco_east_african_eco_c_mult;Множитель потребления валюты;Множитель потребления восточноафриканского эко;A/сырой ключ вместо названия
01_ef_modifier_type;457;goods_output_eco_east_african_eco_c_mult;Множитель выпуска валюты;Множитель производства восточноафриканского эко;A/сырой ключ вместо названия
01_ef_modifier_type;459;goods_output_eco_ethiopian_birr_c_add;Выпуск валюты;Производство эфиопского быра;A/сырой ключ вместо названия
01_ef_modifier_type;460;goods_input_eco_ethiopian_birr_c_add;Потребление валюты;Потребление эфиопского быра;A/сырой ключ вместо названия
01_ef_modifier_type;461;goods_input_eco_ethiopian_birr_c_mult;Множитель потребления валюты;Множитель потребления эфиопского быра;A/сырой ключ вместо названия
01_ef_modifier_type;462;goods_output_eco_ethiopian_birr_c_mult;Множитель выпуска валюты;Множитель производства эфиопского быра;A/сырой ключ вместо названия
01_ef_modifier_type;464;goods_output_eco_ghanaian_pound_c_add;Выпуск валюты;Производство ганского фунта;A/сырой ключ вместо названия
01_ef_modifier_type;465;goods_input_eco_ghanaian_pound_c_add;Потребление валюты;Потребление ганского фунта;A/сырой ключ вместо названия
01_ef_modifier_type;466;goods_input_eco_ghanaian_pound_c_mult;Множитель потребления валюты;Множитель потребления ганского фунта;A/сырой ключ вместо названия
01_ef_modifier_type;467;goods_output_eco_ghanaian_pound_c_mult;Множитель выпуска валюты;Множитель производства ганского фунта;A/сырой ключ вместо названия
01_ef_modifier_type;469;goods_output_eco_nigerian_naira_c_add;Выпуск валюты;Производство нигерийской найры;A/сырой ключ вместо названия
01_ef_modifier_type;470;goods_input_eco_nigerian_naira_c_add;Потребление валюты;Потребление нигерийской найры;A/сырой ключ вместо названия
01_ef_modifier_type;471;goods_input_eco_nigerian_naira_c_mult;Множитель потребления валюты;Множитель потребления нигерийской найры;A/сырой ключ вместо названия
01_ef_modifier_type;472;goods_output_eco_nigerian_naira_c_mult;Множитель выпуска валюты;Множитель производства нигерийской найры;A/сырой ключ вместо названия
01_ef_modifier_type;474;goods_output_eco_south_african_rand_c_add;Выпуск валюты;Производство южноафриканского ранда;A/сырой ключ вместо названия
01_ef_modifier_type;475;goods_input_eco_south_african_rand_c_add;Потребление валюты;Потребление южноафриканского ранда;A/сырой ключ вместо названия
01_ef_modifier_type;476;goods_input_eco_south_african_rand_c_mult;Множитель потребления валюты;Множитель потребления южноафриканского ранда;A/сырой ключ вместо названия
01_ef_modifier_type;477;goods_output_eco_south_african_rand_c_mult;Множитель выпуска валюты;Множитель производства южноафриканского ранда;A/сырой ключ вместо названия
01_ef_modifier_type;479;goods_output_eco_tuareg_ouguiya_c_add;Выпуск валюты;Производство туарегской угии;A/сырой ключ вместо названия
01_ef_modifier_type;480;goods_input_eco_tuareg_ouguiya_c_add;Потребление валюты;Потребление туарегской угии;A/сырой ключ вместо названия
01_ef_modifier_type;481;goods_input_eco_tuareg_ouguiya_c_mult;Множитель потребления валюты;Множитель потребления туарегской угии;A/сырой ключ вместо названия
01_ef_modifier_type;482;goods_output_eco_tuareg_ouguiya_c_mult;Множитель выпуска валюты;Множитель производства туарегской угии;A/сырой ключ вместо названия
01_ef_modifier_type;484;goods_output_eco_west_african_eco_c_add;Выпуск валюты;Производство западноафриканского эко;A/сырой ключ вместо названия
01_ef_modifier_type;485;goods_input_eco_west_african_eco_c_add;Потребление валюты;Потребление западноафриканского эко;A/сырой ключ вместо названия
01_ef_modifier_type;486;goods_input_eco_west_african_eco_c_mult;Множитель потребления валюты;Множитель потребления западноафриканского эко;A/сырой ключ вместо названия
01_ef_modifier_type;487;goods_output_eco_west_african_eco_c_mult;Множитель выпуска валюты;Множитель производства западноафриканского эко;A/сырой ключ вместо названия
01_ef_modifier_type;489;goods_output_franc_belgian_franc_c_add;Выпуск валюты;Производство бельгийского франка;A/сырой ключ вместо названия
01_ef_modifier_type;490;goods_input_franc_belgian_franc_c_add;Потребление валюты;Потребление бельгийского франка;A/сырой ключ вместо названия
01_ef_modifier_type;491;goods_input_franc_belgian_franc_c_mult;Множитель потребления валюты;Множитель потребления бельгийского франка;A/сырой ключ вместо названия
01_ef_modifier_type;492;goods_output_franc_belgian_franc_c_mult;Множитель выпуска валюты;Множитель производства бельгийского франка;A/сырой ключ вместо названия
01_ef_modifier_type;494;goods_output_franc_french_franc_c_add;Выпуск валюты;Производство французского франка;A/сырой ключ вместо названия
01_ef_modifier_type;495;goods_input_franc_french_franc_c_add;Потребление валюты;Потребление французского франка;A/сырой ключ вместо названия
01_ef_modifier_type;496;goods_input_franc_french_franc_c_mult;Множитель потребления валюты;Множитель потребления французского франка;A/сырой ключ вместо названия
01_ef_modifier_type;497;goods_output_franc_french_franc_c_mult;Множитель выпуска валюты;Множитель производства французского франка;A/сырой ключ вместо названия
01_ef_modifier_type;499;goods_output_franc_luxembourgish_franc_c_add;Выпуск валюты;Производство люксембургского франка;A/сырой ключ вместо названия
01_ef_modifier_type;500;goods_input_franc_luxembourgish_franc_c_add;Потребление валюты;Потребление люксембургского франка;A/сырой ключ вместо названия
01_ef_modifier_type;501;goods_input_franc_luxembourgish_franc_c_mult;Множитель потребления валюты;Множитель потребления люксембургского франка;A/сырой ключ вместо названия
01_ef_modifier_type;502;goods_output_franc_luxembourgish_franc_c_mult;Множитель выпуска валюты;Множитель производства люксембургского франка;A/сырой ключ вместо названия
01_ef_modifier_type;504;goods_output_franc_swiss_franc_c_add;Выпуск валюты;Производство швейцарского франка;A/сырой ключ вместо названия
01_ef_modifier_type;505;goods_input_franc_swiss_franc_c_add;Потребление валюты;Потребление швейцарского франка;A/сырой ключ вместо названия
01_ef_modifier_type;506;goods_input_franc_swiss_franc_c_mult;Множитель потребления валюты;Множитель потребления швейцарского франка;A/сырой ключ вместо названия
01_ef_modifier_type;507;goods_output_franc_swiss_franc_c_mult;Множитель выпуска валюты;Множитель производства швейцарского франка;A/сырой ключ вместо названия
01_ef_modifier_type;509;goods_output_gulden_c_add;Выпуск валюты;Производство гульдена;A/сырой ключ вместо названия
01_ef_modifier_type;510;goods_input_gulden_c_add;Потребление валюты;Потребление гульдена;A/сырой ключ вместо названия
01_ef_modifier_type;511;goods_input_gulden_c_mult;Множитель потребления валюты;Множитель потребления гульдена;A/сырой ключ вместо названия
01_ef_modifier_type;512;goods_output_gulden_c_mult;Множитель выпуска валюты;Множитель производства гульдена;A/сырой ключ вместо названия
01_ef_modifier_type;514;goods_output_gulden_bavarian_gulden_c_add;Выпуск валюты;Производство баварского гульдена;A/сырой ключ вместо названия
01_ef_modifier_type;515;goods_input_gulden_bavarian_gulden_c_add;Потребление валюты;Потребление баварского гульдена;A/сырой ключ вместо названия
01_ef_modifier_type;516;goods_input_gulden_bavarian_gulden_c_mult;Множитель потребления валюты;Множитель потребления баварского гульдена;A/сырой ключ вместо названия
01_ef_modifier_type;517;goods_output_gulden_bavarian_gulden_c_mult;Множитель выпуска валюты;Множитель производства баварского гульдена;A/сырой ключ вместо названия
01_ef_modifier_type;519;goods_output_gulden_florin_c_add;Выпуск валюты;Производство флорина;A/сырой ключ вместо названия
01_ef_modifier_type;520;goods_input_gulden_florin_c_add;Потребление валюты;Потребление флорина;A/сырой ключ вместо названия
01_ef_modifier_type;521;goods_input_gulden_florin_c_mult;Множитель потребления валюты;Множитель потребления флорина;A/сырой ключ вместо названия
01_ef_modifier_type;522;goods_output_gulden_florin_c_mult;Множитель выпуска валюты;Множитель производства флорина;A/сырой ключ вместо названия
01_ef_modifier_type;524;goods_output_gulden_hungarian_forint_c_add;Выпуск валюты;Производство венгерского форинта;A/сырой ключ вместо названия
01_ef_modifier_type;525;goods_input_gulden_hungarian_forint_c_add;Потребление валюты;Потребление венгерского форинта;A/сырой ключ вместо названия
01_ef_modifier_type;526;goods_input_gulden_hungarian_forint_c_mult;Множитель потребления валюты;Множитель потребления венгерского форинта;A/сырой ключ вместо названия
01_ef_modifier_type;527;goods_output_gulden_hungarian_forint_c_mult;Множитель выпуска валюты;Множитель производства венгерского форинта;A/сырой ключ вместо названия
01_ef_modifier_type;529;goods_output_gulden_indies_guilder_c_add;Выпуск валюты;Производство ост-индского гульдена;A/сырой ключ вместо названия
01_ef_modifier_type;530;goods_input_gulden_indies_guilder_c_add;Потребление валюты;Потребление ост-индского гульдена;A/сырой ключ вместо названия
01_ef_modifier_type;531;goods_input_gulden_indies_guilder_c_mult;Множитель потребления валюты;Множитель потребления ост-индского гульдена;A/сырой ключ вместо названия
01_ef_modifier_type;532;goods_output_gulden_indies_guilder_c_mult;Множитель выпуска валюты;Множитель производства ост-индского гульдена;A/сырой ключ вместо названия
01_ef_modifier_type;534;goods_output_gulden_south_german_gulden_c_add;Выпуск валюты;Производство южногерманского гульдена;A/сырой ключ вместо названия
01_ef_modifier_type;535;goods_input_gulden_south_german_gulden_c_add;Потребление валюты;Потребление южногерманского гульдена;A/сырой ключ вместо названия
01_ef_modifier_type;536;goods_input_gulden_south_german_gulden_c_mult;Множитель потребления валюты;Множитель потребления южногерманского гульдена;A/сырой ключ вместо названия
01_ef_modifier_type;537;goods_output_gulden_south_german_gulden_c_mult;Множитель выпуска валюты;Множитель производства южногерманского гульдена;A/сырой ключ вместо названия
01_ef_modifier_type;539;goods_output_krone_czech_koruna_c_add;Выпуск валюты;Производство чешской кроны;A/сырой ключ вместо названия
01_ef_modifier_type;540;goods_input_krone_czech_koruna_c_add;Потребление валюты;Потребление чешской кроны;A/сырой ключ вместо названия
01_ef_modifier_type;541;goods_input_krone_czech_koruna_c_mult;Множитель потребления валюты;Множитель потребления чешской кроны;A/сырой ключ вместо названия
01_ef_modifier_type;542;goods_output_krone_czech_koruna_c_mult;Множитель выпуска валюты;Множитель производства чешской кроны;A/сырой ключ вместо названия
01_ef_modifier_type;544;goods_output_krone_danish_krone_c_add;Выпуск валюты;Производство датской кроны;A/сырой ключ вместо названия
01_ef_modifier_type;545;goods_input_krone_danish_krone_c_add;Потребление валюты;Потребление датской кроны;A/сырой ключ вместо названия
01_ef_modifier_type;546;goods_input_krone_danish_krone_c_mult;Множитель потребления валюты;Множитель потребления датской кроны;A/сырой ключ вместо названия
01_ef_modifier_type;547;goods_output_krone_danish_krone_c_mult;Множитель выпуска валюты;Множитель производства датской кроны;A/сырой ключ вместо названия
01_ef_modifier_type;549;goods_output_krone_estonian_kroon_c_add;Выпуск валюты;Производство эстонской кроны;A/сырой ключ вместо названия
01_ef_modifier_type;550;goods_input_krone_estonian_kroon_c_add;Потребление валюты;Потребление эстонской кроны;A/сырой ключ вместо названия
01_ef_modifier_type;551;goods_input_krone_estonian_kroon_c_mult;Множитель потребления валюты;Множитель потребления эстонской кроны;A/сырой ключ вместо названия
01_ef_modifier_type;552;goods_output_krone_estonian_kroon_c_mult;Множитель выпуска валюты;Множитель производства эстонской кроны;A/сырой ключ вместо названия
01_ef_modifier_type;554;goods_output_krone_icelandic_krona_c_add;Выпуск валюты;Производство исландской кроны;A/сырой ключ вместо названия
01_ef_modifier_type;555;goods_input_krone_icelandic_krona_c_add;Потребление валюты;Потребление исландской кроны;A/сырой ключ вместо названия
01_ef_modifier_type;556;goods_input_krone_icelandic_krona_c_mult;Множитель потребления валюты;Множитель потребления исландской кроны;A/сырой ключ вместо названия
01_ef_modifier_type;557;goods_output_krone_icelandic_krona_c_mult;Множитель выпуска валюты;Множитель производства исландской кроны;A/сырой ключ вместо названия
01_ef_modifier_type;559;goods_output_krone_norwegian_krone_c_add;Выпуск валюты;Производство норвежской кроны;A/сырой ключ вместо названия
01_ef_modifier_type;560;goods_input_krone_norwegian_krone_c_add;Потребление валюты;Потребление норвежской кроны;A/сырой ключ вместо названия
01_ef_modifier_type;561;goods_input_krone_norwegian_krone_c_mult;Множитель потребления валюты;Множитель потребления норвежской кроны;A/сырой ключ вместо названия
01_ef_modifier_type;562;goods_output_krone_norwegian_krone_c_mult;Множитель выпуска валюты;Множитель производства норвежской кроны;A/сырой ключ вместо названия
01_ef_modifier_type;564;goods_output_krone_slovak_koruna_c_add;Выпуск валюты;Производство словацкой кроны;A/сырой ключ вместо названия
01_ef_modifier_type;565;goods_input_krone_slovak_koruna_c_add;Потребление валюты;Потребление словацкой кроны;A/сырой ключ вместо названия
01_ef_modifier_type;566;goods_input_krone_slovak_koruna_c_mult;Множитель потребления валюты;Множитель потребления словацкой кроны;A/сырой ключ вместо названия
01_ef_modifier_type;567;goods_output_krone_slovak_koruna_c_mult;Множитель выпуска валюты;Множитель производства словацкой кроны;A/сырой ключ вместо названия
01_ef_modifier_type;569;goods_output_krone_swedish_krona_c_add;Выпуск валюты;Производство шведской кроны;A/сырой ключ вместо названия
01_ef_modifier_type;570;goods_input_krone_swedish_krona_c_add;Потребление валюты;Потребление шведской кроны;A/сырой ключ вместо названия
01_ef_modifier_type;571;goods_input_krone_swedish_krona_c_mult;Множитель потребления валюты;Множитель потребления шведской кроны;A/сырой ключ вместо названия
01_ef_modifier_type;572;goods_output_krone_swedish_krona_c_mult;Множитель выпуска валюты;Множитель производства шведской кроны;A/сырой ключ вместо названия
01_ef_modifier_type;574;goods_output_leon_leu_c_add;Выпуск валюты;Производство лея;A/сырой ключ вместо названия
01_ef_modifier_type;575;goods_input_leon_leu_c_add;Потребление валюты;Потребление лея;A/сырой ключ вместо названия
01_ef_modifier_type;576;goods_input_leon_leu_c_mult;Множитель потребления валюты;Множитель потребления лея;A/сырой ключ вместо названия
01_ef_modifier_type;577;goods_output_leon_leu_c_mult;Множитель выпуска валюты;Множитель производства лея;A/сырой ключ вместо названия
01_ef_modifier_type;579;goods_output_leon_lev_c_add;Выпуск валюты;Производство лева;A/сырой ключ вместо названия
01_ef_modifier_type;580;goods_input_leon_lev_c_add;Потребление валюты;Потребление лева;A/сырой ключ вместо названия
01_ef_modifier_type;581;goods_input_leon_lev_c_mult;Множитель потребления валюты;Множитель потребления лева;A/сырой ключ вместо названия
01_ef_modifier_type;582;goods_output_leon_lev_c_mult;Множитель выпуска валюты;Множитель производства лева;A/сырой ключ вместо названия
01_ef_modifier_type;584;goods_output_lira_c_add;Выпуск валюты;Производство лиры;A/сырой ключ вместо названия
01_ef_modifier_type;585;goods_input_lira_c_add;Потребление валюты;Потребление лиры;A/сырой ключ вместо названия
01_ef_modifier_type;586;goods_input_lira_c_mult;Множитель потребления валюты;Множитель потребления лиры;A/сырой ключ вместо названия
01_ef_modifier_type;587;goods_output_lira_c_mult;Множитель выпуска валюты;Множитель производства лиры;A/сырой ключ вместо названия
01_ef_modifier_type;589;goods_output_lira_ducato_c_add;Выпуск валюты;Производство дуката;A/сырой ключ вместо названия
01_ef_modifier_type;590;goods_input_lira_ducato_c_add;Потребление валюты;Потребление дуката;A/сырой ключ вместо названия
01_ef_modifier_type;591;goods_input_lira_ducato_c_mult;Множитель потребления валюты;Множитель потребления дуката;A/сырой ключ вместо названия
01_ef_modifier_type;592;goods_output_lira_ducato_c_mult;Множитель выпуска валюты;Множитель производства дуката;A/сырой ключ вместо названия
01_ef_modifier_type;594;goods_output_lira_ottoman_lira_c_add;Выпуск валюты;Производство османской лиры;A/сырой ключ вместо названия
01_ef_modifier_type;595;goods_input_lira_ottoman_lira_c_add;Потребление валюты;Потребление османской лиры;A/сырой ключ вместо названия
01_ef_modifier_type;596;goods_input_lira_ottoman_lira_c_mult;Множитель потребления валюты;Множитель потребления османской лиры;A/сырой ключ вместо названия
01_ef_modifier_type;597;goods_output_lira_ottoman_lira_c_mult;Множитель выпуска валюты;Множитель производства османской лиры;A/сырой ключ вместо названия
01_ef_modifier_type;599;goods_output_lira_scudo_pontificio_c_add;Выпуск валюты;Производство папского скудо;A/сырой ключ вместо названия
01_ef_modifier_type;600;goods_input_lira_scudo_pontificio_c_add;Потребление валюты;Потребление папского скудо;A/сырой ключ вместо названия
01_ef_modifier_type;601;goods_input_lira_scudo_pontificio_c_mult;Множитель потребления валюты;Множитель потребления папского скудо;A/сырой ключ вместо названия
01_ef_modifier_type;602;goods_output_lira_scudo_pontificio_c_mult;Множитель выпуска валюты;Множитель производства папского скудо;A/сырой ключ вместо названия
01_ef_modifier_type;604;goods_output_lira_scudo_sardo_c_add;Выпуск валюты;Производство сардинского скудо;A/сырой ключ вместо названия
01_ef_modifier_type;605;goods_input_lira_scudo_sardo_c_add;Потребление валюты;Потребление сардинского скудо;A/сырой ключ вместо названия
01_ef_modifier_type;606;goods_input_lira_scudo_sardo_c_mult;Множитель потребления валюты;Множитель потребления сардинского скудо;A/сырой ключ вместо названия
01_ef_modifier_type;607;goods_output_lira_scudo_sardo_c_mult;Множитель выпуска валюты;Множитель производства сардинского скудо;A/сырой ключ вместо названия
01_ef_modifier_type;609;goods_output_lira_toscane_lira_c_add;Выпуск валюты;Производство тосканской лиры;A/сырой ключ вместо названия
01_ef_modifier_type;610;goods_input_lira_toscane_lira_c_add;Потребление валюты;Потребление тосканской лиры;A/сырой ключ вместо названия
01_ef_modifier_type;611;goods_input_lira_toscane_lira_c_mult;Множитель потребления валюты;Множитель потребления тосканской лиры;A/сырой ключ вместо названия
01_ef_modifier_type;612;goods_output_lira_toscane_lira_c_mult;Множитель выпуска валюты;Множитель производства тосканской лиры;A/сырой ключ вместо названия
01_ef_modifier_type;614;goods_output_mark_c_add;Выпуск валюты;Производство марки;A/сырой ключ вместо названия
01_ef_modifier_type;615;goods_input_mark_c_add;Потребление валюты;Потребление марки;A/сырой ключ вместо названия
01_ef_modifier_type;616;goods_input_mark_c_mult;Множитель потребления валюты;Множитель потребления марки;A/сырой ключ вместо названия
01_ef_modifier_type;617;goods_output_mark_c_mult;Множитель выпуска валюты;Множитель производства марки;A/сырой ключ вместо названия
01_ef_modifier_type;619;goods_output_mark_finnish_markka_c_add;Выпуск валюты;Производство финской марки;A/сырой ключ вместо названия
01_ef_modifier_type;620;goods_input_mark_finnish_markka_c_add;Потребление валюты;Потребление финской марки;A/сырой ключ вместо названия
01_ef_modifier_type;621;goods_input_mark_finnish_markka_c_mult;Множитель потребления валюты;Множитель потребления финской марки;A/сырой ключ вместо названия
01_ef_modifier_type;622;goods_output_mark_finnish_markka_c_mult;Множитель выпуска валюты;Множитель производства финской марки;A/сырой ключ вместо названия
01_ef_modifier_type;624;goods_output_peso_c_add;Выпуск валюты;Производство песо;A/сырой ключ вместо названия
01_ef_modifier_type;625;goods_input_peso_c_add;Потребление валюты;Потребление песо;A/сырой ключ вместо названия
01_ef_modifier_type;626;goods_input_peso_c_mult;Множитель потребления валюты;Множитель потребления песо;A/сырой ключ вместо названия
01_ef_modifier_type;627;goods_output_peso_c_mult;Множитель выпуска валюты;Множитель производства песо;A/сырой ключ вместо названия
01_ef_modifier_type;629;goods_output_peso_argentine_peso_c_add;Выпуск валюты;Производство аргентинского песо;A/сырой ключ вместо названия
01_ef_modifier_type;630;goods_input_peso_argentine_peso_c_add;Потребление валюты;Потребление аргентинского песо;A/сырой ключ вместо названия
01_ef_modifier_type;631;goods_input_peso_argentine_peso_c_mult;Множитель потребления валюты;Множитель потребления аргентинского песо;A/сырой ключ вместо названия
01_ef_modifier_type;632;goods_output_peso_argentine_peso_c_mult;Множитель выпуска валюты;Множитель производства аргентинского песо;A/сырой ключ вместо названия
01_ef_modifier_type;634;goods_output_peso_bolivien_peso_c_add;Выпуск валюты;Производство боливийского песо;A/сырой ключ вместо названия
01_ef_modifier_type;635;goods_input_peso_bolivien_peso_c_add;Потребление валюты;Потребление боливийского песо;A/сырой ключ вместо названия
01_ef_modifier_type;636;goods_input_peso_bolivien_peso_c_mult;Множитель потребления валюты;Множитель потребления боливийского песо;A/сырой ключ вместо названия
01_ef_modifier_type;637;goods_output_peso_bolivien_peso_c_mult;Множитель выпуска валюты;Множитель производства боливийского песо;A/сырой ключ вместо названия
01_ef_modifier_type;639;goods_output_peso_chilean_peso_c_add;Выпуск валюты;Производство чилийского песо;A/сырой ключ вместо названия
01_ef_modifier_type;640;goods_input_peso_chilean_peso_c_add;Потребление валюты;Потребление чилийского песо;A/сырой ключ вместо названия
01_ef_modifier_type;641;goods_input_peso_chilean_peso_c_mult;Множитель потребления валюты;Множитель потребления чилийского песо;A/сырой ключ вместо названия
01_ef_modifier_type;642;goods_output_peso_chilean_peso_c_mult;Множитель выпуска валюты;Множитель производства чилийского песо;A/сырой ключ вместо названия
01_ef_modifier_type;644;goods_output_peso_colombian_peso_c_add;Выпуск валюты;Производство колумбийского песо;A/сырой ключ вместо названия
01_ef_modifier_type;645;goods_input_peso_colombian_peso_c_add;Потребление валюты;Потребление колумбийского песо;A/сырой ключ вместо названия
01_ef_modifier_type;646;goods_input_peso_colombian_peso_c_mult;Множитель потребления валюты;Множитель потребления колумбийского песо;A/сырой ключ вместо названия
01_ef_modifier_type;647;goods_output_peso_colombian_peso_c_mult;Множитель выпуска валюты;Множитель производства колумбийского песо;A/сырой ключ вместо названия
01_ef_modifier_type;649;goods_output_peso_costa_rican_colon_c_add;Выпуск валюты;Производство костариканского колона;A/сырой ключ вместо названия
01_ef_modifier_type;650;goods_input_peso_costa_rican_colon_c_add;Потребление валюты;Потребление костариканского колона;A/сырой ключ вместо названия
01_ef_modifier_type;651;goods_input_peso_costa_rican_colon_c_mult;Множитель потребления валюты;Множитель потребления костариканского колона;A/сырой ключ вместо названия
01_ef_modifier_type;652;goods_output_peso_costa_rican_colon_c_mult;Множитель выпуска валюты;Множитель производства костариканского колона;A/сырой ключ вместо названия
01_ef_modifier_type;654;goods_output_peso_cuban_peso_c_add;Выпуск валюты;Производство кубинского песо;A/сырой ключ вместо названия
01_ef_modifier_type;655;goods_input_peso_cuban_peso_c_add;Потребление валюты;Потребление кубинского песо;A/сырой ключ вместо названия
01_ef_modifier_type;656;goods_input_peso_cuban_peso_c_mult;Множитель потребления валюты;Множитель потребления кубинского песо;A/сырой ключ вместо названия
01_ef_modifier_type;657;goods_output_peso_cuban_peso_c_mult;Множитель выпуска валюты;Множитель производства кубинского песо;A/сырой ключ вместо названия
01_ef_modifier_type;659;goods_output_peso_ecuadorian_peso_c_add;Выпуск валюты;Производство эквадорского песо;A/сырой ключ вместо названия
01_ef_modifier_type;660;goods_input_peso_ecuadorian_peso_c_add;Потребление валюты;Потребление эквадорского песо;A/сырой ключ вместо названия
01_ef_modifier_type;661;goods_input_peso_ecuadorian_peso_c_mult;Множитель потребления валюты;Множитель потребления эквадорского песо;A/сырой ключ вместо названия
01_ef_modifier_type;662;goods_output_peso_ecuadorian_peso_c_mult;Множитель выпуска валюты;Множитель производства эквадорского песо;A/сырой ключ вместо названия
01_ef_modifier_type;664;goods_output_peso_el_salvador_colon_c_add;Выпуск валюты;Производство сальвадорского колона;A/сырой ключ вместо названия
01_ef_modifier_type;665;goods_input_peso_el_salvador_colon_c_add;Потребление валюты;Потребление сальвадорского колона;A/сырой ключ вместо названия
01_ef_modifier_type;666;goods_input_peso_el_salvador_colon_c_mult;Множитель потребления валюты;Множитель потребления сальвадорского колона;A/сырой ключ вместо названия
01_ef_modifier_type;667;goods_output_peso_el_salvador_colon_c_mult;Множитель выпуска валюты;Множитель производства сальвадорского колона;A/сырой ключ вместо названия
01_ef_modifier_type;669;goods_output_peso_guatemalan_quetzal_c_add;Выпуск валюты;Производство гватемальского кетсаля;A/сырой ключ вместо названия
01_ef_modifier_type;670;goods_input_peso_guatemalan_quetzal_c_add;Потребление валюты;Потребление гватемальского кетсаля;A/сырой ключ вместо названия
01_ef_modifier_type;671;goods_input_peso_guatemalan_quetzal_c_mult;Множитель потребления валюты;Множитель потребления гватемальского кетсаля;A/сырой ключ вместо названия
01_ef_modifier_type;672;goods_output_peso_guatemalan_quetzal_c_mult;Множитель выпуска валюты;Множитель производства гватемальского кетсаля;A/сырой ключ вместо названия
01_ef_modifier_type;674;goods_output_peso_honduran_lempira_c_add;Выпуск валюты;Производство гондурасской лемпиры;A/сырой ключ вместо названия
01_ef_modifier_type;675;goods_input_peso_honduran_lempira_c_add;Потребление валюты;Потребление гондурасской лемпиры;A/сырой ключ вместо названия
01_ef_modifier_type;676;goods_input_peso_honduran_lempira_c_mult;Множитель потребления валюты;Множитель потребления гондурасской лемпиры;A/сырой ключ вместо названия
01_ef_modifier_type;677;goods_output_peso_honduran_lempira_c_mult;Множитель выпуска валюты;Множитель производства гондурасской лемпиры;A/сырой ключ вместо названия
01_ef_modifier_type;679;goods_output_peso_mexican_peso_c_add;Выпуск валюты;Производство мексиканского песо;A/сырой ключ вместо названия
01_ef_modifier_type;680;goods_input_peso_mexican_peso_c_add;Потребление валюты;Потребление мексиканского песо;A/сырой ключ вместо названия
01_ef_modifier_type;681;goods_input_peso_mexican_peso_c_mult;Множитель потребления валюты;Множитель потребления мексиканского песо;A/сырой ключ вместо названия
01_ef_modifier_type;682;goods_output_peso_mexican_peso_c_mult;Множитель выпуска валюты;Множитель производства мексиканского песо;A/сырой ключ вместо названия
01_ef_modifier_type;684;goods_output_peso_nicaraguan_cordoba_c_add;Выпуск валюты;Производство никарагуанской кордобы;A/сырой ключ вместо названия
01_ef_modifier_type;685;goods_input_peso_nicaraguan_cordoba_c_add;Потребление валюты;Потребление никарагуанской кордобы;A/сырой ключ вместо названия
01_ef_modifier_type;686;goods_input_peso_nicaraguan_cordoba_c_mult;Множитель потребления валюты;Множитель потребления никарагуанской кордобы;A/сырой ключ вместо названия
01_ef_modifier_type;687;goods_output_peso_nicaraguan_cordoba_c_mult;Множитель выпуска валюты;Множитель производства никарагуанской кордобы;A/сырой ключ вместо названия
01_ef_modifier_type;689;goods_output_peso_paraguayan_peso_c_add;Выпуск валюты;Производство парагвайского песо;A/сырой ключ вместо названия
01_ef_modifier_type;690;goods_input_peso_paraguayan_peso_c_add;Потребление валюты;Потребление парагвайского песо;A/сырой ключ вместо названия
01_ef_modifier_type;691;goods_input_peso_paraguayan_peso_c_mult;Множитель потребления валюты;Множитель потребления парагвайского песо;A/сырой ключ вместо названия
01_ef_modifier_type;692;goods_output_peso_paraguayan_peso_c_mult;Множитель выпуска валюты;Множитель производства парагвайского песо;A/сырой ключ вместо названия
01_ef_modifier_type;694;goods_output_peso_philippine_peso_c_add;Выпуск валюты;Производство филиппинского песо;A/сырой ключ вместо названия
01_ef_modifier_type;695;goods_input_peso_philippine_peso_c_add;Потребление валюты;Потребление филиппинского песо;A/сырой ключ вместо названия
01_ef_modifier_type;696;goods_input_peso_philippine_peso_c_mult;Множитель потребления валюты;Множитель потребления филиппинского песо;A/сырой ключ вместо названия
01_ef_modifier_type;697;goods_output_peso_philippine_peso_c_mult;Множитель выпуска валюты;Множитель производства филиппинского песо;A/сырой ключ вместо названия
01_ef_modifier_type;699;goods_output_peso_sol_de_oro_c_add;Выпуск валюты;Производство соль-де-оро;A/сырой ключ вместо названия
01_ef_modifier_type;700;goods_input_peso_sol_de_oro_c_add;Потребление валюты;Потребление соль-де-оро;A/сырой ключ вместо названия
01_ef_modifier_type;701;goods_input_peso_sol_de_oro_c_mult;Множитель потребления валюты;Множитель потребления соль-де-оро;A/сырой ключ вместо названия
01_ef_modifier_type;702;goods_output_peso_sol_de_oro_c_mult;Множитель выпуска валюты;Множитель производства соль-де-оро;A/сырой ключ вместо названия
01_ef_modifier_type;704;goods_output_peso_uruguayan_peso_c_add;Выпуск валюты;Производство уругвайского песо;A/сырой ключ вместо названия
01_ef_modifier_type;705;goods_input_peso_uruguayan_peso_c_add;Потребление валюты;Потребление уругвайского песо;A/сырой ключ вместо названия
01_ef_modifier_type;706;goods_input_peso_uruguayan_peso_c_mult;Множитель потребления валюты;Множитель потребления уругвайского песо;A/сырой ключ вместо названия
01_ef_modifier_type;707;goods_output_peso_uruguayan_peso_c_mult;Множитель выпуска валюты;Множитель производства уругвайского песо;A/сырой ключ вместо названия
01_ef_modifier_type;709;goods_output_peso_venezuelan_peso_c_add;Выпуск валюты;Производство венесуэльского песо;A/сырой ключ вместо названия
01_ef_modifier_type;710;goods_input_peso_venezuelan_peso_c_add;Потребление валюты;Потребление венесуэльского песо;A/сырой ключ вместо названия
01_ef_modifier_type;711;goods_input_peso_venezuelan_peso_c_mult;Множитель потребления валюты;Множитель потребления венесуэльского песо;A/сырой ключ вместо названия
01_ef_modifier_type;712;goods_output_peso_venezuelan_peso_c_mult;Множитель выпуска валюты;Множитель производства венесуэльского песо;A/сырой ключ вместо названия
01_ef_modifier_type;714;goods_output_pound_egyptian_pound_c_add;Выпуск валюты;Производство египетского фунта;A/сырой ключ вместо названия
01_ef_modifier_type;715;goods_input_pound_egyptian_pound_c_add;Потребление валюты;Потребление египетского фунта;A/сырой ключ вместо названия
01_ef_modifier_type;716;goods_input_pound_egyptian_pound_c_mult;Множитель потребления валюты;Множитель потребления египетского фунта;A/сырой ключ вместо названия
01_ef_modifier_type;717;goods_output_pound_egyptian_pound_c_mult;Множитель выпуска валюты;Множитель производства египетского фунта;A/сырой ключ вместо названия
01_ef_modifier_type;719;goods_output_pound_irish_pound_c_add;Выпуск валюты;Производство ирландского фунта;A/сырой ключ вместо названия
01_ef_modifier_type;720;goods_input_pound_irish_pound_c_add;Потребление валюты;Потребление ирландского фунта;A/сырой ключ вместо названия
01_ef_modifier_type;721;goods_input_pound_irish_pound_c_mult;Множитель потребления валюты;Множитель потребления ирландского фунта;A/сырой ключ вместо названия
01_ef_modifier_type;722;goods_output_pound_irish_pound_c_mult;Множитель выпуска валюты;Множитель производства ирландского фунта;A/сырой ключ вместо названия
01_ef_modifier_type;724;goods_output_pound_sterling_c_add;Выпуск валюты;Производство фунта стерлингов;A/сырой ключ вместо названия
01_ef_modifier_type;725;goods_input_pound_sterling_c_add;Потребление валюты;Потребление фунта стерлингов;A/сырой ключ вместо названия
01_ef_modifier_type;726;goods_input_pound_sterling_c_mult;Множитель потребления валюты;Множитель потребления фунта стерлингов;A/сырой ключ вместо названия
01_ef_modifier_type;727;goods_output_pound_sterling_c_mult;Множитель выпуска валюты;Множитель производства фунта стерлингов;A/сырой ключ вместо названия
01_ef_modifier_type;729;goods_output_real_c_add;Выпуск валюты;Производство реала;A/сырой ключ вместо названия
01_ef_modifier_type;730;goods_input_real_c_add;Потребление валюты;Потребление реала;A/сырой ключ вместо названия
01_ef_modifier_type;731;goods_input_real_c_mult;Множитель потребления валюты;Множитель потребления реала;A/сырой ключ вместо названия
01_ef_modifier_type;732;goods_output_real_c_mult;Множитель выпуска валюты;Множитель производства реала;A/сырой ключ вместо названия
01_ef_modifier_type;734;goods_output_real_brazilian_real_c_add;Выпуск валюты;Производство бразильского реала;A/сырой ключ вместо названия
01_ef_modifier_type;735;goods_input_real_brazilian_real_c_add;Потребление валюты;Потребление бразильского реала;A/сырой ключ вместо названия
01_ef_modifier_type;736;goods_input_real_brazilian_real_c_mult;Множитель потребления валюты;Множитель потребления бразильского реала;A/сырой ключ вместо названия
01_ef_modifier_type;737;goods_output_real_brazilian_real_c_mult;Множитель выпуска валюты;Множитель производства бразильского реала;A/сырой ключ вместо названия
01_ef_modifier_type;739;goods_output_rupee_indian_rupee_c_add;Выпуск валюты;Производство индийской рупии;A/сырой ключ вместо названия
01_ef_modifier_type;740;goods_input_rupee_indian_rupee_c_add;Потребление валюты;Потребление индийской рупии;A/сырой ключ вместо названия
01_ef_modifier_type;741;goods_input_rupee_indian_rupee_c_mult;Множитель потребления валюты;Множитель потребления индийской рупии;A/сырой ключ вместо названия
01_ef_modifier_type;742;goods_output_rupee_indian_rupee_c_mult;Множитель выпуска валюты;Множитель производства индийской рупии;A/сырой ключ вместо названия
01_ef_modifier_type;744;goods_output_rupee_indonesian_rupiah_c_add;Выпуск валюты;Производство индонезийской рупии;A/сырой ключ вместо названия
01_ef_modifier_type;745;goods_input_rupee_indonesian_rupiah_c_add;Потребление валюты;Потребление индонезийской рупии;A/сырой ключ вместо названия
01_ef_modifier_type;746;goods_input_rupee_indonesian_rupiah_c_mult;Множитель потребления валюты;Множитель потребления индонезийской рупии;A/сырой ключ вместо названия
01_ef_modifier_type;747;goods_output_rupee_indonesian_rupiah_c_mult;Множитель выпуска валюты;Множитель производства индонезийской рупии;A/сырой ключ вместо названия
01_ef_modifier_type;749;goods_output_spe_baht_c_add;Выпуск валюты;Производство бата;A/сырой ключ вместо названия
01_ef_modifier_type;750;goods_input_spe_baht_c_add;Потребление валюты;Потребление бата;A/сырой ключ вместо названия
01_ef_modifier_type;751;goods_input_spe_baht_c_mult;Множитель потребления валюты;Множитель потребления бата;A/сырой ключ вместо названия
01_ef_modifier_type;752;goods_output_spe_baht_c_mult;Множитель выпуска валюты;Множитель производства бата;A/сырой ключ вместо названия
01_ef_modifier_type;754;goods_output_spe_dong_c_add;Выпуск валюты;Производство донга;A/сырой ключ вместо названия
01_ef_modifier_type;755;goods_input_spe_dong_c_add;Потребление валюты;Потребление донга;A/сырой ключ вместо названия
01_ef_modifier_type;756;goods_input_spe_dong_c_mult;Множитель потребления валюты;Множитель потребления донга;A/сырой ключ вместо названия
01_ef_modifier_type;757;goods_output_spe_dong_c_mult;Множитель выпуска валюты;Множитель производства донга;A/сырой ключ вместо названия
01_ef_modifier_type;759;goods_output_spe_drachma_c_add;Выпуск валюты;Производство драхмы;A/сырой ключ вместо названия
01_ef_modifier_type;760;goods_input_spe_drachma_c_add;Потребление валюты;Потребление драхмы;A/сырой ключ вместо названия
01_ef_modifier_type;761;goods_input_spe_drachma_c_mult;Множитель потребления валюты;Множитель потребления драхмы;A/сырой ключ вместо названия
01_ef_modifier_type;762;goods_output_spe_drachma_c_mult;Множитель выпуска валюты;Множитель производства драхмы;A/сырой ключ вместо названия
01_ef_modifier_type;764;goods_output_spe_korean_won_c_add;Выпуск валюты;Производство корейской воны;A/сырой ключ вместо названия
01_ef_modifier_type;765;goods_input_spe_korean_won_c_add;Потребление валюты;Потребление корейской воны;A/сырой ключ вместо названия
01_ef_modifier_type;766;goods_input_spe_korean_won_c_mult;Множитель потребления валюты;Множитель потребления корейской воны;A/сырой ключ вместо названия
01_ef_modifier_type;767;goods_output_spe_korean_won_c_mult;Множитель выпуска валюты;Множитель производства корейской воны;A/сырой ключ вместо названия
01_ef_modifier_type;769;goods_output_spe_latvian_lats_c_add;Выпуск валюты;Производство латвийского лата;A/сырой ключ вместо названия
01_ef_modifier_type;770;goods_input_spe_latvian_lats_c_add;Потребление валюты;Потребление латвийского лата;A/сырой ключ вместо названия
01_ef_modifier_type;771;goods_input_spe_latvian_lats_c_mult;Множитель потребления валюты;Множитель потребления латвийского лата;A/сырой ключ вместо названия
01_ef_modifier_type;772;goods_output_spe_latvian_lats_c_mult;Множитель выпуска валюты;Множитель производства латвийского лата;A/сырой ключ вместо названия
01_ef_modifier_type;774;goods_output_spe_lithuanian_litas_c_add;Выпуск валюты;Производство литовского лита;A/сырой ключ вместо названия
01_ef_modifier_type;775;goods_input_spe_lithuanian_litas_c_add;Потребление валюты;Потребление литовского лита;A/сырой ключ вместо названия
01_ef_modifier_type;776;goods_input_spe_lithuanian_litas_c_mult;Множитель потребления валюты;Множитель потребления литовского лита;A/сырой ключ вместо названия
01_ef_modifier_type;777;goods_output_spe_lithuanian_litas_c_mult;Множитель выпуска валюты;Множитель производства литовского лита;A/сырой ключ вместо названия
01_ef_modifier_type;779;goods_output_spe_peseta_c_add;Выпуск валюты;Производство песеты;A/сырой ключ вместо названия
01_ef_modifier_type;780;goods_input_spe_peseta_c_add;Потребление валюты;Потребление песеты;A/сырой ключ вместо названия
01_ef_modifier_type;781;goods_input_spe_peseta_c_mult;Множитель потребления валюты;Множитель потребления песеты;A/сырой ключ вместо названия
01_ef_modifier_type;782;goods_output_spe_peseta_c_mult;Множитель выпуска валюты;Множитель производства песеты;A/сырой ключ вместо названия
01_ef_modifier_type;784;goods_output_spe_ruble_c_add;Выпуск валюты;Производство рубля;A/сырой ключ вместо названия
01_ef_modifier_type;785;goods_input_spe_ruble_c_add;Потребление валюты;Потребление рубля;A/сырой ключ вместо названия
01_ef_modifier_type;786;goods_input_spe_ruble_c_mult;Множитель потребления валюты;Множитель потребления рубля;A/сырой ключ вместо названия
01_ef_modifier_type;787;goods_output_spe_ruble_c_mult;Множитель выпуска валюты;Множитель производства рубля;A/сырой ключ вместо названия
01_ef_modifier_type;789;goods_output_spe_uni_c_add;Выпуск валюты;Производство уни;A/сырой ключ вместо названия
01_ef_modifier_type;790;goods_input_spe_uni_c_add;Потребление валюты;Потребление уни;A/сырой ключ вместо названия
01_ef_modifier_type;791;goods_input_spe_uni_c_mult;Множитель потребления валюты;Множитель потребления уни;A/сырой ключ вместо названия
01_ef_modifier_type;792;goods_output_spe_uni_c_mult;Множитель выпуска валюты;Множитель производства уни;A/сырой ключ вместо названия
01_ef_modifier_type;794;goods_output_spe_yen_c_add;Выпуск валюты;Производство иены;A/сырой ключ вместо названия
01_ef_modifier_type;795;goods_input_spe_yen_c_add;Потребление валюты;Потребление иены;A/сырой ключ вместо названия
01_ef_modifier_type;796;goods_input_spe_yen_c_mult;Множитель потребления валюты;Множитель потребления иены;A/сырой ключ вместо названия
01_ef_modifier_type;797;goods_output_spe_yen_c_mult;Множитель выпуска валюты;Множитель производства иены;A/сырой ключ вместо названия
01_ef_modifier_type;799;goods_output_spe_yuan_c_add;Выпуск валюты;Производство юаня;A/сырой ключ вместо названия
01_ef_modifier_type;800;goods_input_spe_yuan_c_add;Потребление валюты;Потребление юаня;A/сырой ключ вместо названия
01_ef_modifier_type;801;goods_input_spe_yuan_c_mult;Множитель потребления валюты;Множитель потребления юаня;A/сырой ключ вместо названия
01_ef_modifier_type;802;goods_output_spe_yuan_c_mult;Множитель выпуска валюты;Множитель производства юаня;A/сырой ключ вместо названия
01_ef_modifier_type;804;goods_output_spe_zloti_c_add;Выпуск валюты;Производство злотого;A/сырой ключ вместо названия
01_ef_modifier_type;805;goods_input_spe_zloti_c_add;Потребление валюты;Потребление злотого;A/сырой ключ вместо названия
01_ef_modifier_type;806;goods_input_spe_zloti_c_mult;Множитель потребления валюты;Множитель потребления злотого;A/сырой ключ вместо названия
01_ef_modifier_type;807;goods_output_spe_zloti_c_mult;Множитель выпуска валюты;Множитель производства злотого;A/сырой ключ вместо названия
01_ef_modifier_type;809;goods_output_thaler_hannoveraner_thaler_c_add;Выпуск валюты;Производство ганноверского талера;A/сырой ключ вместо названия
01_ef_modifier_type;810;goods_input_thaler_hannoveraner_thaler_c_add;Потребление валюты;Потребление ганноверского талера;A/сырой ключ вместо названия
01_ef_modifier_type;811;goods_input_thaler_hannoveraner_thaler_c_mult;Множитель потребления валюты;Множитель потребления ганноверского талера;A/сырой ключ вместо названия
01_ef_modifier_type;812;goods_output_thaler_hannoveraner_thaler_c_mult;Множитель выпуска валюты;Множитель производства ганноверского талера;A/сырой ключ вместо названия
01_ef_modifier_type;814;goods_output_thaler_prussian_thaler_c_add;Выпуск валюты;Производство прусского талера;A/сырой ключ вместо названия
01_ef_modifier_type;815;goods_input_thaler_prussian_thaler_c_add;Потребление валюты;Потребление прусского талера;A/сырой ключ вместо названия
01_ef_modifier_type;816;goods_input_thaler_prussian_thaler_c_mult;Множитель потребления валюты;Множитель потребления прусского талера;A/сырой ключ вместо названия
01_ef_modifier_type;817;goods_output_thaler_prussian_thaler_c_mult;Множитель выпуска валюты;Множитель производства прусского талера;A/сырой ключ вместо названия
01_ef_modifier_type;819;goods_output_thaler_saxon_thaler_c_add;Выпуск валюты;Производство саксонского талера;A/сырой ключ вместо названия
01_ef_modifier_type;820;goods_input_thaler_saxon_thaler_c_add;Потребление валюты;Потребление саксонского талера;A/сырой ключ вместо названия
01_ef_modifier_type;821;goods_input_thaler_saxon_thaler_c_mult;Множитель потребления валюты;Множитель потребления саксонского талера;A/сырой ключ вместо названия
01_ef_modifier_type;822;goods_output_thaler_saxon_thaler_c_mult;Множитель выпуска валюты;Множитель производства саксонского талера;A/сырой ключ вместо названия
01_ef_modifier_type;827;goods_output_ammunition_add;Множитель потребления @ammunition!;Производство @ammunition!;A/перепутаны input/output в оригинале
01_ef_modifier_type;828;goods_output_ammunition_add_desc;Множитель производства @ammunition!;Производство @ammunition!;A/перепутаны input/output в оригинале
01_ef_modifier_type;829;goods_input_ammunition_add;Множитель производства @ammunition!;Потребление @ammunition!;A/перепутаны input/output в оригинале
01_ef_modifier_type;830;goods_input_ammunition_add_desc;Множитель потребления @ammunition!;Потребление @ammunition!;A/перепутаны input/output в оригинале
01_ef_modifier_type;840;goods_output_small_arms_add;Множитель потребления @small_arms!;Производство @small_arms!;A/перепутаны input/output в оригинале
01_ef_modifier_type;841;goods_output_small_arms_add_desc;Множитель производства @small_arms!;Производство @small_arms!;A/перепутаны input/output в оригинале
01_ef_modifier_type;842;goods_input_small_arms_add;Множитель производства @small_arms!;Потребление @small_arms!;A/перепутаны input/output в оригинале
01_ef_modifier_type;843;goods_input_small_arms_add_desc;Множитель потребления @small_arms!;Потребление @small_arms!;A/перепутаны input/output в оригинале
01_ef_modifier_type;853;goods_output_artillery_add;Множитель потребления @artillery!;Производство @artillery!;A/перепутаны input/output в оригинале
01_ef_modifier_type;854;goods_output_artillery_add_desc;Множитель производства @artillery!;Производство @artillery!;A/перепутаны input/output в оригинале
01_ef_modifier_type;855;goods_input_artillery_add;Множитель производства @artillery!;Потребление @artillery!;A/перепутаны input/output в оригинале
01_ef_modifier_type;856;goods_input_artillery_add_desc;Множитель потребления @artillery!;Потребление @artillery!;A/перепутаны input/output в оригинале
01_ef_modifier_type;866;goods_output_tanks_add;Множитель потребления @tanks!;Производство @tanks!;A/перепутаны input/output в оригинале
01_ef_modifier_type;867;goods_output_tanks_add_desc;Множитель производства @tanks!;Производство @tanks!;A/перепутаны input/output в оригинале
01_ef_modifier_type;868;goods_input_tanks_add;Множитель производства @tanks!;Потребление @tanks!;A/перепутаны input/output в оригинале
01_ef_modifier_type;869;goods_input_tanks_add_desc;Множитель потребления @tanks!;Потребление @tanks!;A/перепутаны input/output в оригинале
01_ef_modifier_type;879;goods_output_aeroplanes_add;Множитель потребления @aeroplanes!;Производство @aeroplanes!;A/перепутаны input/output в оригинале
01_ef_modifier_type;880;goods_output_aeroplanes_add_desc;Множитель производства @aeroplanes!;Производство @aeroplanes!;A/перепутаны input/output в оригинале
01_ef_modifier_type;881;goods_input_aeroplanes_add;Множитель производства @aeroplanes!;Потребление @aeroplanes!;A/перепутаны input/output в оригинале
01_ef_modifier_type;882;goods_input_aeroplanes_add_desc;Множитель потребления @aeroplanes!;Потребление @aeroplanes!;A/перепутаны input/output в оригинале
01_ef_modifier_type;892;goods_output_grain_add;Множитель потребления @grain!;Производство @grain!;A/перепутаны input/output в оригинале
01_ef_modifier_type;893;goods_output_grain_add_desc;Множитель производства @grain!;Производство @grain!;A/перепутаны input/output в оригинале
01_ef_modifier_type;894;goods_input_grain_add;Множитель производства @grain!;Потребление @grain!;A/перепутаны input/output в оригинале
01_ef_modifier_type;895;goods_input_grain_add_desc;Множитель потребления @grain!;Потребление @grain!;A/перепутаны input/output в оригинале
01_ef_modifier_type;905;goods_output_fabric_add;Множитель потребления @fabric!;Производство @fabric!;A/перепутаны input/output в оригинале
01_ef_modifier_type;906;goods_output_fabric_add_desc;Множитель производства @fabric!;Производство @fabric!;A/перепутаны input/output в оригинале
01_ef_modifier_type;907;goods_input_fabric_add;Множитель производства @fabric!;Потребление @fabric!;A/перепутаны input/output в оригинале
01_ef_modifier_type;908;goods_input_fabric_add_desc;Множитель потребления @fabric!;Потребление @fabric!;A/перепутаны input/output в оригинале
01_ef_modifier_type;918;goods_output_wood_add;Множитель потребления @wood!;Производство @wood!;A/перепутаны input/output в оригинале
01_ef_modifier_type;919;goods_output_wood_add_desc;Множитель производства @wood!;Производство @wood!;A/перепутаны input/output в оригинале
01_ef_modifier_type;920;goods_input_wood_add;Множитель производства @wood!;Потребление @wood!;A/перепутаны input/output в оригинале
01_ef_modifier_type;921;goods_input_wood_add_desc;Множитель потребления @wood!;Потребление @wood!;A/перепутаны input/output в оригинале
01_ef_modifier_type;931;goods_output_groceries_add;Множитель потребления @groceries!;Производство @groceries!;A/перепутаны input/output в оригинале
01_ef_modifier_type;932;goods_output_groceries_add_desc;Множитель производства @groceries!;Производство @groceries!;A/перепутаны input/output в оригинале
01_ef_modifier_type;933;goods_input_groceries_add;Множитель производства @groceries!;Потребление @groceries!;A/перепутаны input/output в оригинале
01_ef_modifier_type;934;goods_input_groceries_add_desc;Множитель потребления @groceries!;Потребление @groceries!;A/перепутаны input/output в оригинале
01_ef_modifier_type;944;goods_output_clothes_add;Множитель потребления @clothes!;Производство @clothes!;A/перепутаны input/output в оригинале
01_ef_modifier_type;945;goods_output_clothes_add_desc;Множитель производства @clothes!;Производство @clothes!;A/перепутаны input/output в оригинале
01_ef_modifier_type;946;goods_input_clothes_add;Множитель производства @clothes!;Потребление @clothes!;A/перепутаны input/output в оригинале
01_ef_modifier_type;947;goods_input_clothes_add_desc;Множитель потребления @clothes!;Потребление @clothes!;A/перепутаны input/output в оригинале
01_ef_modifier_type;957;goods_output_paper_add;Множитель потребления @paper!;Производство @paper!;A/перепутаны input/output в оригинале
01_ef_modifier_type;958;goods_output_paper_add_desc;Множитель производства @paper!;Производство @paper!;A/перепутаны input/output в оригинале
01_ef_modifier_type;959;goods_input_paper_add;Множитель производства @paper!;Потребление @paper!;A/перепутаны input/output в оригинале
01_ef_modifier_type;960;goods_input_paper_add_desc;Множитель потребления @paper!;Потребление @paper!;A/перепутаны input/output в оригинале
01_ef_modifier_type;970;goods_output_silk_add;Множитель потребления @silk!;Производство @silk!;A/перепутаны input/output в оригинале
01_ef_modifier_type;971;goods_output_silk_add_desc;Множитель производства @silk!;Производство @silk!;A/перепутаны input/output в оригинале
01_ef_modifier_type;972;goods_input_silk_add;Множитель производства @silk!;Потребление @silk!;A/перепутаны input/output в оригинале
01_ef_modifier_type;973;goods_input_silk_add_desc;Множитель потребления @silk!;Потребление @silk!;A/перепутаны input/output в оригинале
01_ef_modifier_type;983;goods_output_dye_add;Множитель потребления @dye!;Производство @dye!;A/перепутаны input/output в оригинале
01_ef_modifier_type;984;goods_output_dye_add_desc;Множитель производства @dye!;Производство @dye!;A/перепутаны input/output в оригинале
01_ef_modifier_type;985;goods_input_dye_add;Множитель производства @dye!;Потребление @dye!;A/перепутаны input/output в оригинале
01_ef_modifier_type;986;goods_input_dye_add_desc;Множитель потребления @dye!;Потребление @dye!;A/перепутаны input/output в оригинале
01_ef_modifier_type;996;goods_output_sulfur_add;Множитель потребления @sulfur!;Производство @sulfur!;A/перепутаны input/output в оригинале
01_ef_modifier_type;997;goods_output_sulfur_add_desc;Множитель производства @sulfur!;Производство @sulfur!;A/перепутаны input/output в оригинале
01_ef_modifier_type;998;goods_input_sulfur_add;Множитель производства @sulfur!;Потребление @sulfur!;A/перепутаны input/output в оригинале
01_ef_modifier_type;999;goods_input_sulfur_add_desc;Множитель потребления @sulfur!;Потребление @sulfur!;A/перепутаны input/output в оригинале
01_ef_modifier_type;1009;goods_output_coal_add;Множитель потребления @coal!;Производство @coal!;A/перепутаны input/output в оригинале
01_ef_modifier_type;1010;goods_output_coal_add_desc;Множитель производства @coal!;Производство @coal!;A/перепутаны input/output в оригинале
01_ef_modifier_type;1011;goods_input_coal_add;Множитель производства @coal!;Потребление @coal!;A/перепутаны input/output в оригинале
01_ef_modifier_type;1012;goods_input_coal_add_desc;Множитель потребления @coal!;Потребление @coal!;A/перепутаны input/output в оригинале
01_ef_modifier_type;1022;goods_output_iron_add;Множитель потребления @iron!;Производство @iron!;A/перепутаны input/output в оригинале
01_ef_modifier_type;1023;goods_output_iron_add_desc;Множитель производства @iron!;Производство @iron!;A/перепутаны input/output в оригинале
01_ef_modifier_type;1024;goods_input_iron_add;Множитель производства @iron!;Потребление @iron!;A/перепутаны input/output в оригинале
01_ef_modifier_type;1025;goods_input_iron_add_desc;Множитель потребления @iron!;Потребление @iron!;A/перепутаны input/output в оригинале
01_ef_modifier_type;1035;goods_output_lead_add;Множитель потребления @lead!;Производство @lead!;A/перепутаны input/output в оригинале
01_ef_modifier_type;1036;goods_output_lead_add_desc;Множитель производства @lead!;Производство @lead!;A/перепутаны input/output в оригинале
01_ef_modifier_type;1037;goods_input_lead_add;Множитель производства @lead!;Потребление @lead!;A/перепутаны input/output в оригинале
01_ef_modifier_type;1038;goods_input_lead_add_desc;Множитель потребления @lead!;Потребление @lead!;A/перепутаны input/output в оригинале
01_ef_modifier_type;1048;goods_output_hardwood_add;Множитель потребления @hardwood!;Производство @hardwood!;A/перепутаны input/output в оригинале
01_ef_modifier_type;1049;goods_output_hardwood_add_desc;Множитель производства @hardwood!;Производство @hardwood!;A/перепутаны input/output в оригинале
01_ef_modifier_type;1050;goods_input_hardwood_add;Множитель производства @hardwood!;Потребление @hardwood!;A/перепутаны input/output в оригинале
01_ef_modifier_type;1051;goods_input_hardwood_add_desc;Множитель потребления @hardwood!;Потребление @hardwood!;A/перепутаны input/output в оригинале
01_ef_modifier_type;1061;goods_output_rubber_add;Множитель потребления @rubber!;Производство @rubber!;A/перепутаны input/output в оригинале
01_ef_modifier_type;1062;goods_output_rubber_add_desc;Множитель производства @rubber!;Производство @rubber!;A/перепутаны input/output в оригинале
01_ef_modifier_type;1063;goods_input_rubber_add;Множитель производства @rubber!;Потребление @rubber!;A/перепутаны input/output в оригинале
01_ef_modifier_type;1064;goods_input_rubber_add_desc;Множитель потребления @rubber!;Потребление @rubber!;A/перепутаны input/output в оригинале
01_ef_modifier_type;1074;goods_output_oil_add;Множитель потребления @oil!;Производство @oil!;A/перепутаны input/output в оригинале
01_ef_modifier_type;1075;goods_output_oil_add_desc;Множитель производства @oil!;Производство @oil!;A/перепутаны input/output в оригинале
01_ef_modifier_type;1076;goods_input_oil_add;Множитель производства @oil!;Потребление @oil!;A/перепутаны input/output в оригинале
01_ef_modifier_type;1077;goods_input_oil_add_desc;Множитель потребления @oil!;Потребление @oil!;A/перепутаны input/output в оригинале
01_ef_modifier_type;1087;goods_output_engines_add;Множитель потребления @engines!;Производство @engines!;A/перепутаны input/output в оригинале
01_ef_modifier_type;1088;goods_output_engines_add_desc;Множитель производства @engines!;Производство @engines!;A/перепутаны input/output в оригинале
01_ef_modifier_type;1089;goods_input_engines_add;Множитель производства @engines!;Потребление @engines!;A/перепутаны input/output в оригинале
01_ef_modifier_type;1090;goods_input_engines_add_desc;Множитель потребления @engines!;Потребление @engines!;A/перепутаны input/output в оригинале
01_ef_modifier_type;1100;goods_output_steel_add;Множитель потребления @steel!;Производство @steel!;A/перепутаны input/output в оригинале
01_ef_modifier_type;1101;goods_output_steel_add_desc;Множитель производства @steel!;Производство @steel!;A/перепутаны input/output в оригинале
01_ef_modifier_type;1102;goods_input_steel_add;Множитель производства @steel!;Потребление @steel!;A/перепутаны input/output в оригинале
01_ef_modifier_type;1103;goods_input_steel_add_desc;Множитель потребления @steel!;Потребление @steel!;A/перепутаны input/output в оригинале
01_ef_modifier_type;1113;goods_output_fertilizer_add;Множитель потребления @fertilizer!;Производство @fertilizer!;A/перепутаны input/output в оригинале
01_ef_modifier_type;1114;goods_output_fertilizer_add_desc;Множитель производства @fertilizer!;Производство @fertilizer!;A/перепутаны input/output в оригинале
01_ef_modifier_type;1115;goods_input_fertilizer_add;Множитель производства @fertilizer!;Потребление @fertilizer!;A/перепутаны input/output в оригинале
01_ef_modifier_type;1116;goods_input_fertilizer_add_desc;Множитель потребления @fertilizer!;Потребление @fertilizer!;A/перепутаны input/output в оригинале
01_ef_modifier_type;1126;goods_output_tools_add;Множитель потребления @tools!;Производство @tools!;A/перепутаны input/output в оригинале
01_ef_modifier_type;1127;goods_output_tools_add_desc;Множитель производства @tools!;Производство @tools!;A/перепутаны input/output в оригинале
01_ef_modifier_type;1128;goods_input_tools_add;Множитель производства @tools!;Потребление @tools!;A/перепутаны input/output в оригинале
01_ef_modifier_type;1129;goods_input_tools_add_desc;Множитель потребления @tools!;Потребление @tools!;A/перепутаны input/output в оригинале
01_ef_modifier_type;1139;goods_output_explosives_add;Множитель потребления @explosives!;Производство @explosives!;A/перепутаны input/output в оригинале
01_ef_modifier_type;1140;goods_output_explosives_add_desc;Множитель производства @explosives!;Производство @explosives!;A/перепутаны input/output в оригинале
01_ef_modifier_type;1141;goods_input_explosives_add;Множитель производства @explosives!;Потребление @explosives!;A/перепутаны input/output в оригинале
01_ef_modifier_type;1142;goods_input_explosives_add_desc;Множитель потребления @explosives!;Потребление @explosives!;A/перепутаны input/output в оригинале
01_ef_modifier_type;1152;goods_output_automobiles_add;Множитель потребления @automobiles!;Производство @automobiles!;A/перепутаны input/output в оригинале
01_ef_modifier_type;1153;goods_output_automobiles_add_desc;Множитель производства @automobiles!;Производство @automobiles!;A/перепутаны input/output в оригинале
01_ef_modifier_type;1154;goods_input_automobiles_add;Множитель производства @automobiles!;Потребление @automobiles!;A/перепутаны input/output в оригинале
01_ef_modifier_type;1155;goods_input_automobiles_add_desc;Множитель потребления @automobiles!;Потребление @automobiles!;A/перепутаны input/output в оригинале
01_ef_modifier_type;1165;goods_output_telephones_add;Множитель потребления @telephones!;Производство @telephones!;A/перепутаны input/output в оригинале
01_ef_modifier_type;1166;goods_output_telephones_add_desc;Множитель производства @telephones!;Производство @telephones!;A/перепутаны input/output в оригинале
01_ef_modifier_type;1167;goods_input_telephones_add;Множитель производства @telephones!;Потребление @telephones!;A/перепутаны input/output в оригинале
01_ef_modifier_type;1168;goods_input_telephones_add_desc;Множитель потребления @telephones!;Потребление @telephones!;A/перепутаны input/output в оригинале
01_ef_modifier_type;1178;goods_output_radios_add;Множитель потребления @radios!;Производство @radios!;A/перепутаны input/output в оригинале
01_ef_modifier_type;1179;goods_output_radios_add_desc;Множитель производства @radios!;Производство @radios!;A/перепутаны input/output в оригинале
01_ef_modifier_type;1180;goods_input_radios_add;Множитель производства @radios!;Потребление @radios!;A/перепутаны input/output в оригинале
01_ef_modifier_type;1181;goods_input_radios_add_desc;Множитель потребления @radios!;Потребление @radios!;A/перепутаны input/output в оригинале
01_ef_modifier_type;1191;goods_output_opium_add;Множитель потребления @opium!;Производство @opium!;A/перепутаны input/output в оригинале
01_ef_modifier_type;1192;goods_output_opium_add_desc;Множитель производства @opium!;Производство @opium!;A/перепутаны input/output в оригинале
01_ef_modifier_type;1193;goods_input_opium_add;Множитель производства @opium!;Потребление @opium!;A/перепутаны input/output в оригинале
01_ef_modifier_type;1194;goods_input_opium_add_desc;Множитель потребления @opium!;Потребление @opium!;A/перепутаны input/output в оригинале
01_ef_modifier_type;1207;goods_output_dinar_c_add;Множитель потребления dinar;Производство динара;A/сырой ключ вместо названия
01_ef_modifier_type;1208;goods_input_dinar_c_add;Множитель выпуска dinar;Потребление динара;A/сырой ключ вместо названия
01_ef_modifier_type;1209;goods_input_dinar_c_mult;Потребление dinar;Множитель потребления динара;A/сырой ключ вместо названия
01_ef_modifier_type;1210;goods_output_dinar_c_mult;Выпуск dinar;Множитель производства динара;A/сырой ключ вместо названия
01_ef_modifier_type;1211;goods_output_dinar_algerian_dinar_c_add;Множитель потребления dinar_algerian_dinar;Производство алжирского динара;A/сырой ключ вместо названия
01_ef_modifier_type;1212;goods_input_dinar_algerian_dinar_c_add;Множитель выпуска dinar_algerian_dinar;Потребление алжирского динара;A/сырой ключ вместо названия
01_ef_modifier_type;1213;goods_input_dinar_algerian_dinar_c_mult;Потребление dinar_algerian_dinar;Множитель потребления алжирского динара;A/сырой ключ вместо названия
01_ef_modifier_type;1214;goods_output_dinar_algerian_dinar_c_mult;Выпуск dinar_algerian_dinar;Множитель производства алжирского динара;A/сырой ключ вместо названия
01_ef_modifier_type;1215;goods_output_dinar_iraqi_dinar_c_add;Множитель потребления dinar_iraqi_dinar;Производство иракского динара;A/сырой ключ вместо названия
01_ef_modifier_type;1216;goods_input_dinar_iraqi_dinar_c_add;Множитель выпуска dinar_iraqi_dinar;Потребление иракского динара;A/сырой ключ вместо названия
01_ef_modifier_type;1217;goods_input_dinar_iraqi_dinar_c_mult;Потребление dinar_iraqi_dinar;Множитель потребления иракского динара;A/сырой ключ вместо названия
01_ef_modifier_type;1218;goods_output_dinar_iraqi_dinar_c_mult;Выпуск dinar_iraqi_dinar;Множитель производства иракского динара;A/сырой ключ вместо названия
01_ef_modifier_type;1219;goods_output_dinar_libyan_dinar_c_add;Множитель потребления dinar_libyan_dinar;Производство ливийского динара;A/сырой ключ вместо названия
01_ef_modifier_type;1220;goods_input_dinar_libyan_dinar_c_add;Множитель выпуска dinar_libyan_dinar;Потребление ливийского динара;A/сырой ключ вместо названия
01_ef_modifier_type;1221;goods_input_dinar_libyan_dinar_c_mult;Потребление dinar_libyan_dinar;Множитель потребления ливийского динара;A/сырой ключ вместо названия
01_ef_modifier_type;1222;goods_output_dinar_libyan_dinar_c_mult;Выпуск dinar_libyan_dinar;Множитель производства ливийского динара;A/сырой ключ вместо названия
01_ef_modifier_type;1223;goods_output_dinar_moroccan_dirham_c_add;Множитель потребления dinar_moroccan_dirham;Производство марокканского дирхама;A/сырой ключ вместо названия
01_ef_modifier_type;1224;goods_input_dinar_moroccan_dirham_c_add;Множитель выпуска dinar_moroccan_dirham;Потребление марокканского дирхама;A/сырой ключ вместо названия
01_ef_modifier_type;1225;goods_input_dinar_moroccan_dirham_c_mult;Потребление dinar_moroccan_dirham;Множитель потребления марокканского дирхама;A/сырой ключ вместо названия
01_ef_modifier_type;1226;goods_output_dinar_moroccan_dirham_c_mult;Выпуск dinar_moroccan_dirham;Множитель производства марокканского дирхама;A/сырой ключ вместо названия
01_ef_modifier_type;1227;goods_output_dinar_omanian_rial_c_add;Множитель потребления dinar_omanian_rial;Производство оманского риала;A/сырой ключ вместо названия
01_ef_modifier_type;1228;goods_input_dinar_omanian_rial_c_add;Множитель выпуска dinar_omanian_rial;Потребление оманского риала;A/сырой ключ вместо названия
01_ef_modifier_type;1229;goods_input_dinar_omanian_rial_c_mult;Потребление dinar_omanian_rial;Множитель потребления оманского риала;A/сырой ключ вместо названия
01_ef_modifier_type;1230;goods_output_dinar_omanian_rial_c_mult;Выпуск dinar_omanian_rial;Множитель производства оманского риала;A/сырой ключ вместо названия
01_ef_modifier_type;1231;goods_output_dinar_qiran_c_add;Множитель потребления dinar_qiran;Производство кирана;A/сырой ключ вместо названия
01_ef_modifier_type;1232;goods_input_dinar_qiran_c_add;Множитель выпуска dinar_qiran;Потребление кирана;A/сырой ключ вместо названия
01_ef_modifier_type;1233;goods_input_dinar_qiran_c_mult;Потребление dinar_qiran;Множитель потребления кирана;A/сырой ключ вместо названия
01_ef_modifier_type;1234;goods_output_dinar_qiran_c_mult;Выпуск dinar_qiran;Множитель производства кирана;A/сырой ключ вместо названия
01_ef_modifier_type;1235;goods_output_dinar_saudi_riyal_c_add;Множитель потребления dinar_saudi_riyal;Производство саудовского рияла;A/сырой ключ вместо названия
01_ef_modifier_type;1236;goods_input_dinar_saudi_riyal_c_add;Множитель выпуска dinar_saudi_riyal;Потребление саудовского рияла;A/сырой ключ вместо названия
01_ef_modifier_type;1237;goods_input_dinar_saudi_riyal_c_mult;Потребление dinar_saudi_riyal;Множитель потребления саудовского рияла;A/сырой ключ вместо названия
01_ef_modifier_type;1238;goods_output_dinar_saudi_riyal_c_mult;Выпуск dinar_saudi_riyal;Множитель производства саудовского рияла;A/сырой ключ вместо названия
01_ef_modifier_type;1239;goods_output_dinar_serbian_dinar_c_add;Множитель потребления dinar_serbian_dinar;Производство сербского динара;A/сырой ключ вместо названия
01_ef_modifier_type;1240;goods_input_dinar_serbian_dinar_c_add;Множитель выпуска dinar_serbian_dinar;Потребление сербского динара;A/сырой ключ вместо названия
01_ef_modifier_type;1241;goods_input_dinar_serbian_dinar_c_mult;Потребление dinar_serbian_dinar;Множитель потребления сербского динара;A/сырой ключ вместо названия
01_ef_modifier_type;1242;goods_output_dinar_serbian_dinar_c_mult;Выпуск dinar_serbian_dinar;Множитель производства сербского динара;A/сырой ключ вместо названия
01_ef_modifier_type;1243;goods_output_dinar_tunisian_dinar_c_add;Множитель потребления dinar_tunisian_dinar;Производство тунисского динара;A/сырой ключ вместо названия
01_ef_modifier_type;1244;goods_input_dinar_tunisian_dinar_c_add;Множитель выпуска dinar_tunisian_dinar;Потребление тунисского динара;A/сырой ключ вместо названия
01_ef_modifier_type;1245;goods_input_dinar_tunisian_dinar_c_mult;Потребление dinar_tunisian_dinar;Множитель потребления тунисского динара;A/сырой ключ вместо названия
01_ef_modifier_type;1246;goods_output_dinar_tunisian_dinar_c_mult;Выпуск dinar_tunisian_dinar;Множитель производства тунисского динара;A/сырой ключ вместо названия
01_ef_modifier_type;1247;goods_output_dinar_yugoslav_dinar_c_add;Множитель потребления dinar_yugoslav_dinar;Производство югославского динара;A/сырой ключ вместо названия
01_ef_modifier_type;1248;goods_input_dinar_yugoslav_dinar_c_add;Множитель выпуска dinar_yugoslav_dinar;Потребление югославского динара;A/сырой ключ вместо названия
01_ef_modifier_type;1249;goods_input_dinar_yugoslav_dinar_c_mult;Потребление dinar_yugoslav_dinar;Множитель потребления югославского динара;A/сырой ключ вместо названия
01_ef_modifier_type;1250;goods_output_dinar_yugoslav_dinar_c_mult;Выпуск dinar_yugoslav_dinar;Множитель производства югославского динара;A/сырой ключ вместо названия
01_ef_modifier_type;1251;goods_output_dollar_australian_dollar_c_add;Множитель потребления dollar_australian_dollar;Производство австралийского доллара;A/сырой ключ вместо названия
01_ef_modifier_type;1252;goods_input_dollar_australian_dollar_c_add;Множитель выпуска dollar_australian_dollar;Потребление австралийского доллара;A/сырой ключ вместо названия
01_ef_modifier_type;1253;goods_input_dollar_australian_dollar_c_mult;Потребление dollar_australian_dollar;Множитель потребления австралийского доллара;A/сырой ключ вместо названия
01_ef_modifier_type;1254;goods_output_dollar_australian_dollar_c_mult;Выпуск dollar_australian_dollar;Множитель производства австралийского доллара;A/сырой ключ вместо названия
01_ef_modifier_type;1255;goods_output_dollar_canadian_dollar_c_add;Множитель потребления dollar_canadian_dollar;Производство канадского доллара;A/сырой ключ вместо названия
01_ef_modifier_type;1256;goods_input_dollar_canadian_dollar_c_add;Множитель выпуска dollar_canadian_dollar;Потребление канадского доллара;A/сырой ключ вместо названия
01_ef_modifier_type;1257;goods_input_dollar_canadian_dollar_c_mult;Потребление dollar_canadian_dollar;Множитель потребления канадского доллара;A/сырой ключ вместо названия
01_ef_modifier_type;1258;goods_output_dollar_canadian_dollar_c_mult;Выпуск dollar_canadian_dollar;Множитель производства канадского доллара;A/сырой ключ вместо названия
01_ef_modifier_type;1259;goods_output_dollar_caribbean_dollar_c_add;Множитель потребления dollar_caribbean_dollar;Производство карибского доллара;A/сырой ключ вместо названия
01_ef_modifier_type;1260;goods_input_dollar_caribbean_dollar_c_add;Множитель выпуска dollar_caribbean_dollar;Потребление карибского доллара;A/сырой ключ вместо названия
01_ef_modifier_type;1261;goods_input_dollar_caribbean_dollar_c_mult;Потребление dollar_caribbean_dollar;Множитель потребления карибского доллара;A/сырой ключ вместо названия
01_ef_modifier_type;1262;goods_output_dollar_caribbean_dollar_c_mult;Выпуск dollar_caribbean_dollar;Множитель производства карибского доллара;A/сырой ключ вместо названия
01_ef_modifier_type;1263;goods_output_dollar_confederate_states_dollar_c_add;Множитель потребления dollar_confederate_states_dollar;Производство доллара Конфедерации;A/сырой ключ вместо названия
01_ef_modifier_type;1264;goods_input_dollar_confederate_states_dollar_c_add;Множитель выпуска dollar_confederate_states_dollar;Потребление доллара Конфедерации;A/сырой ключ вместо названия
01_ef_modifier_type;1265;goods_input_dollar_confederate_states_dollar_c_mult;Потребление dollar_confederate_states_dollar;Множитель потребления доллара Конфедерации;A/сырой ключ вместо названия
01_ef_modifier_type;1266;goods_output_dollar_confederate_states_dollar_c_mult;Выпуск dollar_confederate_states_dollar;Множитель производства доллара Конфедерации;A/сырой ключ вместо названия
01_ef_modifier_type;1267;goods_output_dollar_liberian_dollar_c_add;Множитель потребления dollar_liberian_dollar;Производство либерийского доллара;A/сырой ключ вместо названия
01_ef_modifier_type;1268;goods_input_dollar_liberian_dollar_c_add;Множитель выпуска dollar_liberian_dollar;Потребление либерийского доллара;A/сырой ключ вместо названия
01_ef_modifier_type;1269;goods_input_dollar_liberian_dollar_c_mult;Потребление dollar_liberian_dollar;Множитель потребления либерийского доллара;A/сырой ключ вместо названия
01_ef_modifier_type;1270;goods_output_dollar_liberian_dollar_c_mult;Выпуск dollar_liberian_dollar;Множитель производства либерийского доллара;A/сырой ключ вместо названия
01_ef_modifier_type;1271;goods_output_dollar_new_zealand_dollar_c_add;Множитель потребления dollar_new_zealand_dollar;Производство новозеландского доллара;A/сырой ключ вместо названия
01_ef_modifier_type;1272;goods_input_dollar_new_zealand_dollar_c_add;Множитель выпуска dollar_new_zealand_dollar;Потребление новозеландского доллара;A/сырой ключ вместо названия
01_ef_modifier_type;1273;goods_input_dollar_new_zealand_dollar_c_mult;Потребление dollar_new_zealand_dollar;Множитель потребления новозеландского доллара;A/сырой ключ вместо названия
01_ef_modifier_type;1274;goods_output_dollar_new_zealand_dollar_c_mult;Выпуск dollar_new_zealand_dollar;Множитель производства новозеландского доллара;A/сырой ключ вместо названия
01_ef_modifier_type;1275;goods_output_dollar_sierra_leonean_dollar_c_add;Множитель потребления dollar_sierra_leonean_dollar;Производство доллара Сьерра-Леоне;A/сырой ключ вместо названия
01_ef_modifier_type;1276;goods_input_dollar_sierra_leonean_dollar_c_add;Множитель выпуска dollar_sierra_leonean_dollar;Потребление доллара Сьерра-Леоне;A/сырой ключ вместо названия
01_ef_modifier_type;1277;goods_input_dollar_sierra_leonean_dollar_c_mult;Потребление dollar_sierra_leonean_dollar;Множитель потребления доллара Сьерра-Леоне;A/сырой ключ вместо названия
01_ef_modifier_type;1278;goods_output_dollar_sierra_leonean_dollar_c_mult;Выпуск dollar_sierra_leonean_dollar;Множитель производства доллара Сьерра-Леоне;A/сырой ключ вместо названия
01_ef_modifier_type;1279;goods_output_dollar_united_states_dollar_c_add;Множитель потребления dollar_united_states_dollar;Производство доллара США;A/сырой ключ вместо названия
01_ef_modifier_type;1280;goods_input_dollar_united_states_dollar_c_add;Множитель выпуска dollar_united_states_dollar;Потребление доллара США;A/сырой ключ вместо названия
01_ef_modifier_type;1281;goods_input_dollar_united_states_dollar_c_mult;Потребление dollar_united_states_dollar;Множитель потребления доллара США;A/сырой ключ вместо названия
01_ef_modifier_type;1282;goods_output_dollar_united_states_dollar_c_mult;Выпуск dollar_united_states_dollar;Множитель производства доллара США;A/сырой ключ вместо названия
01_ef_modifier_type;1283;goods_output_eco_ariary_c_add;Множитель потребления eco_ariary;Производство ариари;A/сырой ключ вместо названия
01_ef_modifier_type;1284;goods_input_eco_ariary_c_add;Множитель выпуска eco_ariary;Потребление ариари;A/сырой ключ вместо названия
01_ef_modifier_type;1285;goods_input_eco_ariary_c_mult;Потребление eco_ariary;Множитель потребления ариари;A/сырой ключ вместо названия
01_ef_modifier_type;1286;goods_output_eco_ariary_c_mult;Выпуск eco_ariary;Множитель производства ариари;A/сырой ключ вместо названия
01_ef_modifier_type;1287;goods_output_eco_central_african_eco_c_add;Множитель потребления eco_central_african_eco;Производство центральноафриканского эко;A/сырой ключ вместо названия
01_ef_modifier_type;1288;goods_input_eco_central_african_eco_c_add;Множитель выпуска eco_central_african_eco;Потребление центральноафриканского эко;A/сырой ключ вместо названия
01_ef_modifier_type;1289;goods_input_eco_central_african_eco_c_mult;Потребление eco_central_african_eco;Множитель потребления центральноафриканского эко;A/сырой ключ вместо названия
01_ef_modifier_type;1290;goods_output_eco_central_african_eco_c_mult;Выпуск eco_central_african_eco;Множитель производства центральноафриканского эко;A/сырой ключ вместо названия
01_ef_modifier_type;1291;goods_output_eco_east_african_eco_c_add;Множитель потребления eco_east_african_eco;Производство восточноафриканского эко;A/сырой ключ вместо названия
01_ef_modifier_type;1292;goods_input_eco_east_african_eco_c_add;Множитель выпуска eco_east_african_eco;Потребление восточноафриканского эко;A/сырой ключ вместо названия
01_ef_modifier_type;1293;goods_input_eco_east_african_eco_c_mult;Потребление eco_east_african_eco;Множитель потребления восточноафриканского эко;A/сырой ключ вместо названия
01_ef_modifier_type;1294;goods_output_eco_east_african_eco_c_mult;Выпуск eco_east_african_eco;Множитель производства восточноафриканского эко;A/сырой ключ вместо названия
01_ef_modifier_type;1295;goods_output_eco_ethiopian_birr_c_add;Множитель потребления eco_ethiopian_birr;Производство эфиопского быра;A/сырой ключ вместо названия
01_ef_modifier_type;1296;goods_input_eco_ethiopian_birr_c_add;Множитель выпуска eco_ethiopian_birr;Потребление эфиопского быра;A/сырой ключ вместо названия
01_ef_modifier_type;1297;goods_input_eco_ethiopian_birr_c_mult;Потребление eco_ethiopian_birr;Множитель потребления эфиопского быра;A/сырой ключ вместо названия
01_ef_modifier_type;1298;goods_output_eco_ethiopian_birr_c_mult;Выпуск eco_ethiopian_birr;Множитель производства эфиопского быра;A/сырой ключ вместо названия
01_ef_modifier_type;1299;goods_output_eco_ghanaian_pound_c_add;Множитель потребления eco_ghanaian_pound;Производство ганского фунта;A/сырой ключ вместо названия
01_ef_modifier_type;1300;goods_input_eco_ghanaian_pound_c_add;Множитель выпуска eco_ghanaian_pound;Потребление ганского фунта;A/сырой ключ вместо названия
01_ef_modifier_type;1301;goods_input_eco_ghanaian_pound_c_mult;Потребление eco_ghanaian_pound;Множитель потребления ганского фунта;A/сырой ключ вместо названия
01_ef_modifier_type;1302;goods_output_eco_ghanaian_pound_c_mult;Выпуск eco_ghanaian_pound;Множитель производства ганского фунта;A/сырой ключ вместо названия
01_ef_modifier_type;1303;goods_output_eco_nigerian_naira_c_add;Множитель потребления eco_nigerian_naira;Производство нигерийской найры;A/сырой ключ вместо названия
01_ef_modifier_type;1304;goods_input_eco_nigerian_naira_c_add;Множитель выпуска eco_nigerian_naira;Потребление нигерийской найры;A/сырой ключ вместо названия
01_ef_modifier_type;1305;goods_input_eco_nigerian_naira_c_mult;Потребление eco_nigerian_naira;Множитель потребления нигерийской найры;A/сырой ключ вместо названия
01_ef_modifier_type;1306;goods_output_eco_nigerian_naira_c_mult;Выпуск eco_nigerian_naira;Множитель производства нигерийской найры;A/сырой ключ вместо названия
01_ef_modifier_type;1307;goods_output_eco_south_african_rand_c_add;Множитель потребления eco_south_african_rand;Производство южноафриканского ранда;A/сырой ключ вместо названия
01_ef_modifier_type;1308;goods_input_eco_south_african_rand_c_add;Множитель выпуска eco_south_african_rand;Потребление южноафриканского ранда;A/сырой ключ вместо названия
01_ef_modifier_type;1309;goods_input_eco_south_african_rand_c_mult;Потребление eco_south_african_rand;Множитель потребления южноафриканского ранда;A/сырой ключ вместо названия
01_ef_modifier_type;1310;goods_output_eco_south_african_rand_c_mult;Выпуск eco_south_african_rand;Множитель производства южноафриканского ранда;A/сырой ключ вместо названия
01_ef_modifier_type;1311;goods_output_eco_tuareg_ouguiya_c_add;Множитель потребления eco_tuareg_ouguiya;Производство туарегской угии;A/сырой ключ вместо названия
01_ef_modifier_type;1312;goods_input_eco_tuareg_ouguiya_c_add;Множитель выпуска eco_tuareg_ouguiya;Потребление туарегской угии;A/сырой ключ вместо названия
01_ef_modifier_type;1313;goods_input_eco_tuareg_ouguiya_c_mult;Потребление eco_tuareg_ouguiya;Множитель потребления туарегской угии;A/сырой ключ вместо названия
01_ef_modifier_type;1314;goods_output_eco_tuareg_ouguiya_c_mult;Выпуск eco_tuareg_ouguiya;Множитель производства туарегской угии;A/сырой ключ вместо названия
01_ef_modifier_type;1315;goods_output_eco_west_african_eco_c_add;Множитель потребления eco_west_african_eco;Производство западноафриканского эко;A/сырой ключ вместо названия
01_ef_modifier_type;1316;goods_input_eco_west_african_eco_c_add;Множитель выпуска eco_west_african_eco;Потребление западноафриканского эко;A/сырой ключ вместо названия
01_ef_modifier_type;1317;goods_input_eco_west_african_eco_c_mult;Потребление eco_west_african_eco;Множитель потребления западноафриканского эко;A/сырой ключ вместо названия
01_ef_modifier_type;1318;goods_output_eco_west_african_eco_c_mult;Выпуск eco_west_african_eco;Множитель производства западноафриканского эко;A/сырой ключ вместо названия
01_ef_modifier_type;1319;goods_output_franc_belgian_franc_c_add;Множитель потребления franc_belgian_franc;Производство бельгийского франка;A/сырой ключ вместо названия
01_ef_modifier_type;1320;goods_input_franc_belgian_franc_c_add;Множитель выпуска franc_belgian_franc;Потребление бельгийского франка;A/сырой ключ вместо названия
01_ef_modifier_type;1321;goods_input_franc_belgian_franc_c_mult;Потребление franc_belgian_franc;Множитель потребления бельгийского франка;A/сырой ключ вместо названия
01_ef_modifier_type;1322;goods_output_franc_belgian_franc_c_mult;Выпуск franc_belgian_franc;Множитель производства бельгийского франка;A/сырой ключ вместо названия
01_ef_modifier_type;1323;goods_output_franc_french_franc_c_add;Множитель потребления franc_french_franc;Производство французского франка;A/сырой ключ вместо названия
01_ef_modifier_type;1324;goods_input_franc_french_franc_c_add;Множитель выпуска franc_french_franc;Потребление французского франка;A/сырой ключ вместо названия
01_ef_modifier_type;1325;goods_input_franc_french_franc_c_mult;Потребление franc_french_franc;Множитель потребления французского франка;A/сырой ключ вместо названия
01_ef_modifier_type;1326;goods_output_franc_french_franc_c_mult;Выпуск franc_french_franc;Множитель производства французского франка;A/сырой ключ вместо названия
01_ef_modifier_type;1327;goods_output_franc_luxembourgish_franc_c_add;Множитель потребления franc_luxembourgish_franc;Производство люксембургского франка;A/сырой ключ вместо названия
01_ef_modifier_type;1328;goods_input_franc_luxembourgish_franc_c_add;Множитель выпуска franc_luxembourgish_franc;Потребление люксембургского франка;A/сырой ключ вместо названия
01_ef_modifier_type;1329;goods_input_franc_luxembourgish_franc_c_mult;Потребление franc_luxembourgish_franc;Множитель потребления люксембургского франка;A/сырой ключ вместо названия
01_ef_modifier_type;1330;goods_output_franc_luxembourgish_franc_c_mult;Выпуск franc_luxembourgish_franc;Множитель производства люксембургского франка;A/сырой ключ вместо названия
01_ef_modifier_type;1331;goods_output_franc_swiss_franc_c_add;Множитель потребления franc_swiss_franc;Производство швейцарского франка;A/сырой ключ вместо названия
01_ef_modifier_type;1332;goods_input_franc_swiss_franc_c_add;Множитель выпуска franc_swiss_franc;Потребление швейцарского франка;A/сырой ключ вместо названия
01_ef_modifier_type;1333;goods_input_franc_swiss_franc_c_mult;Потребление franc_swiss_franc;Множитель потребления швейцарского франка;A/сырой ключ вместо названия
01_ef_modifier_type;1334;goods_output_franc_swiss_franc_c_mult;Выпуск franc_swiss_franc;Множитель производства швейцарского франка;A/сырой ключ вместо названия
01_ef_modifier_type;1335;goods_output_gulden_c_add;Множитель потребления gulden;Производство гульдена;A/сырой ключ вместо названия
01_ef_modifier_type;1336;goods_input_gulden_c_add;Множитель выпуска gulden;Потребление гульдена;A/сырой ключ вместо названия
01_ef_modifier_type;1337;goods_input_gulden_c_mult;Потребление gulden;Множитель потребления гульдена;A/сырой ключ вместо названия
01_ef_modifier_type;1338;goods_output_gulden_c_mult;Выпуск gulden;Множитель производства гульдена;A/сырой ключ вместо названия
01_ef_modifier_type;1339;goods_output_gulden_bavarian_gulden_c_add;Множитель потребления gulden_bavarian_gulden;Производство баварского гульдена;A/сырой ключ вместо названия
01_ef_modifier_type;1340;goods_input_gulden_bavarian_gulden_c_add;Множитель выпуска gulden_bavarian_gulden;Потребление баварского гульдена;A/сырой ключ вместо названия
01_ef_modifier_type;1341;goods_input_gulden_bavarian_gulden_c_mult;Потребление gulden_bavarian_gulden;Множитель потребления баварского гульдена;A/сырой ключ вместо названия
01_ef_modifier_type;1342;goods_output_gulden_bavarian_gulden_c_mult;Выпуск gulden_bavarian_gulden;Множитель производства баварского гульдена;A/сырой ключ вместо названия
01_ef_modifier_type;1343;goods_output_gulden_florin_c_add;Множитель потребления gulden_florin;Производство флорина;A/сырой ключ вместо названия
01_ef_modifier_type;1344;goods_input_gulden_florin_c_add;Множитель выпуска gulden_florin;Потребление флорина;A/сырой ключ вместо названия
01_ef_modifier_type;1345;goods_input_gulden_florin_c_mult;Потребление gulden_florin;Множитель потребления флорина;A/сырой ключ вместо названия
01_ef_modifier_type;1346;goods_output_gulden_florin_c_mult;Выпуск gulden_florin;Множитель производства флорина;A/сырой ключ вместо названия
01_ef_modifier_type;1347;goods_output_gulden_hungarian_forint_c_add;Множитель потребления gulden_hungarian_forint;Производство венгерского форинта;A/сырой ключ вместо названия
01_ef_modifier_type;1348;goods_input_gulden_hungarian_forint_c_add;Множитель выпуска gulden_hungarian_forint;Потребление венгерского форинта;A/сырой ключ вместо названия
01_ef_modifier_type;1349;goods_input_gulden_hungarian_forint_c_mult;Потребление gulden_hungarian_forint;Множитель потребления венгерского форинта;A/сырой ключ вместо названия
01_ef_modifier_type;1350;goods_output_gulden_hungarian_forint_c_mult;Выпуск gulden_hungarian_forint;Множитель производства венгерского форинта;A/сырой ключ вместо названия
01_ef_modifier_type;1351;goods_output_gulden_indies_guilder_c_add;Множитель потребления gulden_indies_guilder;Производство ост-индского гульдена;A/сырой ключ вместо названия
01_ef_modifier_type;1352;goods_input_gulden_indies_guilder_c_add;Множитель выпуска gulden_indies_guilder;Потребление ост-индского гульдена;A/сырой ключ вместо названия
01_ef_modifier_type;1353;goods_input_gulden_indies_guilder_c_mult;Потребление gulden_indies_guilder;Множитель потребления ост-индского гульдена;A/сырой ключ вместо названия
01_ef_modifier_type;1354;goods_output_gulden_indies_guilder_c_mult;Выпуск gulden_indies_guilder;Множитель производства ост-индского гульдена;A/сырой ключ вместо названия
01_ef_modifier_type;1355;goods_output_gulden_south_german_gulden_c_add;Множитель потребления gulden_south_german_gulden;Производство южногерманского гульдена;A/сырой ключ вместо названия
01_ef_modifier_type;1356;goods_input_gulden_south_german_gulden_c_add;Множитель выпуска gulden_south_german_gulden;Потребление южногерманского гульдена;A/сырой ключ вместо названия
01_ef_modifier_type;1357;goods_input_gulden_south_german_gulden_c_mult;Потребление gulden_south_german_gulden;Множитель потребления южногерманского гульдена;A/сырой ключ вместо названия
01_ef_modifier_type;1358;goods_output_gulden_south_german_gulden_c_mult;Выпуск gulden_south_german_gulden;Множитель производства южногерманского гульдена;A/сырой ключ вместо названия
01_ef_modifier_type;1359;goods_output_krone_czech_koruna_c_add;Множитель потребления krone_czech_koruna;Производство чешской кроны;A/сырой ключ вместо названия
01_ef_modifier_type;1360;goods_input_krone_czech_koruna_c_add;Множитель выпуска krone_czech_koruna;Потребление чешской кроны;A/сырой ключ вместо названия
01_ef_modifier_type;1361;goods_input_krone_czech_koruna_c_mult;Потребление krone_czech_koruna;Множитель потребления чешской кроны;A/сырой ключ вместо названия
01_ef_modifier_type;1362;goods_output_krone_czech_koruna_c_mult;Выпуск krone_czech_koruna;Множитель производства чешской кроны;A/сырой ключ вместо названия
01_ef_modifier_type;1363;goods_output_krone_danish_krone_c_add;Множитель потребления krone_danish_krone;Производство датской кроны;A/сырой ключ вместо названия
01_ef_modifier_type;1364;goods_input_krone_danish_krone_c_add;Множитель выпуска krone_danish_krone;Потребление датской кроны;A/сырой ключ вместо названия
01_ef_modifier_type;1365;goods_input_krone_danish_krone_c_mult;Потребление krone_danish_krone;Множитель потребления датской кроны;A/сырой ключ вместо названия
01_ef_modifier_type;1366;goods_output_krone_danish_krone_c_mult;Выпуск krone_danish_krone;Множитель производства датской кроны;A/сырой ключ вместо названия
01_ef_modifier_type;1367;goods_output_krone_estonian_kroon_c_add;Множитель потребления krone_estonian_kroon;Производство эстонской кроны;A/сырой ключ вместо названия
01_ef_modifier_type;1368;goods_input_krone_estonian_kroon_c_add;Множитель выпуска krone_estonian_kroon;Потребление эстонской кроны;A/сырой ключ вместо названия
01_ef_modifier_type;1369;goods_input_krone_estonian_kroon_c_mult;Потребление krone_estonian_kroon;Множитель потребления эстонской кроны;A/сырой ключ вместо названия
01_ef_modifier_type;1370;goods_output_krone_estonian_kroon_c_mult;Выпуск krone_estonian_kroon;Множитель производства эстонской кроны;A/сырой ключ вместо названия
01_ef_modifier_type;1371;goods_output_krone_icelandic_krona_c_add;Множитель потребления krone_icelandic_krona;Производство исландской кроны;A/сырой ключ вместо названия
01_ef_modifier_type;1372;goods_input_krone_icelandic_krona_c_add;Множитель выпуска krone_icelandic_krona;Потребление исландской кроны;A/сырой ключ вместо названия
01_ef_modifier_type;1373;goods_input_krone_icelandic_krona_c_mult;Потребление krone_icelandic_krona;Множитель потребления исландской кроны;A/сырой ключ вместо названия
01_ef_modifier_type;1374;goods_output_krone_icelandic_krona_c_mult;Выпуск krone_icelandic_krona;Множитель производства исландской кроны;A/сырой ключ вместо названия
01_ef_modifier_type;1375;goods_output_krone_norwegian_krone_c_add;Множитель потребления krone_norwegian_krone;Производство норвежской кроны;A/сырой ключ вместо названия
01_ef_modifier_type;1376;goods_input_krone_norwegian_krone_c_add;Множитель выпуска krone_norwegian_krone;Потребление норвежской кроны;A/сырой ключ вместо названия
01_ef_modifier_type;1377;goods_input_krone_norwegian_krone_c_mult;Потребление krone_norwegian_krone;Множитель потребления норвежской кроны;A/сырой ключ вместо названия
01_ef_modifier_type;1378;goods_output_krone_norwegian_krone_c_mult;Выпуск krone_norwegian_krone;Множитель производства норвежской кроны;A/сырой ключ вместо названия
01_ef_modifier_type;1379;goods_output_krone_slovak_koruna_c_add;Множитель потребления krone_slovak_koruna;Производство словацкой кроны;A/сырой ключ вместо названия
01_ef_modifier_type;1380;goods_input_krone_slovak_koruna_c_add;Множитель выпуска krone_slovak_koruna;Потребление словацкой кроны;A/сырой ключ вместо названия
01_ef_modifier_type;1381;goods_input_krone_slovak_koruna_c_mult;Потребление krone_slovak_koruna;Множитель потребления словацкой кроны;A/сырой ключ вместо названия
01_ef_modifier_type;1382;goods_output_krone_slovak_koruna_c_mult;Выпуск krone_slovak_koruna;Множитель производства словацкой кроны;A/сырой ключ вместо названия
01_ef_modifier_type;1383;goods_output_krone_swedish_krona_c_add;Множитель потребления krone_swedish_krona;Производство шведской кроны;A/сырой ключ вместо названия
01_ef_modifier_type;1384;goods_input_krone_swedish_krona_c_add;Множитель выпуска krone_swedish_krona;Потребление шведской кроны;A/сырой ключ вместо названия
01_ef_modifier_type;1385;goods_input_krone_swedish_krona_c_mult;Потребление krone_swedish_krona;Множитель потребления шведской кроны;A/сырой ключ вместо названия
01_ef_modifier_type;1386;goods_output_krone_swedish_krona_c_mult;Выпуск krone_swedish_krona;Множитель производства шведской кроны;A/сырой ключ вместо названия
01_ef_modifier_type;1387;goods_output_leon_leu_c_add;Множитель потребления leon_leu;Производство лея;A/сырой ключ вместо названия
01_ef_modifier_type;1388;goods_input_leon_leu_c_add;Множитель выпуска leon_leu;Потребление лея;A/сырой ключ вместо названия
01_ef_modifier_type;1389;goods_input_leon_leu_c_mult;Потребление leon_leu;Множитель потребления лея;A/сырой ключ вместо названия
01_ef_modifier_type;1390;goods_output_leon_leu_c_mult;Выпуск leon_leu;Множитель производства лея;A/сырой ключ вместо названия
01_ef_modifier_type;1391;goods_output_leon_lev_c_add;Множитель потребления leon_lev;Производство лева;A/сырой ключ вместо названия
01_ef_modifier_type;1392;goods_input_leon_lev_c_add;Множитель выпуска leon_lev;Потребление лева;A/сырой ключ вместо названия
01_ef_modifier_type;1393;goods_input_leon_lev_c_mult;Потребление leon_lev;Множитель потребления лева;A/сырой ключ вместо названия
01_ef_modifier_type;1394;goods_output_leon_lev_c_mult;Выпуск leon_lev;Множитель производства лева;A/сырой ключ вместо названия
01_ef_modifier_type;1395;goods_output_lira_c_add;Множитель потребления lira;Производство лиры;A/сырой ключ вместо названия
01_ef_modifier_type;1396;goods_input_lira_c_add;Множитель выпуска lira;Потребление лиры;A/сырой ключ вместо названия
01_ef_modifier_type;1397;goods_input_lira_c_mult;Потребление lira;Множитель потребления лиры;A/сырой ключ вместо названия
01_ef_modifier_type;1398;goods_output_lira_c_mult;Выпуск lira;Множитель производства лиры;A/сырой ключ вместо названия
01_ef_modifier_type;1399;goods_output_lira_ducato_c_add;Множитель потребления lira_ducato;Производство дуката;A/сырой ключ вместо названия
01_ef_modifier_type;1400;goods_input_lira_ducato_c_add;Множитель выпуска lira_ducato;Потребление дуката;A/сырой ключ вместо названия
01_ef_modifier_type;1401;goods_input_lira_ducato_c_mult;Потребление lira_ducato;Множитель потребления дуката;A/сырой ключ вместо названия
01_ef_modifier_type;1402;goods_output_lira_ducato_c_mult;Выпуск lira_ducato;Множитель производства дуката;A/сырой ключ вместо названия
01_ef_modifier_type;1403;goods_output_lira_ottoman_lira_c_add;Множитель потребления lira_ottoman_lira;Производство османской лиры;A/сырой ключ вместо названия
01_ef_modifier_type;1404;goods_input_lira_ottoman_lira_c_add;Множитель выпуска lira_ottoman_lira;Потребление османской лиры;A/сырой ключ вместо названия
01_ef_modifier_type;1405;goods_input_lira_ottoman_lira_c_mult;Потребление lira_ottoman_lira;Множитель потребления османской лиры;A/сырой ключ вместо названия
01_ef_modifier_type;1406;goods_output_lira_ottoman_lira_c_mult;Выпуск lira_ottoman_lira;Множитель производства османской лиры;A/сырой ключ вместо названия
01_ef_modifier_type;1407;goods_output_lira_scudo_pontificio_c_add;Множитель потребления lira_scudo_pontificio;Производство папского скудо;A/сырой ключ вместо названия
01_ef_modifier_type;1408;goods_input_lira_scudo_pontificio_c_add;Множитель выпуска lira_scudo_pontificio;Потребление папского скудо;A/сырой ключ вместо названия
01_ef_modifier_type;1409;goods_input_lira_scudo_pontificio_c_mult;Потребление lira_scudo_pontificio;Множитель потребления папского скудо;A/сырой ключ вместо названия
01_ef_modifier_type;1410;goods_output_lira_scudo_pontificio_c_mult;Выпуск lira_scudo_pontificio;Множитель производства папского скудо;A/сырой ключ вместо названия
01_ef_modifier_type;1411;goods_output_lira_scudo_sardo_c_add;Множитель потребления lira_scudo_sardo;Производство сардинского скудо;A/сырой ключ вместо названия
01_ef_modifier_type;1412;goods_input_lira_scudo_sardo_c_add;Множитель выпуска lira_scudo_sardo;Потребление сардинского скудо;A/сырой ключ вместо названия
01_ef_modifier_type;1413;goods_input_lira_scudo_sardo_c_mult;Потребление lira_scudo_sardo;Множитель потребления сардинского скудо;A/сырой ключ вместо названия
01_ef_modifier_type;1414;goods_output_lira_scudo_sardo_c_mult;Выпуск lira_scudo_sardo;Множитель производства сардинского скудо;A/сырой ключ вместо названия
01_ef_modifier_type;1415;goods_output_lira_toscane_lira_c_add;Множитель потребления lira_toscane_lira;Производство тосканской лиры;A/сырой ключ вместо названия
01_ef_modifier_type;1416;goods_input_lira_toscane_lira_c_add;Множитель выпуска lira_toscane_lira;Потребление тосканской лиры;A/сырой ключ вместо названия
01_ef_modifier_type;1417;goods_input_lira_toscane_lira_c_mult;Потребление lira_toscane_lira;Множитель потребления тосканской лиры;A/сырой ключ вместо названия
01_ef_modifier_type;1418;goods_output_lira_toscane_lira_c_mult;Выпуск lira_toscane_lira;Множитель производства тосканской лиры;A/сырой ключ вместо названия
01_ef_modifier_type;1419;goods_output_mark_c_add;Множитель потребления mark;Производство марки;A/сырой ключ вместо названия
01_ef_modifier_type;1420;goods_input_mark_c_add;Множитель выпуска mark;Потребление марки;A/сырой ключ вместо названия
01_ef_modifier_type;1421;goods_input_mark_c_mult;Потребление mark;Множитель потребления марки;A/сырой ключ вместо названия
01_ef_modifier_type;1422;goods_output_mark_c_mult;Выпуск mark;Множитель производства марки;A/сырой ключ вместо названия
01_ef_modifier_type;1423;goods_output_mark_finnish_markka_c_add;Множитель потребления mark_finnish_markka;Производство финской марки;A/сырой ключ вместо названия
01_ef_modifier_type;1424;goods_input_mark_finnish_markka_c_add;Множитель выпуска mark_finnish_markka;Потребление финской марки;A/сырой ключ вместо названия
01_ef_modifier_type;1425;goods_input_mark_finnish_markka_c_mult;Потребление mark_finnish_markka;Множитель потребления финской марки;A/сырой ключ вместо названия
01_ef_modifier_type;1426;goods_output_mark_finnish_markka_c_mult;Выпуск mark_finnish_markka;Множитель производства финской марки;A/сырой ключ вместо названия
01_ef_modifier_type;1427;goods_output_peso_c_add;Множитель потребления peso;Производство песо;A/сырой ключ вместо названия
01_ef_modifier_type;1428;goods_input_peso_c_add;Множитель выпуска peso;Потребление песо;A/сырой ключ вместо названия
01_ef_modifier_type;1429;goods_input_peso_c_mult;Потребление peso;Множитель потребления песо;A/сырой ключ вместо названия
01_ef_modifier_type;1430;goods_output_peso_c_mult;Выпуск peso;Множитель производства песо;A/сырой ключ вместо названия
01_ef_modifier_type;1431;goods_output_peso_argentine_peso_c_add;Множитель потребления peso_argentine_peso;Производство аргентинского песо;A/сырой ключ вместо названия
01_ef_modifier_type;1432;goods_input_peso_argentine_peso_c_add;Множитель выпуска peso_argentine_peso;Потребление аргентинского песо;A/сырой ключ вместо названия
01_ef_modifier_type;1433;goods_input_peso_argentine_peso_c_mult;Потребление peso_argentine_peso;Множитель потребления аргентинского песо;A/сырой ключ вместо названия
01_ef_modifier_type;1434;goods_output_peso_argentine_peso_c_mult;Выпуск peso_argentine_peso;Множитель производства аргентинского песо;A/сырой ключ вместо названия
01_ef_modifier_type;1435;goods_output_peso_bolivien_peso_c_add;Множитель потребления peso_bolivien_peso;Производство боливийского песо;A/сырой ключ вместо названия
01_ef_modifier_type;1436;goods_input_peso_bolivien_peso_c_add;Множитель выпуска peso_bolivien_peso;Потребление боливийского песо;A/сырой ключ вместо названия
01_ef_modifier_type;1437;goods_input_peso_bolivien_peso_c_mult;Потребление peso_bolivien_peso;Множитель потребления боливийского песо;A/сырой ключ вместо названия
01_ef_modifier_type;1438;goods_output_peso_bolivien_peso_c_mult;Выпуск peso_bolivien_peso;Множитель производства боливийского песо;A/сырой ключ вместо названия
01_ef_modifier_type;1439;goods_output_peso_chilean_peso_c_add;Множитель потребления peso_chilean_peso;Производство чилийского песо;A/сырой ключ вместо названия
01_ef_modifier_type;1440;goods_input_peso_chilean_peso_c_add;Множитель выпуска peso_chilean_peso;Потребление чилийского песо;A/сырой ключ вместо названия
01_ef_modifier_type;1441;goods_input_peso_chilean_peso_c_mult;Потребление peso_chilean_peso;Множитель потребления чилийского песо;A/сырой ключ вместо названия
01_ef_modifier_type;1442;goods_output_peso_chilean_peso_c_mult;Выпуск peso_chilean_peso;Множитель производства чилийского песо;A/сырой ключ вместо названия
01_ef_modifier_type;1443;goods_output_peso_colombian_peso_c_add;Множитель потребления peso_colombian_peso;Производство колумбийского песо;A/сырой ключ вместо названия
01_ef_modifier_type;1444;goods_input_peso_colombian_peso_c_add;Множитель выпуска peso_colombian_peso;Потребление колумбийского песо;A/сырой ключ вместо названия
01_ef_modifier_type;1445;goods_input_peso_colombian_peso_c_mult;Потребление peso_colombian_peso;Множитель потребления колумбийского песо;A/сырой ключ вместо названия
01_ef_modifier_type;1446;goods_output_peso_colombian_peso_c_mult;Выпуск peso_colombian_peso;Множитель производства колумбийского песо;A/сырой ключ вместо названия
01_ef_modifier_type;1447;goods_output_peso_costa_rican_colon_c_add;Множитель потребления peso_costa_rican_colon;Производство костариканского колона;A/сырой ключ вместо названия
01_ef_modifier_type;1448;goods_input_peso_costa_rican_colon_c_add;Множитель выпуска peso_costa_rican_colon;Потребление костариканского колона;A/сырой ключ вместо названия
01_ef_modifier_type;1449;goods_input_peso_costa_rican_colon_c_mult;Потребление peso_costa_rican_colon;Множитель потребления костариканского колона;A/сырой ключ вместо названия
01_ef_modifier_type;1450;goods_output_peso_costa_rican_colon_c_mult;Выпуск peso_costa_rican_colon;Множитель производства костариканского колона;A/сырой ключ вместо названия
01_ef_modifier_type;1451;goods_output_peso_cuban_peso_c_add;Множитель потребления peso_cuban_peso;Производство кубинского песо;A/сырой ключ вместо названия
01_ef_modifier_type;1452;goods_input_peso_cuban_peso_c_add;Множитель выпуска peso_cuban_peso;Потребление кубинского песо;A/сырой ключ вместо названия
01_ef_modifier_type;1453;goods_input_peso_cuban_peso_c_mult;Потребление peso_cuban_peso;Множитель потребления кубинского песо;A/сырой ключ вместо названия
01_ef_modifier_type;1454;goods_output_peso_cuban_peso_c_mult;Выпуск peso_cuban_peso;Множитель производства кубинского песо;A/сырой ключ вместо названия
01_ef_modifier_type;1455;goods_output_peso_ecuadorian_peso_c_add;Множитель потребления peso_ecuadorian_peso;Производство эквадорского песо;A/сырой ключ вместо названия
01_ef_modifier_type;1456;goods_input_peso_ecuadorian_peso_c_add;Множитель выпуска peso_ecuadorian_peso;Потребление эквадорского песо;A/сырой ключ вместо названия
01_ef_modifier_type;1457;goods_input_peso_ecuadorian_peso_c_mult;Потребление peso_ecuadorian_peso;Множитель потребления эквадорского песо;A/сырой ключ вместо названия
01_ef_modifier_type;1458;goods_output_peso_ecuadorian_peso_c_mult;Выпуск peso_ecuadorian_peso;Множитель производства эквадорского песо;A/сырой ключ вместо названия
01_ef_modifier_type;1459;goods_output_peso_el_salvador_colon_c_add;Множитель потребления peso_el_salvador_colon;Производство сальвадорского колона;A/сырой ключ вместо названия
01_ef_modifier_type;1460;goods_input_peso_el_salvador_colon_c_add;Множитель выпуска peso_el_salvador_colon;Потребление сальвадорского колона;A/сырой ключ вместо названия
01_ef_modifier_type;1461;goods_input_peso_el_salvador_colon_c_mult;Потребление peso_el_salvador_colon;Множитель потребления сальвадорского колона;A/сырой ключ вместо названия
01_ef_modifier_type;1462;goods_output_peso_el_salvador_colon_c_mult;Выпуск peso_el_salvador_colon;Множитель производства сальвадорского колона;A/сырой ключ вместо названия
01_ef_modifier_type;1463;goods_output_peso_guatemalan_quetzal_c_add;Множитель потребления peso_guatemalan_quetzal;Производство гватемальского кетсаля;A/сырой ключ вместо названия
01_ef_modifier_type;1464;goods_input_peso_guatemalan_quetzal_c_add;Множитель выпуска peso_guatemalan_quetzal;Потребление гватемальского кетсаля;A/сырой ключ вместо названия
01_ef_modifier_type;1465;goods_input_peso_guatemalan_quetzal_c_mult;Потребление peso_guatemalan_quetzal;Множитель потребления гватемальского кетсаля;A/сырой ключ вместо названия
01_ef_modifier_type;1466;goods_output_peso_guatemalan_quetzal_c_mult;Выпуск peso_guatemalan_quetzal;Множитель производства гватемальского кетсаля;A/сырой ключ вместо названия
01_ef_modifier_type;1467;goods_output_peso_honduran_lempira_c_add;Множитель потребления peso_honduran_lempira;Производство гондурасской лемпиры;A/сырой ключ вместо названия
01_ef_modifier_type;1468;goods_input_peso_honduran_lempira_c_add;Множитель выпуска peso_honduran_lempira;Потребление гондурасской лемпиры;A/сырой ключ вместо названия
01_ef_modifier_type;1469;goods_input_peso_honduran_lempira_c_mult;Потребление peso_honduran_lempira;Множитель потребления гондурасской лемпиры;A/сырой ключ вместо названия
01_ef_modifier_type;1470;goods_output_peso_honduran_lempira_c_mult;Выпуск peso_honduran_lempira;Множитель производства гондурасской лемпиры;A/сырой ключ вместо названия
01_ef_modifier_type;1471;goods_output_peso_mexican_peso_c_add;Множитель потребления peso_mexican_peso;Производство мексиканского песо;A/сырой ключ вместо названия
01_ef_modifier_type;1472;goods_input_peso_mexican_peso_c_add;Множитель выпуска peso_mexican_peso;Потребление мексиканского песо;A/сырой ключ вместо названия
01_ef_modifier_type;1473;goods_input_peso_mexican_peso_c_mult;Потребление peso_mexican_peso;Множитель потребления мексиканского песо;A/сырой ключ вместо названия
01_ef_modifier_type;1474;goods_output_peso_mexican_peso_c_mult;Выпуск peso_mexican_peso;Множитель производства мексиканского песо;A/сырой ключ вместо названия
01_ef_modifier_type;1475;goods_output_peso_nicaraguan_cordoba_c_add;Множитель потребления peso_nicaraguan_cordoba;Производство никарагуанской кордобы;A/сырой ключ вместо названия
01_ef_modifier_type;1476;goods_input_peso_nicaraguan_cordoba_c_add;Множитель выпуска peso_nicaraguan_cordoba;Потребление никарагуанской кордобы;A/сырой ключ вместо названия
01_ef_modifier_type;1477;goods_input_peso_nicaraguan_cordoba_c_mult;Потребление peso_nicaraguan_cordoba;Множитель потребления никарагуанской кордобы;A/сырой ключ вместо названия
01_ef_modifier_type;1478;goods_output_peso_nicaraguan_cordoba_c_mult;Выпуск peso_nicaraguan_cordoba;Множитель производства никарагуанской кордобы;A/сырой ключ вместо названия
01_ef_modifier_type;1479;goods_output_peso_paraguayan_peso_c_add;Множитель потребления peso_paraguayan_peso;Производство парагвайского песо;A/сырой ключ вместо названия
01_ef_modifier_type;1480;goods_input_peso_paraguayan_peso_c_add;Множитель выпуска peso_paraguayan_peso;Потребление парагвайского песо;A/сырой ключ вместо названия
01_ef_modifier_type;1481;goods_input_peso_paraguayan_peso_c_mult;Потребление peso_paraguayan_peso;Множитель потребления парагвайского песо;A/сырой ключ вместо названия
01_ef_modifier_type;1482;goods_output_peso_paraguayan_peso_c_mult;Выпуск peso_paraguayan_peso;Множитель производства парагвайского песо;A/сырой ключ вместо названия
01_ef_modifier_type;1483;goods_output_peso_philippine_peso_c_add;Множитель потребления peso_philippine_peso;Производство филиппинского песо;A/сырой ключ вместо названия
01_ef_modifier_type;1484;goods_input_peso_philippine_peso_c_add;Множитель выпуска peso_philippine_peso;Потребление филиппинского песо;A/сырой ключ вместо названия
01_ef_modifier_type;1485;goods_input_peso_philippine_peso_c_mult;Потребление peso_philippine_peso;Множитель потребления филиппинского песо;A/сырой ключ вместо названия
01_ef_modifier_type;1486;goods_output_peso_philippine_peso_c_mult;Выпуск peso_philippine_peso;Множитель производства филиппинского песо;A/сырой ключ вместо названия
01_ef_modifier_type;1487;goods_output_peso_sol_de_oro_c_add;Множитель потребления peso_sol_de_oro;Производство соль-де-оро;A/сырой ключ вместо названия
01_ef_modifier_type;1488;goods_input_peso_sol_de_oro_c_add;Множитель выпуска peso_sol_de_oro;Потребление соль-де-оро;A/сырой ключ вместо названия
01_ef_modifier_type;1489;goods_input_peso_sol_de_oro_c_mult;Потребление peso_sol_de_oro;Множитель потребления соль-де-оро;A/сырой ключ вместо названия
01_ef_modifier_type;1490;goods_output_peso_sol_de_oro_c_mult;Выпуск peso_sol_de_oro;Множитель производства соль-де-оро;A/сырой ключ вместо названия
01_ef_modifier_type;1491;goods_output_peso_uruguayan_peso_c_add;Множитель потребления peso_uruguayan_peso;Производство уругвайского песо;A/сырой ключ вместо названия
01_ef_modifier_type;1492;goods_input_peso_uruguayan_peso_c_add;Множитель выпуска peso_uruguayan_peso;Потребление уругвайского песо;A/сырой ключ вместо названия
01_ef_modifier_type;1493;goods_input_peso_uruguayan_peso_c_mult;Потребление peso_uruguayan_peso;Множитель потребления уругвайского песо;A/сырой ключ вместо названия
01_ef_modifier_type;1494;goods_output_peso_uruguayan_peso_c_mult;Выпуск peso_uruguayan_peso;Множитель производства уругвайского песо;A/сырой ключ вместо названия
01_ef_modifier_type;1495;goods_output_peso_venezuelan_peso_c_add;Множитель потребления peso_venezuelan_peso;Производство венесуэльского песо;A/сырой ключ вместо названия
01_ef_modifier_type;1496;goods_input_peso_venezuelan_peso_c_add;Множитель выпуска peso_venezuelan_peso;Потребление венесуэльского песо;A/сырой ключ вместо названия
01_ef_modifier_type;1497;goods_input_peso_venezuelan_peso_c_mult;Потребление peso_venezuelan_peso;Множитель потребления венесуэльского песо;A/сырой ключ вместо названия
01_ef_modifier_type;1498;goods_output_peso_venezuelan_peso_c_mult;Выпуск peso_venezuelan_peso;Множитель производства венесуэльского песо;A/сырой ключ вместо названия
01_ef_modifier_type;1499;goods_output_pound_egyptian_pound_c_add;Множитель потребления pound_egyptian_pound;Производство египетского фунта;A/сырой ключ вместо названия
01_ef_modifier_type;1500;goods_input_pound_egyptian_pound_c_add;Множитель выпуска pound_egyptian_pound;Потребление египетского фунта;A/сырой ключ вместо названия
01_ef_modifier_type;1501;goods_input_pound_egyptian_pound_c_mult;Потребление pound_egyptian_pound;Множитель потребления египетского фунта;A/сырой ключ вместо названия
01_ef_modifier_type;1502;goods_output_pound_egyptian_pound_c_mult;Выпуск pound_egyptian_pound;Множитель производства египетского фунта;A/сырой ключ вместо названия
01_ef_modifier_type;1503;goods_output_pound_irish_pound_c_add;Множитель потребления pound_irish_pound;Производство ирландского фунта;A/сырой ключ вместо названия
01_ef_modifier_type;1504;goods_input_pound_irish_pound_c_add;Множитель выпуска pound_irish_pound;Потребление ирландского фунта;A/сырой ключ вместо названия
01_ef_modifier_type;1505;goods_input_pound_irish_pound_c_mult;Потребление pound_irish_pound;Множитель потребления ирландского фунта;A/сырой ключ вместо названия
01_ef_modifier_type;1506;goods_output_pound_irish_pound_c_mult;Выпуск pound_irish_pound;Множитель производства ирландского фунта;A/сырой ключ вместо названия
01_ef_modifier_type;1507;goods_output_pound_sterling_c_add;Множитель потребления pound_sterling;Производство фунта стерлингов;A/сырой ключ вместо названия
01_ef_modifier_type;1508;goods_input_pound_sterling_c_add;Множитель выпуска pound_sterling;Потребление фунта стерлингов;A/сырой ключ вместо названия
01_ef_modifier_type;1509;goods_input_pound_sterling_c_mult;Потребление pound_sterling;Множитель потребления фунта стерлингов;A/сырой ключ вместо названия
01_ef_modifier_type;1510;goods_output_pound_sterling_c_mult;Выпуск pound_sterling;Множитель производства фунта стерлингов;A/сырой ключ вместо названия
01_ef_modifier_type;1511;goods_output_real_c_add;Множитель потребления real;Производство реала;A/сырой ключ вместо названия
01_ef_modifier_type;1512;goods_input_real_c_add;Множитель выпуска real;Потребление реала;A/сырой ключ вместо названия
01_ef_modifier_type;1513;goods_input_real_c_mult;Потребление real;Множитель потребления реала;A/сырой ключ вместо названия
01_ef_modifier_type;1514;goods_output_real_c_mult;Выпуск real;Множитель производства реала;A/сырой ключ вместо названия
01_ef_modifier_type;1515;goods_output_real_brazilian_real_c_add;Множитель потребления real_brazilian_real;Производство бразильского реала;A/сырой ключ вместо названия
01_ef_modifier_type;1516;goods_input_real_brazilian_real_c_add;Множитель выпуска real_brazilian_real;Потребление бразильского реала;A/сырой ключ вместо названия
01_ef_modifier_type;1517;goods_input_real_brazilian_real_c_mult;Потребление real_brazilian_real;Множитель потребления бразильского реала;A/сырой ключ вместо названия
01_ef_modifier_type;1518;goods_output_real_brazilian_real_c_mult;Выпуск real_brazilian_real;Множитель производства бразильского реала;A/сырой ключ вместо названия
01_ef_modifier_type;1519;goods_output_rupee_indian_rupee_c_add;Множитель потребления rupee_indian_rupee;Производство индийской рупии;A/сырой ключ вместо названия
01_ef_modifier_type;1520;goods_input_rupee_indian_rupee_c_add;Множитель выпуска rupee_indian_rupee;Потребление индийской рупии;A/сырой ключ вместо названия
01_ef_modifier_type;1521;goods_input_rupee_indian_rupee_c_mult;Потребление rupee_indian_rupee;Множитель потребления индийской рупии;A/сырой ключ вместо названия
01_ef_modifier_type;1522;goods_output_rupee_indian_rupee_c_mult;Выпуск rupee_indian_rupee;Множитель производства индийской рупии;A/сырой ключ вместо названия
01_ef_modifier_type;1523;goods_output_rupee_indonesian_rupiah_c_add;Множитель потребления rupee_indonesian_rupiah;Производство индонезийской рупии;A/сырой ключ вместо названия
01_ef_modifier_type;1524;goods_input_rupee_indonesian_rupiah_c_add;Множитель выпуска rupee_indonesian_rupiah;Потребление индонезийской рупии;A/сырой ключ вместо названия
01_ef_modifier_type;1525;goods_input_rupee_indonesian_rupiah_c_mult;Потребление rupee_indonesian_rupiah;Множитель потребления индонезийской рупии;A/сырой ключ вместо названия
01_ef_modifier_type;1526;goods_output_rupee_indonesian_rupiah_c_mult;Выпуск rupee_indonesian_rupiah;Множитель производства индонезийской рупии;A/сырой ключ вместо названия
01_ef_modifier_type;1527;goods_output_spe_baht_c_add;Множитель потребления spe_baht;Производство бата;A/сырой ключ вместо названия
01_ef_modifier_type;1528;goods_input_spe_baht_c_add;Множитель выпуска spe_baht;Потребление бата;A/сырой ключ вместо названия
01_ef_modifier_type;1529;goods_input_spe_baht_c_mult;Потребление spe_baht;Множитель потребления бата;A/сырой ключ вместо названия
01_ef_modifier_type;1530;goods_output_spe_baht_c_mult;Выпуск spe_baht;Множитель производства бата;A/сырой ключ вместо названия
01_ef_modifier_type;1531;goods_output_spe_dong_c_add;Множитель потребления spe_dong;Производство донга;A/сырой ключ вместо названия
01_ef_modifier_type;1532;goods_input_spe_dong_c_add;Множитель выпуска spe_dong;Потребление донга;A/сырой ключ вместо названия
01_ef_modifier_type;1533;goods_input_spe_dong_c_mult;Потребление spe_dong;Множитель потребления донга;A/сырой ключ вместо названия
01_ef_modifier_type;1534;goods_output_spe_dong_c_mult;Выпуск spe_dong;Множитель производства донга;A/сырой ключ вместо названия
01_ef_modifier_type;1535;goods_output_spe_drachma_c_add;Множитель потребления spe_drachma;Производство драхмы;A/сырой ключ вместо названия
01_ef_modifier_type;1536;goods_input_spe_drachma_c_add;Множитель выпуска spe_drachma;Потребление драхмы;A/сырой ключ вместо названия
01_ef_modifier_type;1537;goods_input_spe_drachma_c_mult;Потребление spe_drachma;Множитель потребления драхмы;A/сырой ключ вместо названия
01_ef_modifier_type;1538;goods_output_spe_drachma_c_mult;Выпуск spe_drachma;Множитель производства драхмы;A/сырой ключ вместо названия
01_ef_modifier_type;1539;goods_output_spe_korean_won_c_add;Множитель потребления spe_korean_won;Производство корейской воны;A/сырой ключ вместо названия
01_ef_modifier_type;1540;goods_input_spe_korean_won_c_add;Множитель выпуска spe_korean_won;Потребление корейской воны;A/сырой ключ вместо названия
01_ef_modifier_type;1541;goods_input_spe_korean_won_c_mult;Потребление spe_korean_won;Множитель потребления корейской воны;A/сырой ключ вместо названия
01_ef_modifier_type;1542;goods_output_spe_korean_won_c_mult;Выпуск spe_korean_won;Множитель производства корейской воны;A/сырой ключ вместо названия
01_ef_modifier_type;1543;goods_output_spe_latvian_lats_c_add;Множитель потребления spe_latvian_lats;Производство латвийского лата;A/сырой ключ вместо названия
01_ef_modifier_type;1544;goods_input_spe_latvian_lats_c_add;Множитель выпуска spe_latvian_lats;Потребление латвийского лата;A/сырой ключ вместо названия
01_ef_modifier_type;1545;goods_input_spe_latvian_lats_c_mult;Потребление spe_latvian_lats;Множитель потребления латвийского лата;A/сырой ключ вместо названия
01_ef_modifier_type;1546;goods_output_spe_latvian_lats_c_mult;Выпуск spe_latvian_lats;Множитель производства латвийского лата;A/сырой ключ вместо названия
01_ef_modifier_type;1547;goods_output_spe_lithuanian_litas_c_add;Множитель потребления spe_lithuanian_litas;Производство литовского лита;A/сырой ключ вместо названия
01_ef_modifier_type;1548;goods_input_spe_lithuanian_litas_c_add;Множитель выпуска spe_lithuanian_litas;Потребление литовского лита;A/сырой ключ вместо названия
01_ef_modifier_type;1549;goods_input_spe_lithuanian_litas_c_mult;Потребление spe_lithuanian_litas;Множитель потребления литовского лита;A/сырой ключ вместо названия
01_ef_modifier_type;1550;goods_output_spe_lithuanian_litas_c_mult;Выпуск spe_lithuanian_litas;Множитель производства литовского лита;A/сырой ключ вместо названия
01_ef_modifier_type;1551;goods_output_spe_peseta_c_add;Множитель потребления spe_peseta;Производство песеты;A/сырой ключ вместо названия
01_ef_modifier_type;1552;goods_input_spe_peseta_c_add;Множитель выпуска spe_peseta;Потребление песеты;A/сырой ключ вместо названия
01_ef_modifier_type;1553;goods_input_spe_peseta_c_mult;Потребление spe_peseta;Множитель потребления песеты;A/сырой ключ вместо названия
01_ef_modifier_type;1554;goods_output_spe_peseta_c_mult;Выпуск spe_peseta;Множитель производства песеты;A/сырой ключ вместо названия
01_ef_modifier_type;1555;goods_output_spe_ruble_c_add;Множитель потребления spe_ruble;Производство рубля;A/сырой ключ вместо названия
01_ef_modifier_type;1556;goods_input_spe_ruble_c_add;Множитель выпуска spe_ruble;Потребление рубля;A/сырой ключ вместо названия
01_ef_modifier_type;1557;goods_input_spe_ruble_c_mult;Потребление spe_ruble;Множитель потребления рубля;A/сырой ключ вместо названия
01_ef_modifier_type;1558;goods_output_spe_ruble_c_mult;Выпуск spe_ruble;Множитель производства рубля;A/сырой ключ вместо названия
01_ef_modifier_type;1559;goods_output_spe_uni_c_add;Множитель потребления spe_uni;Производство уни;A/сырой ключ вместо названия
01_ef_modifier_type;1560;goods_input_spe_uni_c_add;Множитель выпуска spe_uni;Потребление уни;A/сырой ключ вместо названия
01_ef_modifier_type;1561;goods_input_spe_uni_c_mult;Потребление spe_uni;Множитель потребления уни;A/сырой ключ вместо названия
01_ef_modifier_type;1562;goods_output_spe_uni_c_mult;Выпуск spe_uni;Множитель производства уни;A/сырой ключ вместо названия
01_ef_modifier_type;1563;goods_output_spe_yen_c_add;Множитель потребления spe_yen;Производство иены;A/сырой ключ вместо названия
01_ef_modifier_type;1564;goods_input_spe_yen_c_add;Множитель выпуска spe_yen;Потребление иены;A/сырой ключ вместо названия
01_ef_modifier_type;1565;goods_input_spe_yen_c_mult;Потребление spe_yen;Множитель потребления иены;A/сырой ключ вместо названия
01_ef_modifier_type;1566;goods_output_spe_yen_c_mult;Выпуск spe_yen;Множитель производства иены;A/сырой ключ вместо названия
01_ef_modifier_type;1567;goods_output_spe_yuan_c_add;Множитель потребления spe_yuan;Производство юаня;A/сырой ключ вместо названия
01_ef_modifier_type;1568;goods_input_spe_yuan_c_add;Множитель выпуска spe_yuan;Потребление юаня;A/сырой ключ вместо названия
01_ef_modifier_type;1569;goods_input_spe_yuan_c_mult;Потребление spe_yuan;Множитель потребления юаня;A/сырой ключ вместо названия
01_ef_modifier_type;1570;goods_output_spe_yuan_c_mult;Выпуск spe_yuan;Множитель производства юаня;A/сырой ключ вместо названия
01_ef_modifier_type;1571;goods_output_spe_zloti_c_add;Множитель потребления spe_zloti;Производство злотого;A/сырой ключ вместо названия
01_ef_modifier_type;1572;goods_input_spe_zloti_c_add;Множитель выпуска spe_zloti;Потребление злотого;A/сырой ключ вместо названия
01_ef_modifier_type;1573;goods_input_spe_zloti_c_mult;Потребление spe_zloti;Множитель потребления злотого;A/сырой ключ вместо названия
01_ef_modifier_type;1574;goods_output_spe_zloti_c_mult;Выпуск spe_zloti;Множитель производства злотого;A/сырой ключ вместо названия
01_ef_modifier_type;1575;goods_output_thaler_hannoveraner_thaler_c_add;Множитель потребления thaler_hannoveraner_thaler;Производство ганноверского талера;A/сырой ключ вместо названия
01_ef_modifier_type;1576;goods_input_thaler_hannoveraner_thaler_c_add;Множитель выпуска thaler_hannoveraner_thaler;Потребление ганноверского талера;A/сырой ключ вместо названия
01_ef_modifier_type;1577;goods_input_thaler_hannoveraner_thaler_c_mult;Потребление thaler_hannoveraner_thaler;Множитель потребления ганноверского талера;A/сырой ключ вместо названия
01_ef_modifier_type;1578;goods_output_thaler_hannoveraner_thaler_c_mult;Выпуск thaler_hannoveraner_thaler;Множитель производства ганноверского талера;A/сырой ключ вместо названия
01_ef_modifier_type;1579;goods_output_thaler_prussian_thaler_c_add;Множитель потребления thaler_prussian_thaler;Производство прусского талера;A/сырой ключ вместо названия
01_ef_modifier_type;1580;goods_input_thaler_prussian_thaler_c_add;Множитель выпуска thaler_prussian_thaler;Потребление прусского талера;A/сырой ключ вместо названия
01_ef_modifier_type;1581;goods_input_thaler_prussian_thaler_c_mult;Потребление thaler_prussian_thaler;Множитель потребления прусского талера;A/сырой ключ вместо названия
01_ef_modifier_type;1582;goods_output_thaler_prussian_thaler_c_mult;Выпуск thaler_prussian_thaler;Множитель производства прусского талера;A/сырой ключ вместо названия
01_ef_modifier_type;1583;goods_output_thaler_saxon_thaler_c_add;Множитель потребления thaler_saxon_thaler;Производство саксонского талера;A/сырой ключ вместо названия
01_ef_modifier_type;1584;goods_input_thaler_saxon_thaler_c_add;Множитель выпуска thaler_saxon_thaler;Потребление саксонского талера;A/сырой ключ вместо названия
01_ef_modifier_type;1585;goods_input_thaler_saxon_thaler_c_mult;Потребление thaler_saxon_thaler;Множитель потребления саксонского талера;A/сырой ключ вместо названия
01_ef_modifier_type;1586;goods_output_thaler_saxon_thaler_c_mult;Выпуск thaler_saxon_thaler;Множитель производства саксонского талера;A/сырой ключ вместо названия
01_ef_notification;44;notification_maturity_arrives_message_name;[SCOPE.sCountry('seller').GetName] облигация достигает срока погашения;Облигация [SCOPE.sCountry('seller').GetAltName('RU_CL_RP')] достигает срока погашения;B/падеж
01_ef_notification;45;notification_maturity_arrives_message_desc;Остался 1 год до окончания ваших инвестиций в [SCOPE.sCountry('seller').GetName];Остался 1 год до окончания ваших инвестиций в [SCOPE.sCountry('seller').GetAltName('RU_CL_PP')];B/предложный
01_ef_notification;53;notification_ai_selle_bond_maturity_1_message_name;[SCOPE.sCountry('buyer').GetName] купил часть вашего долга;[SCOPE.sCountry('buyer').GetName] купил[SCOPE.sCountry('buyer').GetAltNameNoFormatting('RU_CL_END_FEM')] часть вашего долга;B/род глагола
01_ef_notification;54;notification_ai_selle_bond_maturity_1_message_desc;[SCOPE.sCountry('buyer').GetName] покупает [SCOPE.sCountry('buyer').MakeScope.Var('ai_bond_quantity_1').GetValue|+D] @bond! за [SCOPE.sCountry('buyer').MakeScope.Var('ai_total_bond_value_1').GetValue|+D] [SCOPE.sCountry('buyer').GetCustom('monetary_system')] у [SCOPE.sCountry('seller').GetName] на срок [SCOPE.sCountry('buyer').MakeScope.Var('ai_maturity_time_1').GetValue|+D0] лет.;[SCOPE.sCountry('buyer').GetName] покупает [SCOPE.sCountry('buyer').MakeScope.Var('ai_bond_quantity_1').GetValue|+D] @bond! за [SCOPE.sCountry('buyer').MakeScope.Var('ai_total_bond_value_1').GetValue|+D] [SCOPE.sCountry('buyer').GetCustom('monetary_system')] у [SCOPE.sCountry('seller').GetAltName('RU_CL_RP')] на срок [SCOPE.sCountry('buyer').MakeScope.Var('ai_maturity_time_1').GetValue|+D0] лет.;B/родительный
01_ef_notification;57;notification_ai_selle_bond_maturity_2_message_name;[SCOPE.sCountry('buyer').GetName] купил часть вашего долга;[SCOPE.sCountry('buyer').GetName] купил[SCOPE.sCountry('buyer').GetAltNameNoFormatting('RU_CL_END_FEM')] часть вашего долга;B/род глагола
01_ef_notification;58;notification_ai_selle_bond_maturity_2_message_desc;[SCOPE.sCountry('buyer').GetName] покупает [SCOPE.sCountry('buyer').MakeScope.Var('ai_bond_quantity_2').GetValue|+D] @bond! за [SCOPE.sCountry('buyer').MakeScope.Var('ai_total_bond_value_2').GetValue|+D] [SCOPE.sCountry('buyer').GetCustom('monetary_system')] у [SCOPE.sCountry('seller').GetName] на срок [SCOPE.sCountry('buyer').MakeScope.Var('ai_maturity_time_2').GetValue|+D0] лет.;[SCOPE.sCountry('buyer').GetName] покупает [SCOPE.sCountry('buyer').MakeScope.Var('ai_bond_quantity_2').GetValue|+D] @bond! за [SCOPE.sCountry('buyer').MakeScope.Var('ai_total_bond_value_2').GetValue|+D] [SCOPE.sCountry('buyer').GetCustom('monetary_system')] у [SCOPE.sCountry('seller').GetAltName('RU_CL_RP')] на срок [SCOPE.sCountry('buyer').MakeScope.Var('ai_maturity_time_2').GetValue|+D0] лет.;B/родительный
01_ef_notification;61;notification_ai_selle_bond_maturity_3_message_name;[SCOPE.sCountry('buyer').GetName] купил часть вашего долга;[SCOPE.sCountry('buyer').GetName] купил[SCOPE.sCountry('buyer').GetAltNameNoFormatting('RU_CL_END_FEM')] часть вашего долга;B/род глагола
01_ef_notification;62;notification_ai_selle_bond_maturity_3_message_desc;[SCOPE.sCountry('buyer').GetName] покупает [SCOPE.sCountry('buyer').MakeScope.Var('ai_bond_quantity_3').GetValue|+D] @bond! за [SCOPE.sCountry('buyer').MakeScope.Var('ai_total_bond_value_3').GetValue|+D] [SCOPE.sCountry('buyer').GetCustom('monetary_system')] у [SCOPE.sCountry('seller').GetName] на срок [SCOPE.sCountry('buyer').MakeScope.Var('ai_maturity_time_3').GetValue|+D0] лет.;[SCOPE.sCountry('buyer').GetName] покупает [SCOPE.sCountry('buyer').MakeScope.Var('ai_bond_quantity_3').GetValue|+D] @bond! за [SCOPE.sCountry('buyer').MakeScope.Var('ai_total_bond_value_3').GetValue|+D] [SCOPE.sCountry('buyer').GetCustom('monetary_system')] у [SCOPE.sCountry('seller').GetAltName('RU_CL_RP')] на срок [SCOPE.sCountry('buyer').MakeScope.Var('ai_maturity_time_3').GetValue|+D0] лет.;B/родительный
01_ef_notification;65;notification_ai_selle_bond_maturity_4_message_name;[SCOPE.sCountry('buyer').GetName] купил часть вашего долга;[SCOPE.sCountry('buyer').GetName] купил[SCOPE.sCountry('buyer').GetAltNameNoFormatting('RU_CL_END_FEM')] часть вашего долга;B/род глагола
01_ef_notification;66;notification_ai_selle_bond_maturity_4_message_desc;[SCOPE.sCountry('buyer').GetName] покупает [SCOPE.sCountry('buyer').MakeScope.Var('ai_bond_quantity_4').GetValue|+D] @bond! за [SCOPE.sCountry('buyer').MakeScope.Var('ai_total_bond_value_4').GetValue|+D] [SCOPE.sCountry('buyer').GetCustom('monetary_system')] у [SCOPE.sCountry('seller').GetName] на срок [SCOPE.sCountry('buyer').MakeScope.Var('ai_maturity_time_4').GetValue|+D0] лет.;[SCOPE.sCountry('buyer').GetName] покупает [SCOPE.sCountry('buyer').MakeScope.Var('ai_bond_quantity_4').GetValue|+D] @bond! за [SCOPE.sCountry('buyer').MakeScope.Var('ai_total_bond_value_4').GetValue|+D] [SCOPE.sCountry('buyer').GetCustom('monetary_system')] у [SCOPE.sCountry('seller').GetAltName('RU_CL_RP')] на срок [SCOPE.sCountry('buyer').MakeScope.Var('ai_maturity_time_4').GetValue|+D0] лет.;B/родительный
01_ef_notification;69;notification_ai_selle_bond_maturity_5_message_name;[SCOPE.sCountry('buyer').GetName] купил часть вашего долга;[SCOPE.sCountry('buyer').GetName] купил[SCOPE.sCountry('buyer').GetAltNameNoFormatting('RU_CL_END_FEM')] часть вашего долга;B/род глагола
01_ef_notification;70;notification_ai_selle_bond_maturity_5_message_desc;[SCOPE.sCountry('buyer').GetName] покупает [SCOPE.sCountry('buyer').MakeScope.Var('ai_bond_quantity_5').GetValue|+D] @bond! за [SCOPE.sCountry('buyer').MakeScope.Var('ai_total_bond_value_5').GetValue|+D] [SCOPE.sCountry('buyer').GetCustom('monetary_system')] у [SCOPE.sCountry('seller').GetName] на срок [SCOPE.sCountry('buyer').MakeScope.Var('ai_maturity_time_5').GetValue|+D0] лет.;[SCOPE.sCountry('buyer').GetName] покупает [SCOPE.sCountry('buyer').MakeScope.Var('ai_bond_quantity_5').GetValue|+D] @bond! за [SCOPE.sCountry('buyer').MakeScope.Var('ai_total_bond_value_5').GetValue|+D] [SCOPE.sCountry('buyer').GetCustom('monetary_system')] у [SCOPE.sCountry('seller').GetAltName('RU_CL_RP')] на срок [SCOPE.sCountry('buyer').MakeScope.Var('ai_maturity_time_5').GetValue|+D0] лет.;B/родительный
01_ef_notification;73;notification_ai_selle_bond_maturity_6_message_name;[SCOPE.sCountry('buyer').GetName] купил часть вашего долга;[SCOPE.sCountry('buyer').GetName] купил[SCOPE.sCountry('buyer').GetAltNameNoFormatting('RU_CL_END_FEM')] часть вашего долга;B/род глагола
01_ef_notification;74;notification_ai_selle_bond_maturity_6_message_desc;[SCOPE.sCountry('buyer').GetName] покупает [SCOPE.sCountry('buyer').MakeScope.Var('ai_bond_quantity_6').GetValue|+D] @bond! за [SCOPE.sCountry('buyer').MakeScope.Var('ai_total_bond_value_6').GetValue|+D] [SCOPE.sCountry('buyer').GetCustom('monetary_system')] у [SCOPE.sCountry('seller').GetName] на срок [SCOPE.sCountry('buyer').MakeScope.Var('ai_maturity_time_6').GetValue|+D0] лет.;[SCOPE.sCountry('buyer').GetName] покупает [SCOPE.sCountry('buyer').MakeScope.Var('ai_bond_quantity_6').GetValue|+D] @bond! за [SCOPE.sCountry('buyer').MakeScope.Var('ai_total_bond_value_6').GetValue|+D] [SCOPE.sCountry('buyer').GetCustom('monetary_system')] у [SCOPE.sCountry('seller').GetAltName('RU_CL_RP')] на срок [SCOPE.sCountry('buyer').MakeScope.Var('ai_maturity_time_6').GetValue|+D0] лет.;B/родительный
01_ef_notification;77;notification_ai_selle_bond_maturity_7_message_name;[SCOPE.sCountry('buyer').GetName] купил часть вашего долга;[SCOPE.sCountry('buyer').GetName] купил[SCOPE.sCountry('buyer').GetAltNameNoFormatting('RU_CL_END_FEM')] часть вашего долга;B/род глагола
01_ef_notification;78;notification_ai_selle_bond_maturity_7_message_desc;[SCOPE.sCountry('buyer').GetName] покупает [SCOPE.sCountry('buyer').MakeScope.Var('ai_bond_quantity_7').GetValue|+D] @bond! за [SCOPE.sCountry('buyer').MakeScope.Var('ai_total_bond_value_7').GetValue|+D] [SCOPE.sCountry('buyer').GetCustom('monetary_system')] у [SCOPE.sCountry('seller').GetName] на срок [SCOPE.sCountry('buyer').MakeScope.Var('ai_maturity_time_7').GetValue|+D0] лет.;[SCOPE.sCountry('buyer').GetName] покупает [SCOPE.sCountry('buyer').MakeScope.Var('ai_bond_quantity_7').GetValue|+D] @bond! за [SCOPE.sCountry('buyer').MakeScope.Var('ai_total_bond_value_7').GetValue|+D] [SCOPE.sCountry('buyer').GetCustom('monetary_system')] у [SCOPE.sCountry('seller').GetAltName('RU_CL_RP')] на срок [SCOPE.sCountry('buyer').MakeScope.Var('ai_maturity_time_7').GetValue|+D0] лет.;B/родительный
01_ef_notification;81;notification_ai_selle_bond_maturity_8_message_name;[SCOPE.sCountry('buyer').GetName] купил часть вашего долга;[SCOPE.sCountry('buyer').GetName] купил[SCOPE.sCountry('buyer').GetAltNameNoFormatting('RU_CL_END_FEM')] часть вашего долга;B/род глагола
01_ef_notification;82;notification_ai_selle_bond_maturity_8_message_desc;[SCOPE.sCountry('buyer').GetName] покупает [SCOPE.sCountry('buyer').MakeScope.Var('ai_bond_quantity_8').GetValue|+D] @bond! за [SCOPE.sCountry('buyer').MakeScope.Var('ai_total_bond_value_8').GetValue|+D] [SCOPE.sCountry('buyer').GetCustom('monetary_system')] у [SCOPE.sCountry('seller').GetName] на срок [SCOPE.sCountry('buyer').MakeScope.Var('ai_maturity_time_8').GetValue|+D0] лет.;[SCOPE.sCountry('buyer').GetName] покупает [SCOPE.sCountry('buyer').MakeScope.Var('ai_bond_quantity_8').GetValue|+D] @bond! за [SCOPE.sCountry('buyer').MakeScope.Var('ai_total_bond_value_8').GetValue|+D] [SCOPE.sCountry('buyer').GetCustom('monetary_system')] у [SCOPE.sCountry('seller').GetAltName('RU_CL_RP')] на срок [SCOPE.sCountry('buyer').MakeScope.Var('ai_maturity_time_8').GetValue|+D0] лет.;B/родительный
01_ef_notification;85;notification_ai_selle_bond_maturity_9_message_name;[SCOPE.sCountry('buyer').GetName] купил часть вашего долга;[SCOPE.sCountry('buyer').GetName] купил[SCOPE.sCountry('buyer').GetAltNameNoFormatting('RU_CL_END_FEM')] часть вашего долга;B/род глагола
01_ef_notification;86;notification_ai_selle_bond_maturity_9_message_desc;[SCOPE.sCountry('buyer').GetName] покупает [SCOPE.sCountry('buyer').MakeScope.Var('ai_bond_quantity_9').GetValue|+D] @bond! за [SCOPE.sCountry('buyer').MakeScope.Var('ai_total_bond_value_9').GetValue|+D] [SCOPE.sCountry('buyer').GetCustom('monetary_system')] у [SCOPE.sCountry('seller').GetName] на срок [SCOPE.sCountry('buyer').MakeScope.Var('ai_maturity_time_9').GetValue|+D0] лет.;[SCOPE.sCountry('buyer').GetName] покупает [SCOPE.sCountry('buyer').MakeScope.Var('ai_bond_quantity_9').GetValue|+D] @bond! за [SCOPE.sCountry('buyer').MakeScope.Var('ai_total_bond_value_9').GetValue|+D] [SCOPE.sCountry('buyer').GetCustom('monetary_system')] у [SCOPE.sCountry('seller').GetAltName('RU_CL_RP')] на срок [SCOPE.sCountry('buyer').MakeScope.Var('ai_maturity_time_9').GetValue|+D0] лет.;B/родительный
01_ef_notification;89;notification_ai_selle_bond_maturity_10_message_name;[SCOPE.sCountry('buyer').GetName] купил часть вашего долга;[SCOPE.sCountry('buyer').GetName] купил[SCOPE.sCountry('buyer').GetAltNameNoFormatting('RU_CL_END_FEM')] часть вашего долга;B/род глагола
01_ef_notification;90;notification_ai_selle_bond_maturity_10_message_desc;[SCOPE.sCountry('buyer').GetName] покупает [SCOPE.sCountry('buyer').MakeScope.Var('ai_bond_quantity_10').GetValue|+D] @bond! за [SCOPE.sCountry('buyer').MakeScope.Var('ai_total_bond_value_10').GetValue|+D] [SCOPE.sCountry('buyer').GetCustom('monetary_system')] у [SCOPE.sCountry('seller').GetName] на срок [SCOPE.sCountry('buyer').MakeScope.Var('ai_maturity_time_10').GetValue|+D0] лет.;[SCOPE.sCountry('buyer').GetName] покупает [SCOPE.sCountry('buyer').MakeScope.Var('ai_bond_quantity_10').GetValue|+D] @bond! за [SCOPE.sCountry('buyer').MakeScope.Var('ai_total_bond_value_10').GetValue|+D] [SCOPE.sCountry('buyer').GetCustom('monetary_system')] у [SCOPE.sCountry('seller').GetAltName('RU_CL_RP')] на срок [SCOPE.sCountry('buyer').MakeScope.Var('ai_maturity_time_10').GetValue|+D0] лет.;B/родительный
01_ef_notification;97;notification_ai_privat_bank_selle_bond_maturity_1_message_name;[SCOPE.sCompany('buyer_privat_bank').GetName] из [SCOPE.sCountry('buyer').GetName] купил часть вашего долга;[SCOPE.sCompany('buyer_privat_bank').GetName] из [SCOPE.sCountry('buyer').GetAltName('RU_CL_RP')] купил часть вашего долга;B/родительный
01_ef_notification;98;notification_ai_privat_bank_selle_bond_maturity_1_message_desc;[SCOPE.sCompany('buyer_privat_bank').GetName] из [SCOPE.sCountry('buyer').GetName] покупает [SCOPE.sCountry('buyer').MakeScope.Var('ai_privat_bank_bond_quantity_1').GetValue|+D] @bond! за [SCOPE.sCountry('buyer').MakeScope.Var('ai_privat_bank_bond_value_1').GetValue|+D] @gold! у [SCOPE.sCountry('seller').GetName];[SCOPE.sCompany('buyer_privat_bank').GetName] из [SCOPE.sCountry('buyer').GetAltName('RU_CL_RP')] покупает [SCOPE.sCountry('buyer').MakeScope.Var('ai_privat_bank_bond_quantity_1').GetValue|+D] @bond! за [SCOPE.sCountry('buyer').MakeScope.Var('ai_privat_bank_bond_value_1').GetValue|+D] @gold! у [SCOPE.sCountry('seller').GetAltName('RU_CL_RP')];B/родительный
01_ef_notification;101;notification_ai_privat_bank_buy_bond_maturity_1_message_name;[SCOPE.sCompany('buyer_privat_bank').GetName] из [SCOPE.sCountry('buyer').GetName] покупает внешний долг;[SCOPE.sCompany('buyer_privat_bank').GetName] из [SCOPE.sCountry('buyer').GetAltName('RU_CL_RP')] покупает внешний долг;B/родительный
01_ef_notification;102;notification_ai_privat_bank_buy_bond_maturity_1_message_desc;[SCOPE.sCompany('buyer_privat_bank').GetName] из [SCOPE.sCountry('buyer').GetName] покупает [SCOPE.sCountry('buyer').MakeScope.Var('ai_privat_bank_bond_quantity_1').GetValue|+D] @bond! за [SCOPE.sCountry('buyer').MakeScope.Var('ai_privat_bank_bond_value_1').GetValue|+D] @gold! у [SCOPE.sCountry('seller').GetName];[SCOPE.sCompany('buyer_privat_bank').GetName] из [SCOPE.sCountry('buyer').GetAltName('RU_CL_RP')] покупает [SCOPE.sCountry('buyer').MakeScope.Var('ai_privat_bank_bond_quantity_1').GetValue|+D] @bond! за [SCOPE.sCountry('buyer').MakeScope.Var('ai_privat_bank_bond_value_1').GetValue|+D] @gold! у [SCOPE.sCountry('seller').GetAltName('RU_CL_RP')];B/родительный
01_ef_notification;105;notification_ai_privat_bank_renforcement_selle_bond_maturity_1_message_name;[SCOPE.sCompany('buyer_privat_bank').GetName] из [SCOPE.sCountry('buyer').GetName] укрепляет свою позицию;[SCOPE.sCompany('buyer_privat_bank').GetName] из [SCOPE.sCountry('buyer').GetAltName('RU_CL_RP')] укрепляет свою позицию;B/родительный
01_ef_notification;106;notification_ai_privat_bank_renforcement_selle_bond_maturity_1_message_desc;[SCOPE.sCompany('buyer_privat_bank').GetName] из [SCOPE.sCountry('buyer').GetName] укрепляет свою позицию на [SCOPE.sCountry('buyer').MakeScope.Var('ai_privat_bank_bond_quantity_1').GetValue|+D] @bond! на сумму [SCOPE.sCountry('buyer').MakeScope.Var('ai_privat_bank_bond_value_1').GetValue|+D] @gold! у [SCOPE.sCountry('seller').GetName];[SCOPE.sCompany('buyer_privat_bank').GetName] из [SCOPE.sCountry('buyer').GetAltName('RU_CL_RP')] укрепляет свою позицию на [SCOPE.sCountry('buyer').MakeScope.Var('ai_privat_bank_bond_quantity_1').GetValue|+D] @bond! на сумму [SCOPE.sCountry('buyer').MakeScope.Var('ai_privat_bank_bond_value_1').GetValue|+D] @gold! у [SCOPE.sCountry('seller').GetAltName('RU_CL_RP')];B/родительный
01_ef_notification;109;notification_ai_privat_bank_renforcement_buy_bond_maturity_1_message_name;[SCOPE.sCompany('buyer_privat_bank').GetName] из [SCOPE.sCountry('buyer').GetName] укрепляет свою позицию по вашему долгу;[SCOPE.sCompany('buyer_privat_bank').GetName] из [SCOPE.sCountry('buyer').GetAltName('RU_CL_RP')] укрепляет свою позицию по вашему долгу;B/родительный
01_ef_notification;110;notification_ai_privat_bank_renforcement_buy_bond_maturity_1_message_desc;[SCOPE.sCompany('buyer_privat_bank').GetName] из [SCOPE.sCountry('buyer').GetName] укрепляет свою позицию на [SCOPE.sCountry('buyer').MakeScope.Var('ai_privat_bank_bond_quantity_1').GetValue|+D] @bond! на сумму [SCOPE.sCountry('buyer').MakeScope.Var('ai_privat_bank_bond_value_1').GetValue|+D] @gold! у [SCOPE.sCountry('seller').GetName];[SCOPE.sCompany('buyer_privat_bank').GetName] из [SCOPE.sCountry('buyer').GetAltName('RU_CL_RP')] укрепляет свою позицию на [SCOPE.sCountry('buyer').MakeScope.Var('ai_privat_bank_bond_quantity_1').GetValue|+D] @bond! на сумму [SCOPE.sCountry('buyer').MakeScope.Var('ai_privat_bank_bond_value_1').GetValue|+D] @gold! у [SCOPE.sCountry('seller').GetAltName('RU_CL_RP')];B/родительный
01_ef_notification;115;notification_ai_privat_bank_selle_bond_maturity_2_message_name;[SCOPE.sCompany('buyer_privat_bank').GetName] из [SCOPE.sCountry('buyer').GetName] купил часть вашего долга;[SCOPE.sCompany('buyer_privat_bank').GetName] из [SCOPE.sCountry('buyer').GetAltName('RU_CL_RP')] купил часть вашего долга;B/родительный
01_ef_notification;116;notification_ai_privat_bank_selle_bond_maturity_2_message_desc;[SCOPE.sCompany('buyer_privat_bank').GetName] из [SCOPE.sCountry('buyer').GetName] покупает [SCOPE.sCountry('buyer').MakeScope.Var('ai_privat_bank_bond_quantity_2').GetValue|+D] @bond! за [SCOPE.sCountry('buyer').MakeScope.Var('ai_privat_bank_bond_value_2').GetValue|+D] @gold! у [SCOPE.sCountry('seller').GetName];[SCOPE.sCompany('buyer_privat_bank').GetName] из [SCOPE.sCountry('buyer').GetAltName('RU_CL_RP')] покупает [SCOPE.sCountry('buyer').MakeScope.Var('ai_privat_bank_bond_quantity_2').GetValue|+D] @bond! за [SCOPE.sCountry('buyer').MakeScope.Var('ai_privat_bank_bond_value_2').GetValue|+D] @gold! у [SCOPE.sCountry('seller').GetAltName('RU_CL_RP')];B/родительный
01_ef_notification;119;notification_ai_privat_bank_buy_bond_maturity_2_message_name;[SCOPE.sCompany('buyer_privat_bank').GetName] из [SCOPE.sCountry('buyer').GetName] покупает внешний долг;[SCOPE.sCompany('buyer_privat_bank').GetName] из [SCOPE.sCountry('buyer').GetAltName('RU_CL_RP')] покупает внешний долг;B/родительный
01_ef_notification;120;notification_ai_privat_bank_buy_bond_maturity_2_message_desc;[SCOPE.sCompany('buyer_privat_bank').GetName] из [SCOPE.sCountry('buyer').GetName] покупает [SCOPE.sCountry('buyer').MakeScope.Var('ai_privat_bank_bond_quantity_2').GetValue|+D] @bond! за [SCOPE.sCountry('buyer').MakeScope.Var('ai_privat_bank_bond_value_2').GetValue|+D] @gold! у [SCOPE.sCountry('seller').GetName];[SCOPE.sCompany('buyer_privat_bank').GetName] из [SCOPE.sCountry('buyer').GetAltName('RU_CL_RP')] покупает [SCOPE.sCountry('buyer').MakeScope.Var('ai_privat_bank_bond_quantity_2').GetValue|+D] @bond! за [SCOPE.sCountry('buyer').MakeScope.Var('ai_privat_bank_bond_value_2').GetValue|+D] @gold! у [SCOPE.sCountry('seller').GetAltName('RU_CL_RP')];B/родительный
01_ef_notification;123;notification_ai_privat_bank_renforcement_selle_bond_maturity_2_message_name;[SCOPE.sCompany('buyer_privat_bank').GetName] из [SCOPE.sCountry('buyer').GetName] укрепляет свою позицию;[SCOPE.sCompany('buyer_privat_bank').GetName] из [SCOPE.sCountry('buyer').GetAltName('RU_CL_RP')] укрепляет свою позицию;B/родительный
01_ef_notification;124;notification_ai_privat_bank_renforcement_selle_bond_maturity_2_message_desc;[SCOPE.sCompany('buyer_privat_bank').GetName] из [SCOPE.sCountry('buyer').GetName] укрепляет свою позицию на [SCOPE.sCountry('buyer').MakeScope.Var('ai_privat_bank_bond_quantity_2').GetValue|+D] @bond! на сумму [SCOPE.sCountry('buyer').MakeScope.Var('ai_privat_bank_bond_value_2').GetValue|+D] @gold! у [SCOPE.sCountry('seller').GetName];[SCOPE.sCompany('buyer_privat_bank').GetName] из [SCOPE.sCountry('buyer').GetAltName('RU_CL_RP')] укрепляет свою позицию на [SCOPE.sCountry('buyer').MakeScope.Var('ai_privat_bank_bond_quantity_2').GetValue|+D] @bond! на сумму [SCOPE.sCountry('buyer').MakeScope.Var('ai_privat_bank_bond_value_2').GetValue|+D] @gold! у [SCOPE.sCountry('seller').GetAltName('RU_CL_RP')];B/родительный
01_ef_notification;127;notification_ai_privat_bank_renforcement_buy_bond_maturity_2_message_name;[SCOPE.sCompany('buyer_privat_bank').GetName] из [SCOPE.sCountry('buyer').GetName] укрепляет свою позицию по вашему долгу;[SCOPE.sCompany('buyer_privat_bank').GetName] из [SCOPE.sCountry('buyer').GetAltName('RU_CL_RP')] укрепляет свою позицию по вашему долгу;B/родительный
01_ef_notification;128;notification_ai_privat_bank_renforcement_buy_bond_maturity_2_message_desc;[SCOPE.sCompany('buyer_privat_bank').GetName] из [SCOPE.sCountry('buyer').GetName] укрепляет свою позицию на [SCOPE.sCountry('buyer').MakeScope.Var('ai_privat_bank_bond_quantity_2').GetValue|+D] @bond! на сумму [SCOPE.sCountry('buyer').MakeScope.Var('ai_privat_bank_bond_value_2').GetValue|+D] @gold! у [SCOPE.sCountry('seller').GetName];[SCOPE.sCompany('buyer_privat_bank').GetName] из [SCOPE.sCountry('buyer').GetAltName('RU_CL_RP')] укрепляет свою позицию на [SCOPE.sCountry('buyer').MakeScope.Var('ai_privat_bank_bond_quantity_2').GetValue|+D] @bond! на сумму [SCOPE.sCountry('buyer').MakeScope.Var('ai_privat_bank_bond_value_2').GetValue|+D] @gold! у [SCOPE.sCountry('seller').GetAltName('RU_CL_RP')];B/родительный
01_ef_notification;133;notification_ai_privat_bank_selle_bond_maturity_3_message_name;[SCOPE.sCompany('buyer_privat_bank').GetName] из [SCOPE.sCountry('buyer').GetName] купил часть вашего долга;[SCOPE.sCompany('buyer_privat_bank').GetName] из [SCOPE.sCountry('buyer').GetAltName('RU_CL_RP')] купил часть вашего долга;B/родительный
01_ef_notification;134;notification_ai_privat_bank_selle_bond_maturity_3_message_desc;[SCOPE.sCompany('buyer_privat_bank').GetName] из [SCOPE.sCountry('buyer').GetName] покупает [SCOPE.sCountry('buyer').MakeScope.Var('ai_privat_bank_bond_quantity_3').GetValue|+D] @bond! за [SCOPE.sCountry('buyer').MakeScope.Var('ai_privat_bank_bond_value_3').GetValue|+D] @gold! у [SCOPE.sCountry('seller').GetName];[SCOPE.sCompany('buyer_privat_bank').GetName] из [SCOPE.sCountry('buyer').GetAltName('RU_CL_RP')] покупает [SCOPE.sCountry('buyer').MakeScope.Var('ai_privat_bank_bond_quantity_3').GetValue|+D] @bond! за [SCOPE.sCountry('buyer').MakeScope.Var('ai_privat_bank_bond_value_3').GetValue|+D] @gold! у [SCOPE.sCountry('seller').GetAltName('RU_CL_RP')];B/родительный
01_ef_notification;137;notification_ai_privat_bank_buy_bond_maturity_3_message_name;[SCOPE.sCompany('buyer_privat_bank').GetName] из [SCOPE.sCountry('buyer').GetName] покупает внешний долг;[SCOPE.sCompany('buyer_privat_bank').GetName] из [SCOPE.sCountry('buyer').GetAltName('RU_CL_RP')] покупает внешний долг;B/родительный
01_ef_notification;138;notification_ai_privat_bank_buy_bond_maturity_3_message_desc;[SCOPE.sCompany('buyer_privat_bank').GetName] из [SCOPE.sCountry('buyer').GetName] покупает [SCOPE.sCountry('buyer').MakeScope.Var('ai_privat_bank_bond_quantity_3').GetValue|+D] @bond! за [SCOPE.sCountry('buyer').MakeScope.Var('ai_privat_bank_bond_value_3').GetValue|+D] @gold! у [SCOPE.sCountry('seller').GetName];[SCOPE.sCompany('buyer_privat_bank').GetName] из [SCOPE.sCountry('buyer').GetAltName('RU_CL_RP')] покупает [SCOPE.sCountry('buyer').MakeScope.Var('ai_privat_bank_bond_quantity_3').GetValue|+D] @bond! за [SCOPE.sCountry('buyer').MakeScope.Var('ai_privat_bank_bond_value_3').GetValue|+D] @gold! у [SCOPE.sCountry('seller').GetAltName('RU_CL_RP')];B/родительный
01_ef_notification;141;notification_ai_privat_bank_renforcement_selle_bond_maturity_3_message_name;[SCOPE.sCompany('buyer_privat_bank').GetName] из [SCOPE.sCountry('buyer').GetName] укрепляет свою позицию;[SCOPE.sCompany('buyer_privat_bank').GetName] из [SCOPE.sCountry('buyer').GetAltName('RU_CL_RP')] укрепляет свою позицию;B/родительный
01_ef_notification;142;notification_ai_privat_bank_renforcement_selle_bond_maturity_3_message_desc;[SCOPE.sCompany('buyer_privat_bank').GetName] из [SCOPE.sCountry('buyer').GetName] укрепляет свою позицию на [SCOPE.sCountry('buyer').MakeScope.Var('ai_privat_bank_bond_quantity_3').GetValue|+D] @bond! на сумму [SCOPE.sCountry('buyer').MakeScope.Var('ai_privat_bank_bond_value_3').GetValue|+D] @gold! у [SCOPE.sCountry('seller').GetName];[SCOPE.sCompany('buyer_privat_bank').GetName] из [SCOPE.sCountry('buyer').GetAltName('RU_CL_RP')] укрепляет свою позицию на [SCOPE.sCountry('buyer').MakeScope.Var('ai_privat_bank_bond_quantity_3').GetValue|+D] @bond! на сумму [SCOPE.sCountry('buyer').MakeScope.Var('ai_privat_bank_bond_value_3').GetValue|+D] @gold! у [SCOPE.sCountry('seller').GetAltName('RU_CL_RP')];B/родительный
01_ef_notification;145;notification_ai_privat_bank_renforcement_buy_bond_maturity_3_message_name;[SCOPE.sCompany('buyer_privat_bank').GetName] из [SCOPE.sCountry('buyer').GetName] укрепляет свою позицию по вашему долгу;[SCOPE.sCompany('buyer_privat_bank').GetName] из [SCOPE.sCountry('buyer').GetAltName('RU_CL_RP')] укрепляет свою позицию по вашему долгу;B/родительный
01_ef_notification;146;notification_ai_privat_bank_renforcement_buy_bond_maturity_3_message_desc;[SCOPE.sCompany('buyer_privat_bank').GetName] из [SCOPE.sCountry('buyer').GetName] укрепляет свою позицию на [SCOPE.sCountry('buyer').MakeScope.Var('ai_privat_bank_bond_quantity_3').GetValue|+D] @bond! на сумму [SCOPE.sCountry('buyer').MakeScope.Var('ai_privat_bank_bond_value_3').GetValue|+D] @gold! у [SCOPE.sCountry('seller').GetName];[SCOPE.sCompany('buyer_privat_bank').GetName] из [SCOPE.sCountry('buyer').GetAltName('RU_CL_RP')] укрепляет свою позицию на [SCOPE.sCountry('buyer').MakeScope.Var('ai_privat_bank_bond_quantity_3').GetValue|+D] @bond! на сумму [SCOPE.sCountry('buyer').MakeScope.Var('ai_privat_bank_bond_value_3').GetValue|+D] @gold! у [SCOPE.sCountry('seller').GetAltName('RU_CL_RP')];B/родительный
01_ef_notification;151;notification_ai_privat_bank_selle_bond_maturity_4_message_name;[SCOPE.sCompany('buyer_privat_bank').GetName] из [SCOPE.sCountry('buyer').GetName] купил часть вашего долга;[SCOPE.sCompany('buyer_privat_bank').GetName] из [SCOPE.sCountry('buyer').GetAltName('RU_CL_RP')] купил часть вашего долга;B/родительный
01_ef_notification;152;notification_ai_privat_bank_selle_bond_maturity_4_message_desc;[SCOPE.sCompany('buyer_privat_bank').GetName] из [SCOPE.sCountry('buyer').GetName] покупает [SCOPE.sCountry('buyer').MakeScope.Var('ai_privat_bank_bond_quantity_4').GetValue|+D] @bond! за [SCOPE.sCountry('buyer').MakeScope.Var('ai_privat_bank_bond_value_4').GetValue|+D] @gold! у [SCOPE.sCountry('seller').GetName];[SCOPE.sCompany('buyer_privat_bank').GetName] из [SCOPE.sCountry('buyer').GetAltName('RU_CL_RP')] покупает [SCOPE.sCountry('buyer').MakeScope.Var('ai_privat_bank_bond_quantity_4').GetValue|+D] @bond! за [SCOPE.sCountry('buyer').MakeScope.Var('ai_privat_bank_bond_value_4').GetValue|+D] @gold! у [SCOPE.sCountry('seller').GetAltName('RU_CL_RP')];B/родительный
01_ef_notification;155;notification_ai_privat_bank_buy_bond_maturity_4_message_name;[SCOPE.sCompany('buyer_privat_bank').GetName] из [SCOPE.sCountry('buyer').GetName] покупает внешний долг;[SCOPE.sCompany('buyer_privat_bank').GetName] из [SCOPE.sCountry('buyer').GetAltName('RU_CL_RP')] покупает внешний долг;B/родительный
01_ef_notification;156;notification_ai_privat_bank_buy_bond_maturity_4_message_desc;[SCOPE.sCompany('buyer_privat_bank').GetName] из [SCOPE.sCountry('buyer').GetName] покупает [SCOPE.sCountry('buyer').MakeScope.Var('ai_privat_bank_bond_quantity_4').GetValue|+D] @bond! за [SCOPE.sCountry('buyer').MakeScope.Var('ai_privat_bank_bond_value_4').GetValue|+D] @gold! у [SCOPE.sCountry('seller').GetName];[SCOPE.sCompany('buyer_privat_bank').GetName] из [SCOPE.sCountry('buyer').GetAltName('RU_CL_RP')] покупает [SCOPE.sCountry('buyer').MakeScope.Var('ai_privat_bank_bond_quantity_4').GetValue|+D] @bond! за [SCOPE.sCountry('buyer').MakeScope.Var('ai_privat_bank_bond_value_4').GetValue|+D] @gold! у [SCOPE.sCountry('seller').GetAltName('RU_CL_RP')];B/родительный
01_ef_notification;159;notification_ai_privat_bank_renforcement_selle_bond_maturity_4_message_name;[SCOPE.sCompany('buyer_privat_bank').GetName] из [SCOPE.sCountry('buyer').GetName] укрепляет свою позицию;[SCOPE.sCompany('buyer_privat_bank').GetName] из [SCOPE.sCountry('buyer').GetAltName('RU_CL_RP')] укрепляет свою позицию;B/родительный
01_ef_notification;160;notification_ai_privat_bank_renforcement_selle_bond_maturity_4_message_desc;[SCOPE.sCompany('buyer_privat_bank').GetName] из [SCOPE.sCountry('buyer').GetName] укрепляет свою позицию на [SCOPE.sCountry('buyer').MakeScope.Var('ai_privat_bank_bond_quantity_4').GetValue|+D] @bond! на сумму [SCOPE.sCountry('buyer').MakeScope.Var('ai_privat_bank_bond_value_4').GetValue|+D] @gold! у [SCOPE.sCountry('seller').GetName];[SCOPE.sCompany('buyer_privat_bank').GetName] из [SCOPE.sCountry('buyer').GetAltName('RU_CL_RP')] укрепляет свою позицию на [SCOPE.sCountry('buyer').MakeScope.Var('ai_privat_bank_bond_quantity_4').GetValue|+D] @bond! на сумму [SCOPE.sCountry('buyer').MakeScope.Var('ai_privat_bank_bond_value_4').GetValue|+D] @gold! у [SCOPE.sCountry('seller').GetAltName('RU_CL_RP')];B/родительный
01_ef_notification;163;notification_ai_privat_bank_renforcement_buy_bond_maturity_4_message_name;[SCOPE.sCompany('buyer_privat_bank').GetName] из [SCOPE.sCountry('buyer').GetName] укрепляет свою позицию по вашему долгу;[SCOPE.sCompany('buyer_privat_bank').GetName] из [SCOPE.sCountry('buyer').GetAltName('RU_CL_RP')] укрепляет свою позицию по вашему долгу;B/родительный
01_ef_notification;164;notification_ai_privat_bank_renforcement_buy_bond_maturity_4_message_desc;[SCOPE.sCompany('buyer_privat_bank').GetName] из [SCOPE.sCountry('buyer').GetName] укрепляет свою позицию на [SCOPE.sCountry('buyer').MakeScope.Var('ai_privat_bank_bond_quantity_4').GetValue|+D] @bond! на сумму [SCOPE.sCountry('buyer').MakeScope.Var('ai_privat_bank_bond_value_4').GetValue|+D] @gold! у [SCOPE.sCountry('seller').GetName];[SCOPE.sCompany('buyer_privat_bank').GetName] из [SCOPE.sCountry('buyer').GetAltName('RU_CL_RP')] укрепляет свою позицию на [SCOPE.sCountry('buyer').MakeScope.Var('ai_privat_bank_bond_quantity_4').GetValue|+D] @bond! на сумму [SCOPE.sCountry('buyer').MakeScope.Var('ai_privat_bank_bond_value_4').GetValue|+D] @gold! у [SCOPE.sCountry('seller').GetAltName('RU_CL_RP')];B/родительный
01_ef_notification;169;notification_ai_privat_bank_selle_bond_maturity_5_message_name;[SCOPE.sCompany('buyer_privat_bank').GetName] из [SCOPE.sCountry('buyer').GetName] купил часть вашего долга;[SCOPE.sCompany('buyer_privat_bank').GetName] из [SCOPE.sCountry('buyer').GetAltName('RU_CL_RP')] купил часть вашего долга;B/родительный
01_ef_notification;170;notification_ai_privat_bank_selle_bond_maturity_5_message_desc;[SCOPE.sCompany('buyer_privat_bank').GetName] из [SCOPE.sCountry('buyer').GetName] покупает [SCOPE.sCountry('buyer').MakeScope.Var('ai_privat_bank_bond_quantity_5').GetValue|+D] @bond! за [SCOPE.sCountry('buyer').MakeScope.Var('ai_privat_bank_bond_value_5').GetValue|+D] @gold! у [SCOPE.sCountry('seller').GetName];[SCOPE.sCompany('buyer_privat_bank').GetName] из [SCOPE.sCountry('buyer').GetAltName('RU_CL_RP')] покупает [SCOPE.sCountry('buyer').MakeScope.Var('ai_privat_bank_bond_quantity_5').GetValue|+D] @bond! за [SCOPE.sCountry('buyer').MakeScope.Var('ai_privat_bank_bond_value_5').GetValue|+D] @gold! у [SCOPE.sCountry('seller').GetAltName('RU_CL_RP')];B/родительный
01_ef_notification;173;notification_ai_privat_bank_buy_bond_maturity_5_message_name;[SCOPE.sCompany('buyer_privat_bank').GetName] из [SCOPE.sCountry('buyer').GetName] покупает внешний долг;[SCOPE.sCompany('buyer_privat_bank').GetName] из [SCOPE.sCountry('buyer').GetAltName('RU_CL_RP')] покупает внешний долг;B/родительный
01_ef_notification;174;notification_ai_privat_bank_buy_bond_maturity_5_message_desc;[SCOPE.sCompany('buyer_privat_bank').GetName] из [SCOPE.sCountry('buyer').GetName] покупает [SCOPE.sCountry('buyer').MakeScope.Var('ai_privat_bank_bond_quantity_5').GetValue|+D] @bond! за [SCOPE.sCountry('buyer').MakeScope.Var('ai_privat_bank_bond_value_5').GetValue|+D] @gold! у [SCOPE.sCountry('seller').GetName];[SCOPE.sCompany('buyer_privat_bank').GetName] из [SCOPE.sCountry('buyer').GetAltName('RU_CL_RP')] покупает [SCOPE.sCountry('buyer').MakeScope.Var('ai_privat_bank_bond_quantity_5').GetValue|+D] @bond! за [SCOPE.sCountry('buyer').MakeScope.Var('ai_privat_bank_bond_value_5').GetValue|+D] @gold! у [SCOPE.sCountry('seller').GetAltName('RU_CL_RP')];B/родительный
01_ef_notification;177;notification_ai_privat_bank_renforcement_selle_bond_maturity_5_message_name;[SCOPE.sCompany('buyer_privat_bank').GetName] из [SCOPE.sCountry('buyer').GetName] укрепляет свою позицию;[SCOPE.sCompany('buyer_privat_bank').GetName] из [SCOPE.sCountry('buyer').GetAltName('RU_CL_RP')] укрепляет свою позицию;B/родительный
01_ef_notification;178;notification_ai_privat_bank_renforcement_selle_bond_maturity_5_message_desc;[SCOPE.sCompany('buyer_privat_bank').GetName] из [SCOPE.sCountry('buyer').GetName] укрепляет свою позицию на [SCOPE.sCountry('buyer').MakeScope.Var('ai_privat_bank_bond_quantity_5').GetValue|+D] @bond! на сумму [SCOPE.sCountry('buyer').MakeScope.Var('ai_privat_bank_bond_value_5').GetValue|+D] @gold! у [SCOPE.sCountry('seller').GetName];[SCOPE.sCompany('buyer_privat_bank').GetName] из [SCOPE.sCountry('buyer').GetAltName('RU_CL_RP')] укрепляет свою позицию на [SCOPE.sCountry('buyer').MakeScope.Var('ai_privat_bank_bond_quantity_5').GetValue|+D] @bond! на сумму [SCOPE.sCountry('buyer').MakeScope.Var('ai_privat_bank_bond_value_5').GetValue|+D] @gold! у [SCOPE.sCountry('seller').GetAltName('RU_CL_RP')];B/родительный
01_ef_notification;181;notification_ai_privat_bank_renforcement_buy_bond_maturity_5_message_name;[SCOPE.sCompany('buyer_privat_bank').GetName] из [SCOPE.sCountry('buyer').GetName] укрепляет свою позицию по вашему долгу;[SCOPE.sCompany('buyer_privat_bank').GetName] из [SCOPE.sCountry('buyer').GetAltName('RU_CL_RP')] укрепляет свою позицию по вашему долгу;B/родительный
01_ef_notification;182;notification_ai_privat_bank_renforcement_buy_bond_maturity_5_message_desc;[SCOPE.sCompany('buyer_privat_bank').GetName] из [SCOPE.sCountry('buyer').GetName] укрепляет свою позицию на [SCOPE.sCountry('buyer').MakeScope.Var('ai_privat_bank_bond_quantity_5').GetValue|+D] @bond! на сумму [SCOPE.sCountry('buyer').MakeScope.Var('ai_privat_bank_bond_value_5').GetValue|+D] @gold! у [SCOPE.sCountry('seller').GetName];[SCOPE.sCompany('buyer_privat_bank').GetName] из [SCOPE.sCountry('buyer').GetAltName('RU_CL_RP')] укрепляет свою позицию на [SCOPE.sCountry('buyer').MakeScope.Var('ai_privat_bank_bond_quantity_5').GetValue|+D] @bond! на сумму [SCOPE.sCountry('buyer').MakeScope.Var('ai_privat_bank_bond_value_5').GetValue|+D] @gold! у [SCOPE.sCountry('seller').GetAltName('RU_CL_RP')];B/родительный
01_ef_notification;187;notification_ai_privat_bank_selle_bond_maturity_6_message_name;[SCOPE.sCompany('buyer_privat_bank').GetName] из [SCOPE.sCountry('buyer').GetName] купил часть вашего долга;[SCOPE.sCompany('buyer_privat_bank').GetName] из [SCOPE.sCountry('buyer').GetAltName('RU_CL_RP')] купил часть вашего долга;B/родительный
01_ef_notification;188;notification_ai_privat_bank_selle_bond_maturity_6_message_desc;[SCOPE.sCompany('buyer_privat_bank').GetName] из [SCOPE.sCountry('buyer').GetName] купил [SCOPE.sCountry('buyer').MakeScope.Var('ai_privat_bank_bond_quantity_6').GetValue|+D] @bond! за [SCOPE.sCountry('buyer').MakeScope.Var('ai_privat_bank_bond_value_6').GetValue|+D] @gold! у [SCOPE.sCountry('seller').GetName];[SCOPE.sCompany('buyer_privat_bank').GetName] из [SCOPE.sCountry('buyer').GetAltName('RU_CL_RP')] купил [SCOPE.sCountry('buyer').MakeScope.Var('ai_privat_bank_bond_quantity_6').GetValue|+D] @bond! за [SCOPE.sCountry('buyer').MakeScope.Var('ai_privat_bank_bond_value_6').GetValue|+D] @gold! у [SCOPE.sCountry('seller').GetAltName('RU_CL_RP')];B/родительный
01_ef_notification;191;notification_ai_privat_bank_buy_bond_maturity_6_message_name;[SCOPE.sCompany('buyer_privat_bank').GetName] из [SCOPE.sCountry('buyer').GetName] покупает иностранный долг;[SCOPE.sCompany('buyer_privat_bank').GetName] из [SCOPE.sCountry('buyer').GetAltName('RU_CL_RP')] покупает иностранный долг;B/родительный
01_ef_notification;192;notification_ai_privat_bank_buy_bond_maturity_6_message_desc;[SCOPE.sCompany('buyer_privat_bank').GetName] из [SCOPE.sCountry('buyer').GetName] купил [SCOPE.sCountry('buyer').MakeScope.Var('ai_privat_bank_bond_quantity_6').GetValue|+D] @bond! за [SCOPE.sCountry('buyer').MakeScope.Var('ai_privat_bank_bond_value_6').GetValue|+D] @gold! у [SCOPE.sCountry('seller').GetName];[SCOPE.sCompany('buyer_privat_bank').GetName] из [SCOPE.sCountry('buyer').GetAltName('RU_CL_RP')] купил [SCOPE.sCountry('buyer').MakeScope.Var('ai_privat_bank_bond_quantity_6').GetValue|+D] @bond! за [SCOPE.sCountry('buyer').MakeScope.Var('ai_privat_bank_bond_value_6').GetValue|+D] @gold! у [SCOPE.sCountry('seller').GetAltName('RU_CL_RP')];B/родительный
01_ef_notification;195;notification_ai_privat_bank_renforcement_selle_bond_maturity_6_message_name;[SCOPE.sCompany('buyer_privat_bank').GetName] из [SCOPE.sCountry('buyer').GetName] укрепляет свою позицию;[SCOPE.sCompany('buyer_privat_bank').GetName] из [SCOPE.sCountry('buyer').GetAltName('RU_CL_RP')] укрепляет свою позицию;B/родительный
01_ef_notification;196;notification_ai_privat_bank_renforcement_selle_bond_maturity_6_message_desc;[SCOPE.sCompany('buyer_privat_bank').GetName] из [SCOPE.sCountry('buyer').GetName] укрепляет свою позицию: [SCOPE.sCountry('buyer').MakeScope.Var('ai_privat_bank_bond_quantity_6').GetValue|+D] @bond! за [SCOPE.sCountry('buyer').MakeScope.Var('ai_privat_bank_bond_value_6').GetValue|+D] @gold! у [SCOPE.sCountry('seller').GetName];[SCOPE.sCompany('buyer_privat_bank').GetName] из [SCOPE.sCountry('buyer').GetAltName('RU_CL_RP')] укрепляет свою позицию: [SCOPE.sCountry('buyer').MakeScope.Var('ai_privat_bank_bond_quantity_6').GetValue|+D] @bond! за [SCOPE.sCountry('buyer').MakeScope.Var('ai_privat_bank_bond_value_6').GetValue|+D] @gold! у [SCOPE.sCountry('seller').GetAltName('RU_CL_RP')];B/родительный
01_ef_notification;199;notification_ai_privat_bank_renforcement_buy_bond_maturity_6_message_name;[SCOPE.sCompany('buyer_privat_bank').GetName] из [SCOPE.sCountry('buyer').GetName] укрепляет свою позицию по вашему долгу;[SCOPE.sCompany('buyer_privat_bank').GetName] из [SCOPE.sCountry('buyer').GetAltName('RU_CL_RP')] укрепляет свою позицию по вашему долгу;B/родительный
01_ef_notification;200;notification_ai_privat_bank_renforcement_buy_bond_maturity_6_message_desc;[SCOPE.sCompany('buyer_privat_bank').GetName] из [SCOPE.sCountry('buyer').GetName] укрепляет свою позицию: [SCOPE.sCountry('buyer').MakeScope.Var('ai_privat_bank_bond_quantity_6').GetValue|+D] @bond! за [SCOPE.sCountry('buyer').MakeScope.Var('ai_privat_bank_bond_value_6').GetValue|+D] @gold! у [SCOPE.sCountry('seller').GetName];[SCOPE.sCompany('buyer_privat_bank').GetName] из [SCOPE.sCountry('buyer').GetAltName('RU_CL_RP')] укрепляет свою позицию: [SCOPE.sCountry('buyer').MakeScope.Var('ai_privat_bank_bond_quantity_6').GetValue|+D] @bond! за [SCOPE.sCountry('buyer').MakeScope.Var('ai_privat_bank_bond_value_6').GetValue|+D] @gold! у [SCOPE.sCountry('seller').GetAltName('RU_CL_RP')];B/родительный
01_ef_notification;205;notification_ai_privat_bank_selle_bond_maturity_7_message_name;[SCOPE.sCompany('buyer_privat_bank').GetName] из [SCOPE.sCountry('buyer').GetName] купил часть вашего долга;[SCOPE.sCompany('buyer_privat_bank').GetName] из [SCOPE.sCountry('buyer').GetAltName('RU_CL_RP')] купил часть вашего долга;B/родительный
01_ef_notification;206;notification_ai_privat_bank_selle_bond_maturity_7_message_desc;[SCOPE.sCompany('buyer_privat_bank').GetName] из [SCOPE.sCountry('buyer').GetName] купил [SCOPE.sCountry('buyer').MakeScope.Var('ai_privat_bank_bond_quantity_7').GetValue|+D] @bond! за [SCOPE.sCountry('buyer').MakeScope.Var('ai_privat_bank_bond_value_7').GetValue|+D] @gold! у [SCOPE.sCountry('seller').GetName];[SCOPE.sCompany('buyer_privat_bank').GetName] из [SCOPE.sCountry('buyer').GetAltName('RU_CL_RP')] купил [SCOPE.sCountry('buyer').MakeScope.Var('ai_privat_bank_bond_quantity_7').GetValue|+D] @bond! за [SCOPE.sCountry('buyer').MakeScope.Var('ai_privat_bank_bond_value_7').GetValue|+D] @gold! у [SCOPE.sCountry('seller').GetAltName('RU_CL_RP')];B/родительный
01_ef_notification;209;notification_ai_privat_bank_buy_bond_maturity_7_message_name;[SCOPE.sCompany('buyer_privat_bank').GetName] из [SCOPE.sCountry('buyer').GetName] покупает иностранный долг;[SCOPE.sCompany('buyer_privat_bank').GetName] из [SCOPE.sCountry('buyer').GetAltName('RU_CL_RP')] покупает иностранный долг;B/родительный
01_ef_notification;210;notification_ai_privat_bank_buy_bond_maturity_7_message_desc;[SCOPE.sCompany('buyer_privat_bank').GetName] из [SCOPE.sCountry('buyer').GetName] купил [SCOPE.sCountry('buyer').MakeScope.Var('ai_privat_bank_bond_quantity_7').GetValue|+D] @bond! за [SCOPE.sCountry('buyer').MakeScope.Var('ai_privat_bank_bond_value_7').GetValue|+D] @gold! у [SCOPE.sCountry('seller').GetName];[SCOPE.sCompany('buyer_privat_bank').GetName] из [SCOPE.sCountry('buyer').GetAltName('RU_CL_RP')] купил [SCOPE.sCountry('buyer').MakeScope.Var('ai_privat_bank_bond_quantity_7').GetValue|+D] @bond! за [SCOPE.sCountry('buyer').MakeScope.Var('ai_privat_bank_bond_value_7').GetValue|+D] @gold! у [SCOPE.sCountry('seller').GetAltName('RU_CL_RP')];B/родительный
01_ef_notification;213;notification_ai_privat_bank_renforcement_selle_bond_maturity_7_message_name;[SCOPE.sCompany('buyer_privat_bank').GetName] из [SCOPE.sCountry('buyer').GetName] укрепляет свою позицию;[SCOPE.sCompany('buyer_privat_bank').GetName] из [SCOPE.sCountry('buyer').GetAltName('RU_CL_RP')] укрепляет свою позицию;B/родительный
01_ef_notification;214;notification_ai_privat_bank_renforcement_selle_bond_maturity_7_message_desc;[SCOPE.sCompany('buyer_privat_bank').GetName] из [SCOPE.sCountry('buyer').GetName] укрепляет свою позицию: [SCOPE.sCountry('buyer').MakeScope.Var('ai_privat_bank_bond_quantity_7').GetValue|+D] @bond! за [SCOPE.sCountry('buyer').MakeScope.Var('ai_privat_bank_bond_value_7').GetValue|+D] @gold! у [SCOPE.sCountry('seller').GetName];[SCOPE.sCompany('buyer_privat_bank').GetName] из [SCOPE.sCountry('buyer').GetAltName('RU_CL_RP')] укрепляет свою позицию: [SCOPE.sCountry('buyer').MakeScope.Var('ai_privat_bank_bond_quantity_7').GetValue|+D] @bond! за [SCOPE.sCountry('buyer').MakeScope.Var('ai_privat_bank_bond_value_7').GetValue|+D] @gold! у [SCOPE.sCountry('seller').GetAltName('RU_CL_RP')];B/родительный
01_ef_notification;217;notification_ai_privat_bank_renforcement_buy_bond_maturity_7_message_name;[SCOPE.sCompany('buyer_privat_bank').GetName] из [SCOPE.sCountry('buyer').GetName] укрепляет свою позицию по вашему долгу;[SCOPE.sCompany('buyer_privat_bank').GetName] из [SCOPE.sCountry('buyer').GetAltName('RU_CL_RP')] укрепляет свою позицию по вашему долгу;B/родительный
01_ef_notification;218;notification_ai_privat_bank_renforcement_buy_bond_maturity_7_message_desc;[SCOPE.sCompany('buyer_privat_bank').GetName] из [SCOPE.sCountry('buyer').GetName] укрепляет свою позицию: [SCOPE.sCountry('buyer').MakeScope.Var('ai_privat_bank_bond_quantity_7').GetValue|+D] @bond! за [SCOPE.sCountry('buyer').MakeScope.Var('ai_privat_bank_bond_value_7').GetValue|+D] @gold! у [SCOPE.sCountry('seller').GetName];[SCOPE.sCompany('buyer_privat_bank').GetName] из [SCOPE.sCountry('buyer').GetAltName('RU_CL_RP')] укрепляет свою позицию: [SCOPE.sCountry('buyer').MakeScope.Var('ai_privat_bank_bond_quantity_7').GetValue|+D] @bond! за [SCOPE.sCountry('buyer').MakeScope.Var('ai_privat_bank_bond_value_7').GetValue|+D] @gold! у [SCOPE.sCountry('seller').GetAltName('RU_CL_RP')];B/родительный
01_ef_notification;223;notification_ai_privat_bank_selle_bond_maturity_8_message_name;[SCOPE.sCompany('buyer_privat_bank').GetName] из [SCOPE.sCountry('buyer').GetName] купил часть вашего долга;[SCOPE.sCompany('buyer_privat_bank').GetName] из [SCOPE.sCountry('buyer').GetAltName('RU_CL_RP')] купил часть вашего долга;B/родительный
01_ef_notification;224;notification_ai_privat_bank_selle_bond_maturity_8_message_desc;[SCOPE.sCompany('buyer_privat_bank').GetName] из [SCOPE.sCountry('buyer').GetName] купил [SCOPE.sCountry('buyer').MakeScope.Var('ai_privat_bank_bond_quantity_8').GetValue|+D] @bond! за [SCOPE.sCountry('buyer').MakeScope.Var('ai_privat_bank_bond_value_8').GetValue|+D] @gold! у [SCOPE.sCountry('seller').GetName];[SCOPE.sCompany('buyer_privat_bank').GetName] из [SCOPE.sCountry('buyer').GetAltName('RU_CL_RP')] купил [SCOPE.sCountry('buyer').MakeScope.Var('ai_privat_bank_bond_quantity_8').GetValue|+D] @bond! за [SCOPE.sCountry('buyer').MakeScope.Var('ai_privat_bank_bond_value_8').GetValue|+D] @gold! у [SCOPE.sCountry('seller').GetAltName('RU_CL_RP')];B/родительный
01_ef_notification;227;notification_ai_privat_bank_buy_bond_maturity_8_message_name;[SCOPE.sCompany('buyer_privat_bank').GetName] из [SCOPE.sCountry('buyer').GetName] покупает иностранный долг;[SCOPE.sCompany('buyer_privat_bank').GetName] из [SCOPE.sCountry('buyer').GetAltName('RU_CL_RP')] покупает иностранный долг;B/родительный
01_ef_notification;228;notification_ai_privat_bank_buy_bond_maturity_8_message_desc;[SCOPE.sCompany('buyer_privat_bank').GetName] из [SCOPE.sCountry('buyer').GetName] купил [SCOPE.sCountry('buyer').MakeScope.Var('ai_privat_bank_bond_quantity_8').GetValue|+D] @bond! за [SCOPE.sCountry('buyer').MakeScope.Var('ai_privat_bank_bond_value_8').GetValue|+D] @gold! у [SCOPE.sCountry('seller').GetName];[SCOPE.sCompany('buyer_privat_bank').GetName] из [SCOPE.sCountry('buyer').GetAltName('RU_CL_RP')] купил [SCOPE.sCountry('buyer').MakeScope.Var('ai_privat_bank_bond_quantity_8').GetValue|+D] @bond! за [SCOPE.sCountry('buyer').MakeScope.Var('ai_privat_bank_bond_value_8').GetValue|+D] @gold! у [SCOPE.sCountry('seller').GetAltName('RU_CL_RP')];B/родительный
01_ef_notification;231;notification_ai_privat_bank_renforcement_selle_bond_maturity_8_message_name;[SCOPE.sCompany('buyer_privat_bank').GetName] из [SCOPE.sCountry('buyer').GetName] укрепляет свою позицию;[SCOPE.sCompany('buyer_privat_bank').GetName] из [SCOPE.sCountry('buyer').GetAltName('RU_CL_RP')] укрепляет свою позицию;B/родительный
01_ef_notification;232;notification_ai_privat_bank_renforcement_selle_bond_maturity_8_message_desc;[SCOPE.sCompany('buyer_privat_bank').GetName] из [SCOPE.sCountry('buyer').GetName] укрепляет свою позицию: [SCOPE.sCountry('buyer').MakeScope.Var('ai_privat_bank_bond_quantity_8').GetValue|+D] @bond! за [SCOPE.sCountry('buyer').MakeScope.Var('ai_privat_bank_bond_value_8').GetValue|+D] @gold! у [SCOPE.sCountry('seller').GetName];[SCOPE.sCompany('buyer_privat_bank').GetName] из [SCOPE.sCountry('buyer').GetAltName('RU_CL_RP')] укрепляет свою позицию: [SCOPE.sCountry('buyer').MakeScope.Var('ai_privat_bank_bond_quantity_8').GetValue|+D] @bond! за [SCOPE.sCountry('buyer').MakeScope.Var('ai_privat_bank_bond_value_8').GetValue|+D] @gold! у [SCOPE.sCountry('seller').GetAltName('RU_CL_RP')];B/родительный
01_ef_notification;235;notification_ai_privat_bank_renforcement_buy_bond_maturity_8_message_name;[SCOPE.sCompany('buyer_privat_bank').GetName] из [SCOPE.sCountry('buyer').GetName] укрепляет свою позицию по вашему долгу;[SCOPE.sCompany('buyer_privat_bank').GetName] из [SCOPE.sCountry('buyer').GetAltName('RU_CL_RP')] укрепляет свою позицию по вашему долгу;B/родительный
01_ef_notification;236;notification_ai_privat_bank_renforcement_buy_bond_maturity_8_message_desc;[SCOPE.sCompany('buyer_privat_bank').GetName] из [SCOPE.sCountry('buyer').GetName] укрепляет свою позицию: [SCOPE.sCountry('buyer').MakeScope.Var('ai_privat_bank_bond_quantity_8').GetValue|+D] @bond! за [SCOPE.sCountry('buyer').MakeScope.Var('ai_privat_bank_bond_value_8').GetValue|+D] @gold! у [SCOPE.sCountry('seller').GetName];[SCOPE.sCompany('buyer_privat_bank').GetName] из [SCOPE.sCountry('buyer').GetAltName('RU_CL_RP')] укрепляет свою позицию: [SCOPE.sCountry('buyer').MakeScope.Var('ai_privat_bank_bond_quantity_8').GetValue|+D] @bond! за [SCOPE.sCountry('buyer').MakeScope.Var('ai_privat_bank_bond_value_8').GetValue|+D] @gold! у [SCOPE.sCountry('seller').GetAltName('RU_CL_RP')];B/родительный
01_ef_notification;241;notification_ai_privat_bank_selle_bond_maturity_9_message_name;[SCOPE.sCompany('buyer_privat_bank').GetName] из [SCOPE.sCountry('buyer').GetName] купил часть вашего долга;[SCOPE.sCompany('buyer_privat_bank').GetName] из [SCOPE.sCountry('buyer').GetAltName('RU_CL_RP')] купил часть вашего долга;B/родительный
01_ef_notification;242;notification_ai_privat_bank_selle_bond_maturity_9_message_desc;[SCOPE.sCompany('buyer_privat_bank').GetName] из [SCOPE.sCountry('buyer').GetName] купил [SCOPE.sCountry('buyer').MakeScope.Var('ai_privat_bank_bond_quantity_9').GetValue|+D] @bond! за [SCOPE.sCountry('buyer').MakeScope.Var('ai_privat_bank_bond_value_9').GetValue|+D] @gold! у [SCOPE.sCountry('seller').GetName];[SCOPE.sCompany('buyer_privat_bank').GetName] из [SCOPE.sCountry('buyer').GetAltName('RU_CL_RP')] купил [SCOPE.sCountry('buyer').MakeScope.Var('ai_privat_bank_bond_quantity_9').GetValue|+D] @bond! за [SCOPE.sCountry('buyer').MakeScope.Var('ai_privat_bank_bond_value_9').GetValue|+D] @gold! у [SCOPE.sCountry('seller').GetAltName('RU_CL_RP')];B/родительный
01_ef_notification;245;notification_ai_privat_bank_buy_bond_maturity_9_message_name;[SCOPE.sCompany('buyer_privat_bank').GetName] из [SCOPE.sCountry('buyer').GetName] покупает иностранный долг;[SCOPE.sCompany('buyer_privat_bank').GetName] из [SCOPE.sCountry('buyer').GetAltName('RU_CL_RP')] покупает иностранный долг;B/родительный
01_ef_notification;246;notification_ai_privat_bank_buy_bond_maturity_9_message_desc;[SCOPE.sCompany('buyer_privat_bank').GetName] из [SCOPE.sCountry('buyer').GetName] купил [SCOPE.sCountry('buyer').MakeScope.Var('ai_privat_bank_bond_quantity_9').GetValue|+D] @bond! за [SCOPE.sCountry('buyer').MakeScope.Var('ai_privat_bank_bond_value_9').GetValue|+D] @gold! у [SCOPE.sCountry('seller').GetName];[SCOPE.sCompany('buyer_privat_bank').GetName] из [SCOPE.sCountry('buyer').GetAltName('RU_CL_RP')] купил [SCOPE.sCountry('buyer').MakeScope.Var('ai_privat_bank_bond_quantity_9').GetValue|+D] @bond! за [SCOPE.sCountry('buyer').MakeScope.Var('ai_privat_bank_bond_value_9').GetValue|+D] @gold! у [SCOPE.sCountry('seller').GetAltName('RU_CL_RP')];B/родительный
01_ef_notification;249;notification_ai_privat_bank_renforcement_selle_bond_maturity_9_message_name;[SCOPE.sCompany('buyer_privat_bank').GetName] из [SCOPE.sCountry('buyer').GetName] укрепляет свою позицию;[SCOPE.sCompany('buyer_privat_bank').GetName] из [SCOPE.sCountry('buyer').GetAltName('RU_CL_RP')] укрепляет свою позицию;B/родительный
01_ef_notification;250;notification_ai_privat_bank_renforcement_selle_bond_maturity_9_message_desc;[SCOPE.sCompany('buyer_privat_bank').GetName] из [SCOPE.sCountry('buyer').GetName] укрепляет свою позицию: [SCOPE.sCountry('buyer').MakeScope.Var('ai_privat_bank_bond_quantity_9').GetValue|+D] @bond! за [SCOPE.sCountry('buyer').MakeScope.Var('ai_privat_bank_bond_value_9').GetValue|+D] @gold! у [SCOPE.sCountry('seller').GetName];[SCOPE.sCompany('buyer_privat_bank').GetName] из [SCOPE.sCountry('buyer').GetAltName('RU_CL_RP')] укрепляет свою позицию: [SCOPE.sCountry('buyer').MakeScope.Var('ai_privat_bank_bond_quantity_9').GetValue|+D] @bond! за [SCOPE.sCountry('buyer').MakeScope.Var('ai_privat_bank_bond_value_9').GetValue|+D] @gold! у [SCOPE.sCountry('seller').GetAltName('RU_CL_RP')];B/родительный
01_ef_notification;253;notification_ai_privat_bank_renforcement_buy_bond_maturity_9_message_name;[SCOPE.sCompany('buyer_privat_bank').GetName] из [SCOPE.sCountry('buyer').GetName] укрепляет свою позицию по вашему долгу;[SCOPE.sCompany('buyer_privat_bank').GetName] из [SCOPE.sCountry('buyer').GetAltName('RU_CL_RP')] укрепляет свою позицию по вашему долгу;B/родительный
01_ef_notification;254;notification_ai_privat_bank_renforcement_buy_bond_maturity_9_message_desc;[SCOPE.sCompany('buyer_privat_bank').GetName] из [SCOPE.sCountry('buyer').GetName] укрепляет свою позицию: [SCOPE.sCountry('buyer').MakeScope.Var('ai_privat_bank_bond_quantity_9').GetValue|+D] @bond! за [SCOPE.sCountry('buyer').MakeScope.Var('ai_privat_bank_bond_value_9').GetValue|+D] @gold! у [SCOPE.sCountry('seller').GetName];[SCOPE.sCompany('buyer_privat_bank').GetName] из [SCOPE.sCountry('buyer').GetAltName('RU_CL_RP')] укрепляет свою позицию: [SCOPE.sCountry('buyer').MakeScope.Var('ai_privat_bank_bond_quantity_9').GetValue|+D] @bond! за [SCOPE.sCountry('buyer').MakeScope.Var('ai_privat_bank_bond_value_9').GetValue|+D] @gold! у [SCOPE.sCountry('seller').GetAltName('RU_CL_RP')];B/родительный
01_ef_notification;259;notification_ai_privat_bank_selle_bond_maturity_10_message_name;[SCOPE.sCompany('buyer_privat_bank').GetName] из [SCOPE.sCountry('buyer').GetName] купил часть вашего долга;[SCOPE.sCompany('buyer_privat_bank').GetName] из [SCOPE.sCountry('buyer').GetAltName('RU_CL_RP')] купил часть вашего долга;B/родительный
01_ef_notification;260;notification_ai_privat_bank_selle_bond_maturity_10_message_desc;[SCOPE.sCompany('buyer_privat_bank').GetName] из [SCOPE.sCountry('buyer').GetName] купил [SCOPE.sCountry('buyer').MakeScope.Var('ai_privat_bank_bond_quantity_10').GetValue|+D] @bond! за [SCOPE.sCountry('buyer').MakeScope.Var('ai_privat_bank_bond_value_10').GetValue|+D] @gold! у [SCOPE.sCountry('seller').GetName];[SCOPE.sCompany('buyer_privat_bank').GetName] из [SCOPE.sCountry('buyer').GetAltName('RU_CL_RP')] купил [SCOPE.sCountry('buyer').MakeScope.Var('ai_privat_bank_bond_quantity_10').GetValue|+D] @bond! за [SCOPE.sCountry('buyer').MakeScope.Var('ai_privat_bank_bond_value_10').GetValue|+D] @gold! у [SCOPE.sCountry('seller').GetAltName('RU_CL_RP')];B/родительный
01_ef_notification;263;notification_ai_privat_bank_buy_bond_maturity_10_message_name;[SCOPE.sCompany('buyer_privat_bank').GetName] из [SCOPE.sCountry('buyer').GetName] покупает иностранный долг;[SCOPE.sCompany('buyer_privat_bank').GetName] из [SCOPE.sCountry('buyer').GetAltName('RU_CL_RP')] покупает иностранный долг;B/родительный
01_ef_notification;264;notification_ai_privat_bank_buy_bond_maturity_10_message_desc;[SCOPE.sCompany('buyer_privat_bank').GetName] из [SCOPE.sCountry('buyer').GetName] купил [SCOPE.sCountry('buyer').MakeScope.Var('ai_privat_bank_bond_quantity_10').GetValue|+D] @bond! за [SCOPE.sCountry('buyer').MakeScope.Var('ai_privat_bank_bond_value_10').GetValue|+D] @gold! у [SCOPE.sCountry('seller').GetName];[SCOPE.sCompany('buyer_privat_bank').GetName] из [SCOPE.sCountry('buyer').GetAltName('RU_CL_RP')] купил [SCOPE.sCountry('buyer').MakeScope.Var('ai_privat_bank_bond_quantity_10').GetValue|+D] @bond! за [SCOPE.sCountry('buyer').MakeScope.Var('ai_privat_bank_bond_value_10').GetValue|+D] @gold! у [SCOPE.sCountry('seller').GetAltName('RU_CL_RP')];B/родительный
01_ef_notification;267;notification_ai_privat_bank_renforcement_selle_bond_maturity_10_message_name;[SCOPE.sCompany('buyer_privat_bank').GetName] из [SCOPE.sCountry('buyer').GetName] укрепляет свою позицию;[SCOPE.sCompany('buyer_privat_bank').GetName] из [SCOPE.sCountry('buyer').GetAltName('RU_CL_RP')] укрепляет свою позицию;B/родительный
01_ef_notification;268;notification_ai_privat_bank_renforcement_selle_bond_maturity_10_message_desc;[SCOPE.sCompany('buyer_privat_bank').GetName] из [SCOPE.sCountry('buyer').GetName] укрепляет свою позицию: [SCOPE.sCountry('buyer').MakeScope.Var('ai_privat_bank_bond_quantity_10').GetValue|+D] @bond! за [SCOPE.sCountry('buyer').MakeScope.Var('ai_privat_bank_bond_value_10').GetValue|+D] @gold! у [SCOPE.sCountry('seller').GetName];[SCOPE.sCompany('buyer_privat_bank').GetName] из [SCOPE.sCountry('buyer').GetAltName('RU_CL_RP')] укрепляет свою позицию: [SCOPE.sCountry('buyer').MakeScope.Var('ai_privat_bank_bond_quantity_10').GetValue|+D] @bond! за [SCOPE.sCountry('buyer').MakeScope.Var('ai_privat_bank_bond_value_10').GetValue|+D] @gold! у [SCOPE.sCountry('seller').GetAltName('RU_CL_RP')];B/родительный
01_ef_notification;271;notification_ai_privat_bank_renforcement_buy_bond_maturity_10_message_name;[SCOPE.sCompany('buyer_privat_bank').GetName] из [SCOPE.sCountry('buyer').GetName] укрепляет свою позицию по вашему долгу;[SCOPE.sCompany('buyer_privat_bank').GetName] из [SCOPE.sCountry('buyer').GetAltName('RU_CL_RP')] укрепляет свою позицию по вашему долгу;B/родительный
01_ef_notification;272;notification_ai_privat_bank_renforcement_buy_bond_maturity_10_message_desc;[SCOPE.sCompany('buyer_privat_bank').GetName] из [SCOPE.sCountry('buyer').GetName] укрепляет свою позицию: [SCOPE.sCountry('buyer').MakeScope.Var('ai_privat_bank_bond_quantity_10').GetValue|+D] @bond! за [SCOPE.sCountry('buyer').MakeScope.Var('ai_privat_bank_bond_value_10').GetValue|+D] @gold! у [SCOPE.sCountry('seller').GetName];[SCOPE.sCompany('buyer_privat_bank').GetName] из [SCOPE.sCountry('buyer').GetAltName('RU_CL_RP')] укрепляет свою позицию: [SCOPE.sCountry('buyer').MakeScope.Var('ai_privat_bank_bond_quantity_10').GetValue|+D] @bond! за [SCOPE.sCountry('buyer').MakeScope.Var('ai_privat_bank_bond_value_10').GetValue|+D] @gold! у [SCOPE.sCountry('seller').GetAltName('RU_CL_RP')];B/родительный
01_ef_notification;277;notification_ai_privat_bank_selle_bond_maturity_11_message_name;[SCOPE.sCompany('buyer_privat_bank').GetName] из [SCOPE.sCountry('buyer').GetName] купил часть вашего долга;[SCOPE.sCompany('buyer_privat_bank').GetName] из [SCOPE.sCountry('buyer').GetAltName('RU_CL_RP')] купил часть вашего долга;B/родительный
01_ef_notification;278;notification_ai_privat_bank_selle_bond_maturity_11_message_desc;[SCOPE.sCompany('buyer_privat_bank').GetName] из [SCOPE.sCountry('buyer').GetName] купил [SCOPE.sCountry('buyer').MakeScope.Var('ai_privat_bank_bond_quantity_11').GetValue|+D] @bond! за [SCOPE.sCountry('buyer').MakeScope.Var('ai_privat_bank_bond_value_11').GetValue|+D] @gold! у [SCOPE.sCountry('seller').GetName];[SCOPE.sCompany('buyer_privat_bank').GetName] из [SCOPE.sCountry('buyer').GetAltName('RU_CL_RP')] купил [SCOPE.sCountry('buyer').MakeScope.Var('ai_privat_bank_bond_quantity_11').GetValue|+D] @bond! за [SCOPE.sCountry('buyer').MakeScope.Var('ai_privat_bank_bond_value_11').GetValue|+D] @gold! у [SCOPE.sCountry('seller').GetAltName('RU_CL_RP')];B/родительный
01_ef_notification;281;notification_ai_privat_bank_buy_bond_maturity_11_message_name;[SCOPE.sCompany('buyer_privat_bank').GetName] из [SCOPE.sCountry('buyer').GetName] покупает иностранный долг;[SCOPE.sCompany('buyer_privat_bank').GetName] из [SCOPE.sCountry('buyer').GetAltName('RU_CL_RP')] покупает иностранный долг;B/родительный
01_ef_notification;282;notification_ai_privat_bank_buy_bond_maturity_11_message_desc;[SCOPE.sCompany('buyer_privat_bank').GetName] из [SCOPE.sCountry('buyer').GetName] купил [SCOPE.sCountry('buyer').MakeScope.Var('ai_privat_bank_bond_quantity_11').GetValue|+D] @bond! за [SCOPE.sCountry('buyer').MakeScope.Var('ai_privat_bank_bond_value_11').GetValue|+D] @gold! у [SCOPE.sCountry('seller').GetName];[SCOPE.sCompany('buyer_privat_bank').GetName] из [SCOPE.sCountry('buyer').GetAltName('RU_CL_RP')] купил [SCOPE.sCountry('buyer').MakeScope.Var('ai_privat_bank_bond_quantity_11').GetValue|+D] @bond! за [SCOPE.sCountry('buyer').MakeScope.Var('ai_privat_bank_bond_value_11').GetValue|+D] @gold! у [SCOPE.sCountry('seller').GetAltName('RU_CL_RP')];B/родительный
01_ef_notification;285;notification_ai_privat_bank_renforcement_selle_bond_maturity_11_message_name;[SCOPE.sCompany('buyer_privat_bank').GetName] из [SCOPE.sCountry('buyer').GetName] укрепляет свою позицию;[SCOPE.sCompany('buyer_privat_bank').GetName] из [SCOPE.sCountry('buyer').GetAltName('RU_CL_RP')] укрепляет свою позицию;B/родительный
01_ef_notification;286;notification_ai_privat_bank_renforcement_selle_bond_maturity_11_message_desc;[SCOPE.sCompany('buyer_privat_bank').GetName] из [SCOPE.sCountry('buyer').GetName] укрепляет свою позицию: [SCOPE.sCountry('buyer').MakeScope.Var('ai_privat_bank_bond_quantity_11').GetValue|+D] @bond! за [SCOPE.sCountry('buyer').MakeScope.Var('ai_privat_bank_bond_value_11').GetValue|+D] @gold! у [SCOPE.sCountry('seller').GetName];[SCOPE.sCompany('buyer_privat_bank').GetName] из [SCOPE.sCountry('buyer').GetAltName('RU_CL_RP')] укрепляет свою позицию: [SCOPE.sCountry('buyer').MakeScope.Var('ai_privat_bank_bond_quantity_11').GetValue|+D] @bond! за [SCOPE.sCountry('buyer').MakeScope.Var('ai_privat_bank_bond_value_11').GetValue|+D] @gold! у [SCOPE.sCountry('seller').GetAltName('RU_CL_RP')];B/родительный
01_ef_notification;289;notification_ai_privat_bank_renforcement_buy_bond_maturity_11_message_name;[SCOPE.sCompany('buyer_privat_bank').GetName] из [SCOPE.sCountry('buyer').GetName] укрепляет свою позицию по вашему долгу;[SCOPE.sCompany('buyer_privat_bank').GetName] из [SCOPE.sCountry('buyer').GetAltName('RU_CL_RP')] укрепляет свою позицию по вашему долгу;B/родительный
01_ef_notification;290;notification_ai_privat_bank_renforcement_buy_bond_maturity_11_message_desc;[SCOPE.sCompany('buyer_privat_bank').GetName] из [SCOPE.sCountry('buyer').GetName] укрепляет свою позицию: [SCOPE.sCountry('buyer').MakeScope.Var('ai_privat_bank_bond_quantity_11').GetValue|+D] @bond! за [SCOPE.sCountry('buyer').MakeScope.Var('ai_privat_bank_bond_value_11').GetValue|+D] @gold! у [SCOPE.sCountry('seller').GetName];[SCOPE.sCompany('buyer_privat_bank').GetName] из [SCOPE.sCountry('buyer').GetAltName('RU_CL_RP')] укрепляет свою позицию: [SCOPE.sCountry('buyer').MakeScope.Var('ai_privat_bank_bond_quantity_11').GetValue|+D] @bond! за [SCOPE.sCountry('buyer').MakeScope.Var('ai_privat_bank_bond_value_11').GetValue|+D] @gold! у [SCOPE.sCountry('seller').GetAltName('RU_CL_RP')];B/родительный
01_ef_notification;295;notification_ai_privat_bank_selle_bond_maturity_12_message_name;[SCOPE.sCompany('buyer_privat_bank').GetName] из [SCOPE.sCountry('buyer').GetName] купил часть вашего долга;[SCOPE.sCompany('buyer_privat_bank').GetName] из [SCOPE.sCountry('buyer').GetAltName('RU_CL_RP')] купил часть вашего долга;B/родительный
01_ef_notification;296;notification_ai_privat_bank_selle_bond_maturity_12_message_desc;[SCOPE.sCompany('buyer_privat_bank').GetName] из [SCOPE.sCountry('buyer').GetName] купил [SCOPE.sCountry('buyer').MakeScope.Var('ai_privat_bank_bond_quantity_12').GetValue|+D] @bond! за [SCOPE.sCountry('buyer').MakeScope.Var('ai_privat_bank_bond_value_12').GetValue|+D] @gold! у [SCOPE.sCountry('seller').GetName];[SCOPE.sCompany('buyer_privat_bank').GetName] из [SCOPE.sCountry('buyer').GetAltName('RU_CL_RP')] купил [SCOPE.sCountry('buyer').MakeScope.Var('ai_privat_bank_bond_quantity_12').GetValue|+D] @bond! за [SCOPE.sCountry('buyer').MakeScope.Var('ai_privat_bank_bond_value_12').GetValue|+D] @gold! у [SCOPE.sCountry('seller').GetAltName('RU_CL_RP')];B/родительный
01_ef_notification;299;notification_ai_privat_bank_buy_bond_maturity_12_message_name;[SCOPE.sCompany('buyer_privat_bank').GetName] из [SCOPE.sCountry('buyer').GetName] покупает иностранный долг;[SCOPE.sCompany('buyer_privat_bank').GetName] из [SCOPE.sCountry('buyer').GetAltName('RU_CL_RP')] покупает иностранный долг;B/родительный
01_ef_notification;300;notification_ai_privat_bank_buy_bond_maturity_12_message_desc;[SCOPE.sCompany('buyer_privat_bank').GetName] из [SCOPE.sCountry('buyer').GetName] купил [SCOPE.sCountry('buyer').MakeScope.Var('ai_privat_bank_bond_quantity_12').GetValue|+D] @bond! за [SCOPE.sCountry('buyer').MakeScope.Var('ai_privat_bank_bond_value_12').GetValue|+D] @gold! у [SCOPE.sCountry('seller').GetName];[SCOPE.sCompany('buyer_privat_bank').GetName] из [SCOPE.sCountry('buyer').GetAltName('RU_CL_RP')] купил [SCOPE.sCountry('buyer').MakeScope.Var('ai_privat_bank_bond_quantity_12').GetValue|+D] @bond! за [SCOPE.sCountry('buyer').MakeScope.Var('ai_privat_bank_bond_value_12').GetValue|+D] @gold! у [SCOPE.sCountry('seller').GetAltName('RU_CL_RP')];B/родительный
01_ef_notification;303;notification_ai_privat_bank_renforcement_selle_bond_maturity_12_message_name;[SCOPE.sCompany('buyer_privat_bank').GetName] из [SCOPE.sCountry('buyer').GetName] укрепляет свою позицию;[SCOPE.sCompany('buyer_privat_bank').GetName] из [SCOPE.sCountry('buyer').GetAltName('RU_CL_RP')] укрепляет свою позицию;B/родительный
01_ef_notification;304;notification_ai_privat_bank_renforcement_selle_bond_maturity_12_message_desc;[SCOPE.sCompany('buyer_privat_bank').GetName] из [SCOPE.sCountry('buyer').GetName] укрепляет свою позицию: [SCOPE.sCountry('buyer').MakeScope.Var('ai_privat_bank_bond_quantity_12').GetValue|+D] @bond! за [SCOPE.sCountry('buyer').MakeScope.Var('ai_privat_bank_bond_value_12').GetValue|+D] @gold! у [SCOPE.sCountry('seller').GetName];[SCOPE.sCompany('buyer_privat_bank').GetName] из [SCOPE.sCountry('buyer').GetAltName('RU_CL_RP')] укрепляет свою позицию: [SCOPE.sCountry('buyer').MakeScope.Var('ai_privat_bank_bond_quantity_12').GetValue|+D] @bond! за [SCOPE.sCountry('buyer').MakeScope.Var('ai_privat_bank_bond_value_12').GetValue|+D] @gold! у [SCOPE.sCountry('seller').GetAltName('RU_CL_RP')];B/родительный
01_ef_notification;307;notification_ai_privat_bank_renforcement_buy_bond_maturity_12_message_name;[SCOPE.sCompany('buyer_privat_bank').GetName] из [SCOPE.sCountry('buyer').GetName] укрепляет свою позицию по вашему долгу;[SCOPE.sCompany('buyer_privat_bank').GetName] из [SCOPE.sCountry('buyer').GetAltName('RU_CL_RP')] укрепляет свою позицию по вашему долгу;B/родительный
01_ef_notification;308;notification_ai_privat_bank_renforcement_buy_bond_maturity_12_message_desc;[SCOPE.sCompany('buyer_privat_bank').GetName] из [SCOPE.sCountry('buyer').GetName] укрепляет свою позицию: [SCOPE.sCountry('buyer').MakeScope.Var('ai_privat_bank_bond_quantity_12').GetValue|+D] @bond! за [SCOPE.sCountry('buyer').MakeScope.Var('ai_privat_bank_bond_value_12').GetValue|+D] @gold! у [SCOPE.sCountry('seller').GetName];[SCOPE.sCompany('buyer_privat_bank').GetName] из [SCOPE.sCountry('buyer').GetAltName('RU_CL_RP')] укрепляет свою позицию: [SCOPE.sCountry('buyer').MakeScope.Var('ai_privat_bank_bond_quantity_12').GetValue|+D] @bond! за [SCOPE.sCountry('buyer').MakeScope.Var('ai_privat_bank_bond_value_12').GetValue|+D] @gold! у [SCOPE.sCountry('seller').GetAltName('RU_CL_RP')];B/родительный
01_ef_notification;313;notification_ai_privat_bank_selle_bond_maturity_13_message_name;[SCOPE.sCompany('buyer_privat_bank').GetName] из [SCOPE.sCountry('buyer').GetName] купил часть вашего долга;[SCOPE.sCompany('buyer_privat_bank').GetName] из [SCOPE.sCountry('buyer').GetAltName('RU_CL_RP')] купил часть вашего долга;B/родительный
01_ef_notification;314;notification_ai_privat_bank_selle_bond_maturity_13_message_desc;[SCOPE.sCompany('buyer_privat_bank').GetName] из [SCOPE.sCountry('buyer').GetName] купил [SCOPE.sCountry('buyer').MakeScope.Var('ai_privat_bank_bond_quantity_13').GetValue|+D] @bond! за [SCOPE.sCountry('buyer').MakeScope.Var('ai_privat_bank_bond_value_13').GetValue|+D] @gold! у [SCOPE.sCountry('seller').GetName];[SCOPE.sCompany('buyer_privat_bank').GetName] из [SCOPE.sCountry('buyer').GetAltName('RU_CL_RP')] купил [SCOPE.sCountry('buyer').MakeScope.Var('ai_privat_bank_bond_quantity_13').GetValue|+D] @bond! за [SCOPE.sCountry('buyer').MakeScope.Var('ai_privat_bank_bond_value_13').GetValue|+D] @gold! у [SCOPE.sCountry('seller').GetAltName('RU_CL_RP')];B/родительный
01_ef_notification;317;notification_ai_privat_bank_buy_bond_maturity_13_message_name;[SCOPE.sCompany('buyer_privat_bank').GetName] из [SCOPE.sCountry('buyer').GetName] покупает иностранный долг;[SCOPE.sCompany('buyer_privat_bank').GetName] из [SCOPE.sCountry('buyer').GetAltName('RU_CL_RP')] покупает иностранный долг;B/родительный
01_ef_notification;318;notification_ai_privat_bank_buy_bond_maturity_13_message_desc;[SCOPE.sCompany('buyer_privat_bank').GetName] из [SCOPE.sCountry('buyer').GetName] купил [SCOPE.sCountry('buyer').MakeScope.Var('ai_privat_bank_bond_quantity_13').GetValue|+D] @bond! за [SCOPE.sCountry('buyer').MakeScope.Var('ai_privat_bank_bond_value_13').GetValue|+D] @gold! у [SCOPE.sCountry('seller').GetName];[SCOPE.sCompany('buyer_privat_bank').GetName] из [SCOPE.sCountry('buyer').GetAltName('RU_CL_RP')] купил [SCOPE.sCountry('buyer').MakeScope.Var('ai_privat_bank_bond_quantity_13').GetValue|+D] @bond! за [SCOPE.sCountry('buyer').MakeScope.Var('ai_privat_bank_bond_value_13').GetValue|+D] @gold! у [SCOPE.sCountry('seller').GetAltName('RU_CL_RP')];B/родительный
01_ef_notification;321;notification_ai_privat_bank_renforcement_selle_bond_maturity_13_message_name;[SCOPE.sCompany('buyer_privat_bank').GetName] из [SCOPE.sCountry('buyer').GetName] укрепляет свою позицию;[SCOPE.sCompany('buyer_privat_bank').GetName] из [SCOPE.sCountry('buyer').GetAltName('RU_CL_RP')] укрепляет свою позицию;B/родительный
01_ef_notification;322;notification_ai_privat_bank_renforcement_selle_bond_maturity_13_message_desc;[SCOPE.sCompany('buyer_privat_bank').GetName] из [SCOPE.sCountry('buyer').GetName] укрепляет свою позицию: [SCOPE.sCountry('buyer').MakeScope.Var('ai_privat_bank_bond_quantity_13').GetValue|+D] @bond! за [SCOPE.sCountry('buyer').MakeScope.Var('ai_privat_bank_bond_value_13').GetValue|+D] @gold! у [SCOPE.sCountry('seller').GetName];[SCOPE.sCompany('buyer_privat_bank').GetName] из [SCOPE.sCountry('buyer').GetAltName('RU_CL_RP')] укрепляет свою позицию: [SCOPE.sCountry('buyer').MakeScope.Var('ai_privat_bank_bond_quantity_13').GetValue|+D] @bond! за [SCOPE.sCountry('buyer').MakeScope.Var('ai_privat_bank_bond_value_13').GetValue|+D] @gold! у [SCOPE.sCountry('seller').GetAltName('RU_CL_RP')];B/родительный
01_ef_notification;325;notification_ai_privat_bank_renforcement_buy_bond_maturity_13_message_name;[SCOPE.sCompany('buyer_privat_bank').GetName] из [SCOPE.sCountry('buyer').GetName] укрепляет свою позицию по вашему долгу;[SCOPE.sCompany('buyer_privat_bank').GetName] из [SCOPE.sCountry('buyer').GetAltName('RU_CL_RP')] укрепляет свою позицию по вашему долгу;B/родительный
01_ef_notification;326;notification_ai_privat_bank_renforcement_buy_bond_maturity_13_message_desc;[SCOPE.sCompany('buyer_privat_bank').GetName] из [SCOPE.sCountry('buyer').GetName] укрепляет свою позицию: [SCOPE.sCountry('buyer').MakeScope.Var('ai_privat_bank_bond_quantity_13').GetValue|+D] @bond! за [SCOPE.sCountry('buyer').MakeScope.Var('ai_privat_bank_bond_value_13').GetValue|+D] @gold! у [SCOPE.sCountry('seller').GetName];[SCOPE.sCompany('buyer_privat_bank').GetName] из [SCOPE.sCountry('buyer').GetAltName('RU_CL_RP')] укрепляет свою позицию: [SCOPE.sCountry('buyer').MakeScope.Var('ai_privat_bank_bond_quantity_13').GetValue|+D] @bond! за [SCOPE.sCountry('buyer').MakeScope.Var('ai_privat_bank_bond_value_13').GetValue|+D] @gold! у [SCOPE.sCountry('seller').GetAltName('RU_CL_RP')];B/родительный
01_ef_notification;331;notification_ai_privat_bank_selle_bond_maturity_14_message_name;[SCOPE.sCompany('buyer_privat_bank').GetName] из [SCOPE.sCountry('buyer').GetName] купил часть вашего долга;[SCOPE.sCompany('buyer_privat_bank').GetName] из [SCOPE.sCountry('buyer').GetAltName('RU_CL_RP')] купил часть вашего долга;B/родительный
01_ef_notification;332;notification_ai_privat_bank_selle_bond_maturity_14_message_desc;[SCOPE.sCompany('buyer_privat_bank').GetName] из [SCOPE.sCountry('buyer').GetName] купил [SCOPE.sCountry('buyer').MakeScope.Var('ai_privat_bank_bond_quantity_14').GetValue|+D] @bond! за [SCOPE.sCountry('buyer').MakeScope.Var('ai_privat_bank_bond_value_14').GetValue|+D] @gold! у [SCOPE.sCountry('seller').GetName];[SCOPE.sCompany('buyer_privat_bank').GetName] из [SCOPE.sCountry('buyer').GetAltName('RU_CL_RP')] купил [SCOPE.sCountry('buyer').MakeScope.Var('ai_privat_bank_bond_quantity_14').GetValue|+D] @bond! за [SCOPE.sCountry('buyer').MakeScope.Var('ai_privat_bank_bond_value_14').GetValue|+D] @gold! у [SCOPE.sCountry('seller').GetAltName('RU_CL_RP')];B/родительный
01_ef_notification;335;notification_ai_privat_bank_buy_bond_maturity_14_message_name;[SCOPE.sCompany('buyer_privat_bank').GetName] из [SCOPE.sCountry('buyer').GetName] покупает иностранный долг;[SCOPE.sCompany('buyer_privat_bank').GetName] из [SCOPE.sCountry('buyer').GetAltName('RU_CL_RP')] покупает иностранный долг;B/родительный
01_ef_notification;336;notification_ai_privat_bank_buy_bond_maturity_14_message_desc;[SCOPE.sCompany('buyer_privat_bank').GetName] из [SCOPE.sCountry('buyer').GetName] купил [SCOPE.sCountry('buyer').MakeScope.Var('ai_privat_bank_bond_quantity_14').GetValue|+D] @bond! за [SCOPE.sCountry('buyer').MakeScope.Var('ai_privat_bank_bond_value_14').GetValue|+D] @gold! у [SCOPE.sCountry('seller').GetName];[SCOPE.sCompany('buyer_privat_bank').GetName] из [SCOPE.sCountry('buyer').GetAltName('RU_CL_RP')] купил [SCOPE.sCountry('buyer').MakeScope.Var('ai_privat_bank_bond_quantity_14').GetValue|+D] @bond! за [SCOPE.sCountry('buyer').MakeScope.Var('ai_privat_bank_bond_value_14').GetValue|+D] @gold! у [SCOPE.sCountry('seller').GetAltName('RU_CL_RP')];B/родительный
01_ef_notification;339;notification_ai_privat_bank_renforcement_selle_bond_maturity_14_message_name;[SCOPE.sCompany('buyer_privat_bank').GetName] из [SCOPE.sCountry('buyer').GetName] укрепляет свою позицию;[SCOPE.sCompany('buyer_privat_bank').GetName] из [SCOPE.sCountry('buyer').GetAltName('RU_CL_RP')] укрепляет свою позицию;B/родительный
01_ef_notification;340;notification_ai_privat_bank_renforcement_selle_bond_maturity_14_message_desc;[SCOPE.sCompany('buyer_privat_bank').GetName] из [SCOPE.sCountry('buyer').GetName] укрепляет свою позицию: [SCOPE.sCountry('buyer').MakeScope.Var('ai_privat_bank_bond_quantity_14').GetValue|+D] @bond! за [SCOPE.sCountry('buyer').MakeScope.Var('ai_privat_bank_bond_value_14').GetValue|+D] @gold! у [SCOPE.sCountry('seller').GetName];[SCOPE.sCompany('buyer_privat_bank').GetName] из [SCOPE.sCountry('buyer').GetAltName('RU_CL_RP')] укрепляет свою позицию: [SCOPE.sCountry('buyer').MakeScope.Var('ai_privat_bank_bond_quantity_14').GetValue|+D] @bond! за [SCOPE.sCountry('buyer').MakeScope.Var('ai_privat_bank_bond_value_14').GetValue|+D] @gold! у [SCOPE.sCountry('seller').GetAltName('RU_CL_RP')];B/родительный
01_ef_notification;343;notification_ai_privat_bank_renforcement_buy_bond_maturity_14_message_name;[SCOPE.sCompany('buyer_privat_bank').GetName] из [SCOPE.sCountry('buyer').GetName] укрепляет свою позицию по вашему долгу;[SCOPE.sCompany('buyer_privat_bank').GetName] из [SCOPE.sCountry('buyer').GetAltName('RU_CL_RP')] укрепляет свою позицию по вашему долгу;B/родительный
01_ef_notification;344;notification_ai_privat_bank_renforcement_buy_bond_maturity_14_message_desc;[SCOPE.sCompany('buyer_privat_bank').GetName] из [SCOPE.sCountry('buyer').GetName] укрепляет свою позицию: [SCOPE.sCountry('buyer').MakeScope.Var('ai_privat_bank_bond_quantity_14').GetValue|+D] @bond! за [SCOPE.sCountry('buyer').MakeScope.Var('ai_privat_bank_bond_value_14').GetValue|+D] @gold! у [SCOPE.sCountry('seller').GetName];[SCOPE.sCompany('buyer_privat_bank').GetName] из [SCOPE.sCountry('buyer').GetAltName('RU_CL_RP')] укрепляет свою позицию: [SCOPE.sCountry('buyer').MakeScope.Var('ai_privat_bank_bond_quantity_14').GetValue|+D] @bond! за [SCOPE.sCountry('buyer').MakeScope.Var('ai_privat_bank_bond_value_14').GetValue|+D] @gold! у [SCOPE.sCountry('seller').GetAltName('RU_CL_RP')];B/родительный
01_ef_notification;349;notification_ai_privat_bank_selle_bond_maturity_15_message_name;[SCOPE.sCompany('buyer_privat_bank').GetName] из [SCOPE.sCountry('buyer').GetName] купил часть вашего долга;[SCOPE.sCompany('buyer_privat_bank').GetName] из [SCOPE.sCountry('buyer').GetAltName('RU_CL_RP')] купил часть вашего долга;B/родительный
01_ef_notification;350;notification_ai_privat_bank_selle_bond_maturity_15_message_desc;[SCOPE.sCompany('buyer_privat_bank').GetName] из [SCOPE.sCountry('buyer').GetName] купил [SCOPE.sCountry('buyer').MakeScope.Var('ai_privat_bank_bond_quantity_15').GetValue|+D] @bond! за [SCOPE.sCountry('buyer').MakeScope.Var('ai_privat_bank_bond_value_15').GetValue|+D] @gold! у [SCOPE.sCountry('seller').GetName];[SCOPE.sCompany('buyer_privat_bank').GetName] из [SCOPE.sCountry('buyer').GetAltName('RU_CL_RP')] купил [SCOPE.sCountry('buyer').MakeScope.Var('ai_privat_bank_bond_quantity_15').GetValue|+D] @bond! за [SCOPE.sCountry('buyer').MakeScope.Var('ai_privat_bank_bond_value_15').GetValue|+D] @gold! у [SCOPE.sCountry('seller').GetAltName('RU_CL_RP')];B/родительный
01_ef_notification;353;notification_ai_privat_bank_buy_bond_maturity_15_message_name;[SCOPE.sCompany('buyer_privat_bank').GetName] из [SCOPE.sCountry('buyer').GetName] покупает иностранный долг;[SCOPE.sCompany('buyer_privat_bank').GetName] из [SCOPE.sCountry('buyer').GetAltName('RU_CL_RP')] покупает иностранный долг;B/родительный
01_ef_notification;354;notification_ai_privat_bank_buy_bond_maturity_15_message_desc;[SCOPE.sCompany('buyer_privat_bank').GetName] из [SCOPE.sCountry('buyer').GetName] купил [SCOPE.sCountry('buyer').MakeScope.Var('ai_privat_bank_bond_quantity_15').GetValue|+D] @bond! за [SCOPE.sCountry('buyer').MakeScope.Var('ai_privat_bank_bond_value_15').GetValue|+D] @gold! у [SCOPE.sCountry('seller').GetName];[SCOPE.sCompany('buyer_privat_bank').GetName] из [SCOPE.sCountry('buyer').GetAltName('RU_CL_RP')] купил [SCOPE.sCountry('buyer').MakeScope.Var('ai_privat_bank_bond_quantity_15').GetValue|+D] @bond! за [SCOPE.sCountry('buyer').MakeScope.Var('ai_privat_bank_bond_value_15').GetValue|+D] @gold! у [SCOPE.sCountry('seller').GetAltName('RU_CL_RP')];B/родительный
01_ef_notification;357;notification_ai_privat_bank_renforcement_selle_bond_maturity_15_message_name;[SCOPE.sCompany('buyer_privat_bank').GetName] из [SCOPE.sCountry('buyer').GetName] укрепляет свою позицию;[SCOPE.sCompany('buyer_privat_bank').GetName] из [SCOPE.sCountry('buyer').GetAltName('RU_CL_RP')] укрепляет свою позицию;B/родительный
01_ef_notification;358;notification_ai_privat_bank_renforcement_selle_bond_maturity_15_message_desc;[SCOPE.sCompany('buyer_privat_bank').GetName] из [SCOPE.sCountry('buyer').GetName] укрепляет свою позицию: [SCOPE.sCountry('buyer').MakeScope.Var('ai_privat_bank_bond_quantity_15').GetValue|+D] @bond! за [SCOPE.sCountry('buyer').MakeScope.Var('ai_privat_bank_bond_value_15').GetValue|+D] @gold! у [SCOPE.sCountry('seller').GetName];[SCOPE.sCompany('buyer_privat_bank').GetName] из [SCOPE.sCountry('buyer').GetAltName('RU_CL_RP')] укрепляет свою позицию: [SCOPE.sCountry('buyer').MakeScope.Var('ai_privat_bank_bond_quantity_15').GetValue|+D] @bond! за [SCOPE.sCountry('buyer').MakeScope.Var('ai_privat_bank_bond_value_15').GetValue|+D] @gold! у [SCOPE.sCountry('seller').GetAltName('RU_CL_RP')];B/родительный
01_ef_notification;361;notification_ai_privat_bank_renforcement_buy_bond_maturity_15_message_name;[SCOPE.sCompany('buyer_privat_bank').GetName] из [SCOPE.sCountry('buyer').GetName] укрепляет свою позицию по вашему долгу;[SCOPE.sCompany('buyer_privat_bank').GetName] из [SCOPE.sCountry('buyer').GetAltName('RU_CL_RP')] укрепляет свою позицию по вашему долгу;B/родительный
01_ef_notification;362;notification_ai_privat_bank_renforcement_buy_bond_maturity_15_message_desc;[SCOPE.sCompany('buyer_privat_bank').GetName] из [SCOPE.sCountry('buyer').GetName] укрепляет свою позицию: [SCOPE.sCountry('buyer').MakeScope.Var('ai_privat_bank_bond_quantity_15').GetValue|+D] @bond! за [SCOPE.sCountry('buyer').MakeScope.Var('ai_privat_bank_bond_value_15').GetValue|+D] @gold! у [SCOPE.sCountry('seller').GetName];[SCOPE.sCompany('buyer_privat_bank').GetName] из [SCOPE.sCountry('buyer').GetAltName('RU_CL_RP')] укрепляет свою позицию: [SCOPE.sCountry('buyer').MakeScope.Var('ai_privat_bank_bond_quantity_15').GetValue|+D] @bond! за [SCOPE.sCountry('buyer').MakeScope.Var('ai_privat_bank_bond_value_15').GetValue|+D] @gold! у [SCOPE.sCountry('seller').GetAltName('RU_CL_RP')];B/родительный
01_ef_notification;367;notification_ai_privat_bank_selle_bond_maturity_16_message_name;[SCOPE.sCompany('buyer_privat_bank').GetName] из [SCOPE.sCountry('buyer').GetName] купил часть вашего долга;[SCOPE.sCompany('buyer_privat_bank').GetName] из [SCOPE.sCountry('buyer').GetAltName('RU_CL_RP')] купил часть вашего долга;B/родительный
01_ef_notification;368;notification_ai_privat_bank_selle_bond_maturity_16_message_desc;[SCOPE.sCompany('buyer_privat_bank').GetName] из [SCOPE.sCountry('buyer').GetName] купил [SCOPE.sCountry('buyer').MakeScope.Var('ai_privat_bank_bond_quantity_16').GetValue|+D] @bond! за [SCOPE.sCountry('buyer').MakeScope.Var('ai_privat_bank_bond_value_16').GetValue|+D] @gold! у [SCOPE.sCountry('seller').GetName];[SCOPE.sCompany('buyer_privat_bank').GetName] из [SCOPE.sCountry('buyer').GetAltName('RU_CL_RP')] купил [SCOPE.sCountry('buyer').MakeScope.Var('ai_privat_bank_bond_quantity_16').GetValue|+D] @bond! за [SCOPE.sCountry('buyer').MakeScope.Var('ai_privat_bank_bond_value_16').GetValue|+D] @gold! у [SCOPE.sCountry('seller').GetAltName('RU_CL_RP')];B/родительный
01_ef_notification;371;notification_ai_privat_bank_buy_bond_maturity_16_message_name;[SCOPE.sCompany('buyer_privat_bank').GetName] из [SCOPE.sCountry('buyer').GetName] покупает иностранный долг;[SCOPE.sCompany('buyer_privat_bank').GetName] из [SCOPE.sCountry('buyer').GetAltName('RU_CL_RP')] покупает иностранный долг;B/родительный
01_ef_notification;372;notification_ai_privat_bank_buy_bond_maturity_16_message_desc;[SCOPE.sCompany('buyer_privat_bank').GetName] из [SCOPE.sCountry('buyer').GetName] купил [SCOPE.sCountry('buyer').MakeScope.Var('ai_privat_bank_bond_quantity_16').GetValue|+D] @bond! за [SCOPE.sCountry('buyer').MakeScope.Var('ai_privat_bank_bond_value_16').GetValue|+D] @gold! у [SCOPE.sCountry('seller').GetName];[SCOPE.sCompany('buyer_privat_bank').GetName] из [SCOPE.sCountry('buyer').GetAltName('RU_CL_RP')] купил [SCOPE.sCountry('buyer').MakeScope.Var('ai_privat_bank_bond_quantity_16').GetValue|+D] @bond! за [SCOPE.sCountry('buyer').MakeScope.Var('ai_privat_bank_bond_value_16').GetValue|+D] @gold! у [SCOPE.sCountry('seller').GetAltName('RU_CL_RP')];B/родительный
01_ef_notification;375;notification_ai_privat_bank_renforcement_selle_bond_maturity_16_message_name;[SCOPE.sCompany('buyer_privat_bank').GetName] из [SCOPE.sCountry('buyer').GetName] укрепляет свою позицию;[SCOPE.sCompany('buyer_privat_bank').GetName] из [SCOPE.sCountry('buyer').GetAltName('RU_CL_RP')] укрепляет свою позицию;B/родительный
01_ef_notification;376;notification_ai_privat_bank_renforcement_selle_bond_maturity_16_message_desc;[SCOPE.sCompany('buyer_privat_bank').GetName] из [SCOPE.sCountry('buyer').GetName] укрепляет свою позицию: [SCOPE.sCountry('buyer').MakeScope.Var('ai_privat_bank_bond_quantity_16').GetValue|+D] @bond! за [SCOPE.sCountry('buyer').MakeScope.Var('ai_privat_bank_bond_value_16').GetValue|+D] @gold! у [SCOPE.sCountry('seller').GetName];[SCOPE.sCompany('buyer_privat_bank').GetName] из [SCOPE.sCountry('buyer').GetAltName('RU_CL_RP')] укрепляет свою позицию: [SCOPE.sCountry('buyer').MakeScope.Var('ai_privat_bank_bond_quantity_16').GetValue|+D] @bond! за [SCOPE.sCountry('buyer').MakeScope.Var('ai_privat_bank_bond_value_16').GetValue|+D] @gold! у [SCOPE.sCountry('seller').GetAltName('RU_CL_RP')];B/родительный
01_ef_notification;379;notification_ai_privat_bank_renforcement_buy_bond_maturity_16_message_name;[SCOPE.sCompany('buyer_privat_bank').GetName] из [SCOPE.sCountry('buyer').GetName] укрепляет свою позицию по вашему долгу;[SCOPE.sCompany('buyer_privat_bank').GetName] из [SCOPE.sCountry('buyer').GetAltName('RU_CL_RP')] укрепляет свою позицию по вашему долгу;B/родительный
01_ef_notification;380;notification_ai_privat_bank_renforcement_buy_bond_maturity_16_message_desc;[SCOPE.sCompany('buyer_privat_bank').GetName] из [SCOPE.sCountry('buyer').GetName] укрепляет свою позицию: [SCOPE.sCountry('buyer').MakeScope.Var('ai_privat_bank_bond_quantity_16').GetValue|+D] @bond! за [SCOPE.sCountry('buyer').MakeScope.Var('ai_privat_bank_bond_value_16').GetValue|+D] @gold! у [SCOPE.sCountry('seller').GetName];[SCOPE.sCompany('buyer_privat_bank').GetName] из [SCOPE.sCountry('buyer').GetAltName('RU_CL_RP')] укрепляет свою позицию: [SCOPE.sCountry('buyer').MakeScope.Var('ai_privat_bank_bond_quantity_16').GetValue|+D] @bond! за [SCOPE.sCountry('buyer').MakeScope.Var('ai_privat_bank_bond_value_16').GetValue|+D] @gold! у [SCOPE.sCountry('seller').GetAltName('RU_CL_RP')];B/родительный
01_ef_notification;385;notification_ai_privat_bank_selle_bond_maturity_17_message_name;[SCOPE.sCompany('buyer_privat_bank').GetName] из [SCOPE.sCountry('buyer').GetName] купил часть вашего долга;[SCOPE.sCompany('buyer_privat_bank').GetName] из [SCOPE.sCountry('buyer').GetAltName('RU_CL_RP')] купил часть вашего долга;B/родительный
01_ef_notification;386;notification_ai_privat_bank_selle_bond_maturity_17_message_desc;[SCOPE.sCompany('buyer_privat_bank').GetName] из [SCOPE.sCountry('buyer').GetName] купил [SCOPE.sCountry('buyer').MakeScope.Var('ai_privat_bank_bond_quantity_17').GetValue|+D] @bond! за [SCOPE.sCountry('buyer').MakeScope.Var('ai_privat_bank_bond_value_17').GetValue|+D] @gold! у [SCOPE.sCountry('seller').GetName];[SCOPE.sCompany('buyer_privat_bank').GetName] из [SCOPE.sCountry('buyer').GetAltName('RU_CL_RP')] купил [SCOPE.sCountry('buyer').MakeScope.Var('ai_privat_bank_bond_quantity_17').GetValue|+D] @bond! за [SCOPE.sCountry('buyer').MakeScope.Var('ai_privat_bank_bond_value_17').GetValue|+D] @gold! у [SCOPE.sCountry('seller').GetAltName('RU_CL_RP')];B/родительный
01_ef_notification;389;notification_ai_privat_bank_buy_bond_maturity_17_message_name;[SCOPE.sCompany('buyer_privat_bank').GetName] из [SCOPE.sCountry('buyer').GetName] покупает иностранный долг;[SCOPE.sCompany('buyer_privat_bank').GetName] из [SCOPE.sCountry('buyer').GetAltName('RU_CL_RP')] покупает иностранный долг;B/родительный
01_ef_notification;390;notification_ai_privat_bank_buy_bond_maturity_17_message_desc;[SCOPE.sCompany('buyer_privat_bank').GetName] из [SCOPE.sCountry('buyer').GetName] купил [SCOPE.sCountry('buyer').MakeScope.Var('ai_privat_bank_bond_quantity_17').GetValue|+D] @bond! за [SCOPE.sCountry('buyer').MakeScope.Var('ai_privat_bank_bond_value_17').GetValue|+D] @gold! у [SCOPE.sCountry('seller').GetName];[SCOPE.sCompany('buyer_privat_bank').GetName] из [SCOPE.sCountry('buyer').GetAltName('RU_CL_RP')] купил [SCOPE.sCountry('buyer').MakeScope.Var('ai_privat_bank_bond_quantity_17').GetValue|+D] @bond! за [SCOPE.sCountry('buyer').MakeScope.Var('ai_privat_bank_bond_value_17').GetValue|+D] @gold! у [SCOPE.sCountry('seller').GetAltName('RU_CL_RP')];B/родительный
01_ef_notification;393;notification_ai_privat_bank_renforcement_selle_bond_maturity_17_message_name;[SCOPE.sCompany('buyer_privat_bank').GetName] из [SCOPE.sCountry('buyer').GetName] укрепляет свою позицию;[SCOPE.sCompany('buyer_privat_bank').GetName] из [SCOPE.sCountry('buyer').GetAltName('RU_CL_RP')] укрепляет свою позицию;B/родительный
01_ef_notification;394;notification_ai_privat_bank_renforcement_selle_bond_maturity_17_message_desc;[SCOPE.sCompany('buyer_privat_bank').GetName] из [SCOPE.sCountry('buyer').GetName] укрепляет свою позицию: [SCOPE.sCountry('buyer').MakeScope.Var('ai_privat_bank_bond_quantity_17').GetValue|+D] @bond! за [SCOPE.sCountry('buyer').MakeScope.Var('ai_privat_bank_bond_value_17').GetValue|+D] @gold! у [SCOPE.sCountry('seller').GetName];[SCOPE.sCompany('buyer_privat_bank').GetName] из [SCOPE.sCountry('buyer').GetAltName('RU_CL_RP')] укрепляет свою позицию: [SCOPE.sCountry('buyer').MakeScope.Var('ai_privat_bank_bond_quantity_17').GetValue|+D] @bond! за [SCOPE.sCountry('buyer').MakeScope.Var('ai_privat_bank_bond_value_17').GetValue|+D] @gold! у [SCOPE.sCountry('seller').GetAltName('RU_CL_RP')];B/родительный
01_ef_notification;397;notification_ai_privat_bank_renforcement_buy_bond_maturity_17_message_name;[SCOPE.sCompany('buyer_privat_bank').GetName] из [SCOPE.sCountry('buyer').GetName] укрепляет свою позицию по вашему долгу;[SCOPE.sCompany('buyer_privat_bank').GetName] из [SCOPE.sCountry('buyer').GetAltName('RU_CL_RP')] укрепляет свою позицию по вашему долгу;B/родительный
01_ef_notification;398;notification_ai_privat_bank_renforcement_buy_bond_maturity_17_message_desc;[SCOPE.sCompany('buyer_privat_bank').GetName] из [SCOPE.sCountry('buyer').GetName] укрепляет свою позицию: [SCOPE.sCountry('buyer').MakeScope.Var('ai_privat_bank_bond_quantity_17').GetValue|+D] @bond! за [SCOPE.sCountry('buyer').MakeScope.Var('ai_privat_bank_bond_value_17').GetValue|+D] @gold! у [SCOPE.sCountry('seller').GetName];[SCOPE.sCompany('buyer_privat_bank').GetName] из [SCOPE.sCountry('buyer').GetAltName('RU_CL_RP')] укрепляет свою позицию: [SCOPE.sCountry('buyer').MakeScope.Var('ai_privat_bank_bond_quantity_17').GetValue|+D] @bond! за [SCOPE.sCountry('buyer').MakeScope.Var('ai_privat_bank_bond_value_17').GetValue|+D] @gold! у [SCOPE.sCountry('seller').GetAltName('RU_CL_RP')];B/родительный
01_ef_notification;403;notification_ai_privat_bank_selle_bond_maturity_18_message_name;[SCOPE.sCompany('buyer_privat_bank').GetName] из [SCOPE.sCountry('buyer').GetName] купил часть вашего долга;[SCOPE.sCompany('buyer_privat_bank').GetName] из [SCOPE.sCountry('buyer').GetAltName('RU_CL_RP')] купил часть вашего долга;B/родительный
01_ef_notification;404;notification_ai_privat_bank_selle_bond_maturity_18_message_desc;[SCOPE.sCompany('buyer_privat_bank').GetName] из [SCOPE.sCountry('buyer').GetName] купил [SCOPE.sCountry('buyer').MakeScope.Var('ai_privat_bank_bond_quantity_18').GetValue|+D] @bond! за [SCOPE.sCountry('buyer').MakeScope.Var('ai_privat_bank_bond_value_18').GetValue|+D] @gold! у [SCOPE.sCountry('seller').GetName];[SCOPE.sCompany('buyer_privat_bank').GetName] из [SCOPE.sCountry('buyer').GetAltName('RU_CL_RP')] купил [SCOPE.sCountry('buyer').MakeScope.Var('ai_privat_bank_bond_quantity_18').GetValue|+D] @bond! за [SCOPE.sCountry('buyer').MakeScope.Var('ai_privat_bank_bond_value_18').GetValue|+D] @gold! у [SCOPE.sCountry('seller').GetAltName('RU_CL_RP')];B/родительный
01_ef_notification;407;notification_ai_privat_bank_buy_bond_maturity_18_message_name;[SCOPE.sCompany('buyer_privat_bank').GetName] из [SCOPE.sCountry('buyer').GetName] покупает иностранный долг;[SCOPE.sCompany('buyer_privat_bank').GetName] из [SCOPE.sCountry('buyer').GetAltName('RU_CL_RP')] покупает иностранный долг;B/родительный
01_ef_notification;408;notification_ai_privat_bank_buy_bond_maturity_18_message_desc;[SCOPE.sCompany('buyer_privat_bank').GetName] из [SCOPE.sCountry('buyer').GetName] купил [SCOPE.sCountry('buyer').MakeScope.Var('ai_privat_bank_bond_quantity_18').GetValue|+D] @bond! за [SCOPE.sCountry('buyer').MakeScope.Var('ai_privat_bank_bond_value_18').GetValue|+D] @gold! у [SCOPE.sCountry('seller').GetName];[SCOPE.sCompany('buyer_privat_bank').GetName] из [SCOPE.sCountry('buyer').GetAltName('RU_CL_RP')] купил [SCOPE.sCountry('buyer').MakeScope.Var('ai_privat_bank_bond_quantity_18').GetValue|+D] @bond! за [SCOPE.sCountry('buyer').MakeScope.Var('ai_privat_bank_bond_value_18').GetValue|+D] @gold! у [SCOPE.sCountry('seller').GetAltName('RU_CL_RP')];B/родительный
01_ef_notification;411;notification_ai_privat_bank_renforcement_selle_bond_maturity_18_message_name;[SCOPE.sCompany('buyer_privat_bank').GetName] из [SCOPE.sCountry('buyer').GetName] укрепляет свою позицию;[SCOPE.sCompany('buyer_privat_bank').GetName] из [SCOPE.sCountry('buyer').GetAltName('RU_CL_RP')] укрепляет свою позицию;B/родительный
01_ef_notification;412;notification_ai_privat_bank_renforcement_selle_bond_maturity_18_message_desc;[SCOPE.sCompany('buyer_privat_bank').GetName] из [SCOPE.sCountry('buyer').GetName] укрепляет свою позицию: [SCOPE.sCountry('buyer').MakeScope.Var('ai_privat_bank_bond_quantity_18').GetValue|+D] @bond! за [SCOPE.sCountry('buyer').MakeScope.Var('ai_privat_bank_bond_value_18').GetValue|+D] @gold! у [SCOPE.sCountry('seller').GetName];[SCOPE.sCompany('buyer_privat_bank').GetName] из [SCOPE.sCountry('buyer').GetAltName('RU_CL_RP')] укрепляет свою позицию: [SCOPE.sCountry('buyer').MakeScope.Var('ai_privat_bank_bond_quantity_18').GetValue|+D] @bond! за [SCOPE.sCountry('buyer').MakeScope.Var('ai_privat_bank_bond_value_18').GetValue|+D] @gold! у [SCOPE.sCountry('seller').GetAltName('RU_CL_RP')];B/родительный
01_ef_notification;415;notification_ai_privat_bank_renforcement_buy_bond_maturity_18_message_name;[SCOPE.sCompany('buyer_privat_bank').GetName] из [SCOPE.sCountry('buyer').GetName] укрепляет свою позицию по вашему долгу;[SCOPE.sCompany('buyer_privat_bank').GetName] из [SCOPE.sCountry('buyer').GetAltName('RU_CL_RP')] укрепляет свою позицию по вашему долгу;B/родительный
01_ef_notification;416;notification_ai_privat_bank_renforcement_buy_bond_maturity_18_message_desc;[SCOPE.sCompany('buyer_privat_bank').GetName] из [SCOPE.sCountry('buyer').GetName] укрепляет свою позицию: [SCOPE.sCountry('buyer').MakeScope.Var('ai_privat_bank_bond_quantity_18').GetValue|+D] @bond! за [SCOPE.sCountry('buyer').MakeScope.Var('ai_privat_bank_bond_value_18').GetValue|+D] @gold! у [SCOPE.sCountry('seller').GetName];[SCOPE.sCompany('buyer_privat_bank').GetName] из [SCOPE.sCountry('buyer').GetAltName('RU_CL_RP')] укрепляет свою позицию: [SCOPE.sCountry('buyer').MakeScope.Var('ai_privat_bank_bond_quantity_18').GetValue|+D] @bond! за [SCOPE.sCountry('buyer').MakeScope.Var('ai_privat_bank_bond_value_18').GetValue|+D] @gold! у [SCOPE.sCountry('seller').GetAltName('RU_CL_RP')];B/родительный
01_ef_notification;421;notification_ai_privat_bank_selle_bond_maturity_19_message_name;[SCOPE.sCompany('buyer_privat_bank').GetName] из [SCOPE.sCountry('buyer').GetName] купил часть вашего долга;[SCOPE.sCompany('buyer_privat_bank').GetName] из [SCOPE.sCountry('buyer').GetAltName('RU_CL_RP')] купил часть вашего долга;B/родительный
01_ef_notification;422;notification_ai_privat_bank_selle_bond_maturity_19_message_desc;[SCOPE.sCompany('buyer_privat_bank').GetName] из [SCOPE.sCountry('buyer').GetName] купил [SCOPE.sCountry('buyer').MakeScope.Var('ai_privat_bank_bond_quantity_19').GetValue|+D] @bond! за [SCOPE.sCountry('buyer').MakeScope.Var('ai_privat_bank_bond_value_19').GetValue|+D] @gold! у [SCOPE.sCountry('seller').GetName];[SCOPE.sCompany('buyer_privat_bank').GetName] из [SCOPE.sCountry('buyer').GetAltName('RU_CL_RP')] купил [SCOPE.sCountry('buyer').MakeScope.Var('ai_privat_bank_bond_quantity_19').GetValue|+D] @bond! за [SCOPE.sCountry('buyer').MakeScope.Var('ai_privat_bank_bond_value_19').GetValue|+D] @gold! у [SCOPE.sCountry('seller').GetAltName('RU_CL_RP')];B/родительный
01_ef_notification;425;notification_ai_privat_bank_buy_bond_maturity_19_message_name;[SCOPE.sCompany('buyer_privat_bank').GetName] из [SCOPE.sCountry('buyer').GetName] покупает иностранный долг;[SCOPE.sCompany('buyer_privat_bank').GetName] из [SCOPE.sCountry('buyer').GetAltName('RU_CL_RP')] покупает иностранный долг;B/родительный
01_ef_notification;426;notification_ai_privat_bank_buy_bond_maturity_19_message_desc;[SCOPE.sCompany('buyer_privat_bank').GetName] из [SCOPE.sCountry('buyer').GetName] купил [SCOPE.sCountry('buyer').MakeScope.Var('ai_privat_bank_bond_quantity_19').GetValue|+D] @bond! за [SCOPE.sCountry('buyer').MakeScope.Var('ai_privat_bank_bond_value_19').GetValue|+D] @gold! у [SCOPE.sCountry('seller').GetName];[SCOPE.sCompany('buyer_privat_bank').GetName] из [SCOPE.sCountry('buyer').GetAltName('RU_CL_RP')] купил [SCOPE.sCountry('buyer').MakeScope.Var('ai_privat_bank_bond_quantity_19').GetValue|+D] @bond! за [SCOPE.sCountry('buyer').MakeScope.Var('ai_privat_bank_bond_value_19').GetValue|+D] @gold! у [SCOPE.sCountry('seller').GetAltName('RU_CL_RP')];B/родительный
01_ef_notification;429;notification_ai_privat_bank_renforcement_selle_bond_maturity_19_message_name;[SCOPE.sCompany('buyer_privat_bank').GetName] из [SCOPE.sCountry('buyer').GetName] укрепляет свою позицию;[SCOPE.sCompany('buyer_privat_bank').GetName] из [SCOPE.sCountry('buyer').GetAltName('RU_CL_RP')] укрепляет свою позицию;B/родительный
01_ef_notification;430;notification_ai_privat_bank_renforcement_selle_bond_maturity_19_message_desc;[SCOPE.sCompany('buyer_privat_bank').GetName] из [SCOPE.sCountry('buyer').GetName] укрепляет свою позицию: [SCOPE.sCountry('buyer').MakeScope.Var('ai_privat_bank_bond_quantity_19').GetValue|+D] @bond! за [SCOPE.sCountry('buyer').MakeScope.Var('ai_privat_bank_bond_value_19').GetValue|+D] @gold! у [SCOPE.sCountry('seller').GetName];[SCOPE.sCompany('buyer_privat_bank').GetName] из [SCOPE.sCountry('buyer').GetAltName('RU_CL_RP')] укрепляет свою позицию: [SCOPE.sCountry('buyer').MakeScope.Var('ai_privat_bank_bond_quantity_19').GetValue|+D] @bond! за [SCOPE.sCountry('buyer').MakeScope.Var('ai_privat_bank_bond_value_19').GetValue|+D] @gold! у [SCOPE.sCountry('seller').GetAltName('RU_CL_RP')];B/родительный
01_ef_notification;433;notification_ai_privat_bank_renforcement_buy_bond_maturity_19_message_name;[SCOPE.sCompany('buyer_privat_bank').GetName] из [SCOPE.sCountry('buyer').GetName] укрепляет свою позицию по вашему долгу;[SCOPE.sCompany('buyer_privat_bank').GetName] из [SCOPE.sCountry('buyer').GetAltName('RU_CL_RP')] укрепляет свою позицию по вашему долгу;B/родительный
01_ef_notification;434;notification_ai_privat_bank_renforcement_buy_bond_maturity_19_message_desc;[SCOPE.sCompany('buyer_privat_bank').GetName] из [SCOPE.sCountry('buyer').GetName] укрепляет свою позицию: [SCOPE.sCountry('buyer').MakeScope.Var('ai_privat_bank_bond_quantity_19').GetValue|+D] @bond! за [SCOPE.sCountry('buyer').MakeScope.Var('ai_privat_bank_bond_value_19').GetValue|+D] @gold! у [SCOPE.sCountry('seller').GetName];[SCOPE.sCompany('buyer_privat_bank').GetName] из [SCOPE.sCountry('buyer').GetAltName('RU_CL_RP')] укрепляет свою позицию: [SCOPE.sCountry('buyer').MakeScope.Var('ai_privat_bank_bond_quantity_19').GetValue|+D] @bond! за [SCOPE.sCountry('buyer').MakeScope.Var('ai_privat_bank_bond_value_19').GetValue|+D] @gold! у [SCOPE.sCountry('seller').GetAltName('RU_CL_RP')];B/родительный
01_ef_notification;439;notification_ai_privat_bank_selle_bond_maturity_20_message_name;[SCOPE.sCompany('buyer_privat_bank').GetName] из [SCOPE.sCountry('buyer').GetName] купил часть вашего долга;[SCOPE.sCompany('buyer_privat_bank').GetName] из [SCOPE.sCountry('buyer').GetAltName('RU_CL_RP')] купил часть вашего долга;B/родительный
01_ef_notification;440;notification_ai_privat_bank_selle_bond_maturity_20_message_desc;[SCOPE.sCompany('buyer_privat_bank').GetName] из [SCOPE.sCountry('buyer').GetName] купил [SCOPE.sCountry('buyer').MakeScope.Var('ai_privat_bank_bond_quantity_20').GetValue|+D] @bond! за [SCOPE.sCountry('buyer').MakeScope.Var('ai_privat_bank_bond_value_20').GetValue|+D] @gold! у [SCOPE.sCountry('seller').GetName];[SCOPE.sCompany('buyer_privat_bank').GetName] из [SCOPE.sCountry('buyer').GetAltName('RU_CL_RP')] купил [SCOPE.sCountry('buyer').MakeScope.Var('ai_privat_bank_bond_quantity_20').GetValue|+D] @bond! за [SCOPE.sCountry('buyer').MakeScope.Var('ai_privat_bank_bond_value_20').GetValue|+D] @gold! у [SCOPE.sCountry('seller').GetAltName('RU_CL_RP')];B/родительный
01_ef_notification;443;notification_ai_privat_bank_buy_bond_maturity_20_message_name;[SCOPE.sCompany('buyer_privat_bank').GetName] из [SCOPE.sCountry('buyer').GetName] покупает иностранный долг;[SCOPE.sCompany('buyer_privat_bank').GetName] из [SCOPE.sCountry('buyer').GetAltName('RU_CL_RP')] покупает иностранный долг;B/родительный
01_ef_notification;444;notification_ai_privat_bank_buy_bond_maturity_20_message_desc;[SCOPE.sCompany('buyer_privat_bank').GetName] из [SCOPE.sCountry('buyer').GetName] купил [SCOPE.sCountry('buyer').MakeScope.Var('ai_privat_bank_bond_quantity_20').GetValue|+D] @bond! за [SCOPE.sCountry('buyer').MakeScope.Var('ai_privat_bank_bond_value_20').GetValue|+D] @gold! у [SCOPE.sCountry('seller').GetName];[SCOPE.sCompany('buyer_privat_bank').GetName] из [SCOPE.sCountry('buyer').GetAltName('RU_CL_RP')] купил [SCOPE.sCountry('buyer').MakeScope.Var('ai_privat_bank_bond_quantity_20').GetValue|+D] @bond! за [SCOPE.sCountry('buyer').MakeScope.Var('ai_privat_bank_bond_value_20').GetValue|+D] @gold! у [SCOPE.sCountry('seller').GetAltName('RU_CL_RP')];B/родительный
01_ef_notification;447;notification_ai_privat_bank_renforcement_selle_bond_maturity_20_message_name;[SCOPE.sCompany('buyer_privat_bank').GetName] из [SCOPE.sCountry('buyer').GetName] укрепляет свою позицию;[SCOPE.sCompany('buyer_privat_bank').GetName] из [SCOPE.sCountry('buyer').GetAltName('RU_CL_RP')] укрепляет свою позицию;B/родительный
01_ef_notification;448;notification_ai_privat_bank_renforcement_selle_bond_maturity_20_message_desc;[SCOPE.sCompany('buyer_privat_bank').GetName] из [SCOPE.sCountry('buyer').GetName] укрепляет свою позицию: [SCOPE.sCountry('buyer').MakeScope.Var('ai_privat_bank_bond_quantity_20').GetValue|+D] @bond! за [SCOPE.sCountry('buyer').MakeScope.Var('ai_privat_bank_bond_value_20').GetValue|+D] @gold! у [SCOPE.sCountry('seller').GetName];[SCOPE.sCompany('buyer_privat_bank').GetName] из [SCOPE.sCountry('buyer').GetAltName('RU_CL_RP')] укрепляет свою позицию: [SCOPE.sCountry('buyer').MakeScope.Var('ai_privat_bank_bond_quantity_20').GetValue|+D] @bond! за [SCOPE.sCountry('buyer').MakeScope.Var('ai_privat_bank_bond_value_20').GetValue|+D] @gold! у [SCOPE.sCountry('seller').GetAltName('RU_CL_RP')];B/родительный
01_ef_notification;451;notification_ai_privat_bank_renforcement_buy_bond_maturity_20_message_name;[SCOPE.sCompany('buyer_privat_bank').GetName] из [SCOPE.sCountry('buyer').GetName] укрепляет свою позицию по вашему долгу;[SCOPE.sCompany('buyer_privat_bank').GetName] из [SCOPE.sCountry('buyer').GetAltName('RU_CL_RP')] укрепляет свою позицию по вашему долгу;B/родительный
01_ef_notification;452;notification_ai_privat_bank_renforcement_buy_bond_maturity_20_message_desc;[SCOPE.sCompany('buyer_privat_bank').GetName] из [SCOPE.sCountry('buyer').GetName] укрепляет свою позицию: [SCOPE.sCountry('buyer').MakeScope.Var('ai_privat_bank_bond_quantity_20').GetValue|+D] @bond! за [SCOPE.sCountry('buyer').MakeScope.Var('ai_privat_bank_bond_value_20').GetValue|+D] @gold! у [SCOPE.sCountry('seller').GetName];[SCOPE.sCompany('buyer_privat_bank').GetName] из [SCOPE.sCountry('buyer').GetAltName('RU_CL_RP')] укрепляет свою позицию: [SCOPE.sCountry('buyer').MakeScope.Var('ai_privat_bank_bond_quantity_20').GetValue|+D] @bond! за [SCOPE.sCountry('buyer').MakeScope.Var('ai_privat_bank_bond_value_20').GetValue|+D] @gold! у [SCOPE.sCountry('seller').GetAltName('RU_CL_RP')];B/родительный
01_ef_notification;457;notification_ai_privat_bank_selle_bond_maturity_21_message_name;[SCOPE.sCompany('buyer_privat_bank').GetName] из [SCOPE.sCountry('buyer').GetName] купил часть вашего долга;[SCOPE.sCompany('buyer_privat_bank').GetName] из [SCOPE.sCountry('buyer').GetAltName('RU_CL_RP')] купил часть вашего долга;B/родительный
01_ef_notification;458;notification_ai_privat_bank_selle_bond_maturity_21_message_desc;[SCOPE.sCompany('buyer_privat_bank').GetName] из [SCOPE.sCountry('buyer').GetName] купил [SCOPE.sCountry('buyer').MakeScope.Var('ai_privat_bank_bond_quantity_21').GetValue|+D] @bond! за [SCOPE.sCountry('buyer').MakeScope.Var('ai_privat_bank_bond_value_21').GetValue|+D] @gold! у [SCOPE.sCountry('seller').GetName];[SCOPE.sCompany('buyer_privat_bank').GetName] из [SCOPE.sCountry('buyer').GetAltName('RU_CL_RP')] купил [SCOPE.sCountry('buyer').MakeScope.Var('ai_privat_bank_bond_quantity_21').GetValue|+D] @bond! за [SCOPE.sCountry('buyer').MakeScope.Var('ai_privat_bank_bond_value_21').GetValue|+D] @gold! у [SCOPE.sCountry('seller').GetAltName('RU_CL_RP')];B/родительный
01_ef_notification;461;notification_ai_privat_bank_buy_bond_maturity_21_message_name;[SCOPE.sCompany('buyer_privat_bank').GetName] из [SCOPE.sCountry('buyer').GetName] покупает иностранный долг;[SCOPE.sCompany('buyer_privat_bank').GetName] из [SCOPE.sCountry('buyer').GetAltName('RU_CL_RP')] покупает иностранный долг;B/родительный
01_ef_notification;462;notification_ai_privat_bank_buy_bond_maturity_21_message_desc;[SCOPE.sCompany('buyer_privat_bank').GetName] из [SCOPE.sCountry('buyer').GetName] купил [SCOPE.sCountry('buyer').MakeScope.Var('ai_privat_bank_bond_quantity_21').GetValue|+D] @bond! за [SCOPE.sCountry('buyer').MakeScope.Var('ai_privat_bank_bond_value_21').GetValue|+D] @gold! у [SCOPE.sCountry('seller').GetName];[SCOPE.sCompany('buyer_privat_bank').GetName] из [SCOPE.sCountry('buyer').GetAltName('RU_CL_RP')] купил [SCOPE.sCountry('buyer').MakeScope.Var('ai_privat_bank_bond_quantity_21').GetValue|+D] @bond! за [SCOPE.sCountry('buyer').MakeScope.Var('ai_privat_bank_bond_value_21').GetValue|+D] @gold! у [SCOPE.sCountry('seller').GetAltName('RU_CL_RP')];B/родительный
01_ef_notification;465;notification_ai_privat_bank_renforcement_selle_bond_maturity_21_message_name;[SCOPE.sCompany('buyer_privat_bank').GetName] из [SCOPE.sCountry('buyer').GetName] укрепляет свою позицию;[SCOPE.sCompany('buyer_privat_bank').GetName] из [SCOPE.sCountry('buyer').GetAltName('RU_CL_RP')] укрепляет свою позицию;B/родительный
01_ef_notification;466;notification_ai_privat_bank_renforcement_selle_bond_maturity_21_message_desc;[SCOPE.sCompany('buyer_privat_bank').GetName] из [SCOPE.sCountry('buyer').GetName] укрепляет свою позицию: [SCOPE.sCountry('buyer').MakeScope.Var('ai_privat_bank_bond_quantity_21').GetValue|+D] @bond! за [SCOPE.sCountry('buyer').MakeScope.Var('ai_privat_bank_bond_value_21').GetValue|+D] @gold! у [SCOPE.sCountry('seller').GetName];[SCOPE.sCompany('buyer_privat_bank').GetName] из [SCOPE.sCountry('buyer').GetAltName('RU_CL_RP')] укрепляет свою позицию: [SCOPE.sCountry('buyer').MakeScope.Var('ai_privat_bank_bond_quantity_21').GetValue|+D] @bond! за [SCOPE.sCountry('buyer').MakeScope.Var('ai_privat_bank_bond_value_21').GetValue|+D] @gold! у [SCOPE.sCountry('seller').GetAltName('RU_CL_RP')];B/родительный
01_ef_notification;469;notification_ai_privat_bank_renforcement_buy_bond_maturity_21_message_name;[SCOPE.sCompany('buyer_privat_bank').GetName] из [SCOPE.sCountry('buyer').GetName] укрепляет свою позицию по вашему долгу;[SCOPE.sCompany('buyer_privat_bank').GetName] из [SCOPE.sCountry('buyer').GetAltName('RU_CL_RP')] укрепляет свою позицию по вашему долгу;B/родительный
01_ef_notification;470;notification_ai_privat_bank_renforcement_buy_bond_maturity_21_message_desc;[SCOPE.sCompany('buyer_privat_bank').GetName] из [SCOPE.sCountry('buyer').GetName] укрепляет свою позицию: [SCOPE.sCountry('buyer').MakeScope.Var('ai_privat_bank_bond_quantity_21').GetValue|+D] @bond! за [SCOPE.sCountry('buyer').MakeScope.Var('ai_privat_bank_bond_value_21').GetValue|+D] @gold! у [SCOPE.sCountry('seller').GetName];[SCOPE.sCompany('buyer_privat_bank').GetName] из [SCOPE.sCountry('buyer').GetAltName('RU_CL_RP')] укрепляет свою позицию: [SCOPE.sCountry('buyer').MakeScope.Var('ai_privat_bank_bond_quantity_21').GetValue|+D] @bond! за [SCOPE.sCountry('buyer').MakeScope.Var('ai_privat_bank_bond_value_21').GetValue|+D] @gold! у [SCOPE.sCountry('seller').GetAltName('RU_CL_RP')];B/родительный
01_ef_notification;475;notification_ai_privat_bank_selle_bond_maturity_22_message_name;[SCOPE.sCompany('buyer_privat_bank').GetName] из [SCOPE.sCountry('buyer').GetName] купил часть вашего долга;[SCOPE.sCompany('buyer_privat_bank').GetName] из [SCOPE.sCountry('buyer').GetAltName('RU_CL_RP')] купил часть вашего долга;B/родительный
01_ef_notification;476;notification_ai_privat_bank_selle_bond_maturity_22_message_desc;[SCOPE.sCompany('buyer_privat_bank').GetName] из [SCOPE.sCountry('buyer').GetName] купил [SCOPE.sCountry('buyer').MakeScope.Var('ai_privat_bank_bond_quantity_22').GetValue|+D] @bond! за [SCOPE.sCountry('buyer').MakeScope.Var('ai_privat_bank_bond_value_22').GetValue|+D] @gold! у [SCOPE.sCountry('seller').GetName];[SCOPE.sCompany('buyer_privat_bank').GetName] из [SCOPE.sCountry('buyer').GetAltName('RU_CL_RP')] купил [SCOPE.sCountry('buyer').MakeScope.Var('ai_privat_bank_bond_quantity_22').GetValue|+D] @bond! за [SCOPE.sCountry('buyer').MakeScope.Var('ai_privat_bank_bond_value_22').GetValue|+D] @gold! у [SCOPE.sCountry('seller').GetAltName('RU_CL_RP')];B/родительный
01_ef_notification;479;notification_ai_privat_bank_buy_bond_maturity_22_message_name;[SCOPE.sCompany('buyer_privat_bank').GetName] из [SCOPE.sCountry('buyer').GetName] покупает иностранный долг;[SCOPE.sCompany('buyer_privat_bank').GetName] из [SCOPE.sCountry('buyer').GetAltName('RU_CL_RP')] покупает иностранный долг;B/родительный
01_ef_notification;480;notification_ai_privat_bank_buy_bond_maturity_22_message_desc;[SCOPE.sCompany('buyer_privat_bank').GetName] из [SCOPE.sCountry('buyer').GetName] купил [SCOPE.sCountry('buyer').MakeScope.Var('ai_privat_bank_bond_quantity_22').GetValue|+D] @bond! за [SCOPE.sCountry('buyer').MakeScope.Var('ai_privat_bank_bond_value_22').GetValue|+D] @gold! у [SCOPE.sCountry('seller').GetName];[SCOPE.sCompany('buyer_privat_bank').GetName] из [SCOPE.sCountry('buyer').GetAltName('RU_CL_RP')] купил [SCOPE.sCountry('buyer').MakeScope.Var('ai_privat_bank_bond_quantity_22').GetValue|+D] @bond! за [SCOPE.sCountry('buyer').MakeScope.Var('ai_privat_bank_bond_value_22').GetValue|+D] @gold! у [SCOPE.sCountry('seller').GetAltName('RU_CL_RP')];B/родительный
01_ef_notification;483;notification_ai_privat_bank_renforcement_selle_bond_maturity_22_message_name;[SCOPE.sCompany('buyer_privat_bank').GetName] из [SCOPE.sCountry('buyer').GetName] укрепляет свою позицию;[SCOPE.sCompany('buyer_privat_bank').GetName] из [SCOPE.sCountry('buyer').GetAltName('RU_CL_RP')] укрепляет свою позицию;B/родительный
01_ef_notification;484;notification_ai_privat_bank_renforcement_selle_bond_maturity_22_message_desc;[SCOPE.sCompany('buyer_privat_bank').GetName] из [SCOPE.sCountry('buyer').GetName] укрепляет свою позицию: [SCOPE.sCountry('buyer').MakeScope.Var('ai_privat_bank_bond_quantity_22').GetValue|+D] @bond! за [SCOPE.sCountry('buyer').MakeScope.Var('ai_privat_bank_bond_value_22').GetValue|+D] @gold! у [SCOPE.sCountry('seller').GetName];[SCOPE.sCompany('buyer_privat_bank').GetName] из [SCOPE.sCountry('buyer').GetAltName('RU_CL_RP')] укрепляет свою позицию: [SCOPE.sCountry('buyer').MakeScope.Var('ai_privat_bank_bond_quantity_22').GetValue|+D] @bond! за [SCOPE.sCountry('buyer').MakeScope.Var('ai_privat_bank_bond_value_22').GetValue|+D] @gold! у [SCOPE.sCountry('seller').GetAltName('RU_CL_RP')];B/родительный
01_ef_notification;487;notification_ai_privat_bank_renforcement_buy_bond_maturity_22_message_name;[SCOPE.sCompany('buyer_privat_bank').GetName] из [SCOPE.sCountry('buyer').GetName] укрепляет свою позицию по вашему долгу;[SCOPE.sCompany('buyer_privat_bank').GetName] из [SCOPE.sCountry('buyer').GetAltName('RU_CL_RP')] укрепляет свою позицию по вашему долгу;B/родительный
01_ef_notification;488;notification_ai_privat_bank_renforcement_buy_bond_maturity_22_message_desc;[SCOPE.sCompany('buyer_privat_bank').GetName] из [SCOPE.sCountry('buyer').GetName] укрепляет свою позицию: [SCOPE.sCountry('buyer').MakeScope.Var('ai_privat_bank_bond_quantity_22').GetValue|+D] @bond! за [SCOPE.sCountry('buyer').MakeScope.Var('ai_privat_bank_bond_value_22').GetValue|+D] @gold! у [SCOPE.sCountry('seller').GetName];[SCOPE.sCompany('buyer_privat_bank').GetName] из [SCOPE.sCountry('buyer').GetAltName('RU_CL_RP')] укрепляет свою позицию: [SCOPE.sCountry('buyer').MakeScope.Var('ai_privat_bank_bond_quantity_22').GetValue|+D] @bond! за [SCOPE.sCountry('buyer').MakeScope.Var('ai_privat_bank_bond_value_22').GetValue|+D] @gold! у [SCOPE.sCountry('seller').GetAltName('RU_CL_RP')];B/родительный
01_ef_notification;493;notification_ai_privat_bank_selle_bond_maturity_23_message_name;[SCOPE.sCompany('buyer_privat_bank').GetName] из [SCOPE.sCountry('buyer').GetName] купил часть вашего долга;[SCOPE.sCompany('buyer_privat_bank').GetName] из [SCOPE.sCountry('buyer').GetAltName('RU_CL_RP')] купил часть вашего долга;B/родительный
01_ef_notification;494;notification_ai_privat_bank_selle_bond_maturity_23_message_desc;[SCOPE.sCompany('buyer_privat_bank').GetName] из [SCOPE.sCountry('buyer').GetName] купил [SCOPE.sCountry('buyer').MakeScope.Var('ai_privat_bank_bond_quantity_23').GetValue|+D] @bond! за [SCOPE.sCountry('buyer').MakeScope.Var('ai_privat_bank_bond_value_23').GetValue|+D] @gold! у [SCOPE.sCountry('seller').GetName];[SCOPE.sCompany('buyer_privat_bank').GetName] из [SCOPE.sCountry('buyer').GetAltName('RU_CL_RP')] купил [SCOPE.sCountry('buyer').MakeScope.Var('ai_privat_bank_bond_quantity_23').GetValue|+D] @bond! за [SCOPE.sCountry('buyer').MakeScope.Var('ai_privat_bank_bond_value_23').GetValue|+D] @gold! у [SCOPE.sCountry('seller').GetAltName('RU_CL_RP')];B/родительный
01_ef_notification;497;notification_ai_privat_bank_buy_bond_maturity_23_message_name;[SCOPE.sCompany('buyer_privat_bank').GetName] из [SCOPE.sCountry('buyer').GetName] покупает иностранный долг;[SCOPE.sCompany('buyer_privat_bank').GetName] из [SCOPE.sCountry('buyer').GetAltName('RU_CL_RP')] покупает иностранный долг;B/родительный
01_ef_notification;498;notification_ai_privat_bank_buy_bond_maturity_23_message_desc;[SCOPE.sCompany('buyer_privat_bank').GetName] из [SCOPE.sCountry('buyer').GetName] купил [SCOPE.sCountry('buyer').MakeScope.Var('ai_privat_bank_bond_quantity_23').GetValue|+D] @bond! за [SCOPE.sCountry('buyer').MakeScope.Var('ai_privat_bank_bond_value_23').GetValue|+D] @gold! у [SCOPE.sCountry('seller').GetName];[SCOPE.sCompany('buyer_privat_bank').GetName] из [SCOPE.sCountry('buyer').GetAltName('RU_CL_RP')] купил [SCOPE.sCountry('buyer').MakeScope.Var('ai_privat_bank_bond_quantity_23').GetValue|+D] @bond! за [SCOPE.sCountry('buyer').MakeScope.Var('ai_privat_bank_bond_value_23').GetValue|+D] @gold! у [SCOPE.sCountry('seller').GetAltName('RU_CL_RP')];B/родительный
01_ef_notification;501;notification_ai_privat_bank_renforcement_selle_bond_maturity_23_message_name;[SCOPE.sCompany('buyer_privat_bank').GetName] из [SCOPE.sCountry('buyer').GetName] укрепляет свою позицию;[SCOPE.sCompany('buyer_privat_bank').GetName] из [SCOPE.sCountry('buyer').GetAltName('RU_CL_RP')] укрепляет свою позицию;B/родительный
01_ef_notification;502;notification_ai_privat_bank_renforcement_selle_bond_maturity_23_message_desc;[SCOPE.sCompany('buyer_privat_bank').GetName] из [SCOPE.sCountry('buyer').GetName] укрепляет свою позицию: [SCOPE.sCountry('buyer').MakeScope.Var('ai_privat_bank_bond_quantity_23').GetValue|+D] @bond! за [SCOPE.sCountry('buyer').MakeScope.Var('ai_privat_bank_bond_value_23').GetValue|+D] @gold! у [SCOPE.sCountry('seller').GetName];[SCOPE.sCompany('buyer_privat_bank').GetName] из [SCOPE.sCountry('buyer').GetAltName('RU_CL_RP')] укрепляет свою позицию: [SCOPE.sCountry('buyer').MakeScope.Var('ai_privat_bank_bond_quantity_23').GetValue|+D] @bond! за [SCOPE.sCountry('buyer').MakeScope.Var('ai_privat_bank_bond_value_23').GetValue|+D] @gold! у [SCOPE.sCountry('seller').GetAltName('RU_CL_RP')];B/родительный
01_ef_notification;505;notification_ai_privat_bank_renforcement_buy_bond_maturity_23_message_name;[SCOPE.sCompany('buyer_privat_bank').GetName] из [SCOPE.sCountry('buyer').GetName] укрепляет свою позицию по вашему долгу;[SCOPE.sCompany('buyer_privat_bank').GetName] из [SCOPE.sCountry('buyer').GetAltName('RU_CL_RP')] укрепляет свою позицию по вашему долгу;B/родительный
01_ef_notification;506;notification_ai_privat_bank_renforcement_buy_bond_maturity_23_message_desc;[SCOPE.sCompany('buyer_privat_bank').GetName] из [SCOPE.sCountry('buyer').GetName] укрепляет свою позицию: [SCOPE.sCountry('buyer').MakeScope.Var('ai_privat_bank_bond_quantity_23').GetValue|+D] @bond! за [SCOPE.sCountry('buyer').MakeScope.Var('ai_privat_bank_bond_value_23').GetValue|+D] @gold! у [SCOPE.sCountry('seller').GetName];[SCOPE.sCompany('buyer_privat_bank').GetName] из [SCOPE.sCountry('buyer').GetAltName('RU_CL_RP')] укрепляет свою позицию: [SCOPE.sCountry('buyer').MakeScope.Var('ai_privat_bank_bond_quantity_23').GetValue|+D] @bond! за [SCOPE.sCountry('buyer').MakeScope.Var('ai_privat_bank_bond_value_23').GetValue|+D] @gold! у [SCOPE.sCountry('seller').GetAltName('RU_CL_RP')];B/родительный
01_ef_notification;511;notification_ai_privat_bank_selle_bond_maturity_24_message_name;[SCOPE.sCompany('buyer_privat_bank').GetName] из [SCOPE.sCountry('buyer').GetName] купил часть вашего долга;[SCOPE.sCompany('buyer_privat_bank').GetName] из [SCOPE.sCountry('buyer').GetAltName('RU_CL_RP')] купил часть вашего долга;B/родительный
01_ef_notification;512;notification_ai_privat_bank_selle_bond_maturity_24_message_desc;[SCOPE.sCompany('buyer_privat_bank').GetName] из [SCOPE.sCountry('buyer').GetName] купил [SCOPE.sCountry('buyer').MakeScope.Var('ai_privat_bank_bond_quantity_24').GetValue|+D] @bond! за [SCOPE.sCountry('buyer').MakeScope.Var('ai_privat_bank_bond_value_24').GetValue|+D] @gold! у [SCOPE.sCountry('seller').GetName];[SCOPE.sCompany('buyer_privat_bank').GetName] из [SCOPE.sCountry('buyer').GetAltName('RU_CL_RP')] купил [SCOPE.sCountry('buyer').MakeScope.Var('ai_privat_bank_bond_quantity_24').GetValue|+D] @bond! за [SCOPE.sCountry('buyer').MakeScope.Var('ai_privat_bank_bond_value_24').GetValue|+D] @gold! у [SCOPE.sCountry('seller').GetAltName('RU_CL_RP')];B/родительный
01_ef_notification;515;notification_ai_privat_bank_buy_bond_maturity_24_message_name;[SCOPE.sCompany('buyer_privat_bank').GetName] из [SCOPE.sCountry('buyer').GetName] покупает иностранный долг;[SCOPE.sCompany('buyer_privat_bank').GetName] из [SCOPE.sCountry('buyer').GetAltName('RU_CL_RP')] покупает иностранный долг;B/родительный
01_ef_notification;516;notification_ai_privat_bank_buy_bond_maturity_24_message_desc;[SCOPE.sCompany('buyer_privat_bank').GetName] из [SCOPE.sCountry('buyer').GetName] купил [SCOPE.sCountry('buyer').MakeScope.Var('ai_privat_bank_bond_quantity_24').GetValue|+D] @bond! за [SCOPE.sCountry('buyer').MakeScope.Var('ai_privat_bank_bond_value_24').GetValue|+D] @gold! у [SCOPE.sCountry('seller').GetName];[SCOPE.sCompany('buyer_privat_bank').GetName] из [SCOPE.sCountry('buyer').GetAltName('RU_CL_RP')] купил [SCOPE.sCountry('buyer').MakeScope.Var('ai_privat_bank_bond_quantity_24').GetValue|+D] @bond! за [SCOPE.sCountry('buyer').MakeScope.Var('ai_privat_bank_bond_value_24').GetValue|+D] @gold! у [SCOPE.sCountry('seller').GetAltName('RU_CL_RP')];B/родительный
01_ef_notification;519;notification_ai_privat_bank_renforcement_selle_bond_maturity_24_message_name;[SCOPE.sCompany('buyer_privat_bank').GetName] из [SCOPE.sCountry('buyer').GetName] укрепляет свою позицию;[SCOPE.sCompany('buyer_privat_bank').GetName] из [SCOPE.sCountry('buyer').GetAltName('RU_CL_RP')] укрепляет свою позицию;B/родительный
01_ef_notification;520;notification_ai_privat_bank_renforcement_selle_bond_maturity_24_message_desc;[SCOPE.sCompany('buyer_privat_bank').GetName] из [SCOPE.sCountry('buyer').GetName] укрепляет свою позицию: [SCOPE.sCountry('buyer').MakeScope.Var('ai_privat_bank_bond_quantity_24').GetValue|+D] @bond! за [SCOPE.sCountry('buyer').MakeScope.Var('ai_privat_bank_bond_value_24').GetValue|+D] @gold! у [SCOPE.sCountry('seller').GetName];[SCOPE.sCompany('buyer_privat_bank').GetName] из [SCOPE.sCountry('buyer').GetAltName('RU_CL_RP')] укрепляет свою позицию: [SCOPE.sCountry('buyer').MakeScope.Var('ai_privat_bank_bond_quantity_24').GetValue|+D] @bond! за [SCOPE.sCountry('buyer').MakeScope.Var('ai_privat_bank_bond_value_24').GetValue|+D] @gold! у [SCOPE.sCountry('seller').GetAltName('RU_CL_RP')];B/родительный
01_ef_notification;523;notification_ai_privat_bank_renforcement_buy_bond_maturity_24_message_name;[SCOPE.sCompany('buyer_privat_bank').GetName] из [SCOPE.sCountry('buyer').GetName] укрепляет свою позицию по вашему долгу;[SCOPE.sCompany('buyer_privat_bank').GetName] из [SCOPE.sCountry('buyer').GetAltName('RU_CL_RP')] укрепляет свою позицию по вашему долгу;B/родительный
01_ef_notification;524;notification_ai_privat_bank_renforcement_buy_bond_maturity_24_message_desc;[SCOPE.sCompany('buyer_privat_bank').GetName] из [SCOPE.sCountry('buyer').GetName] укрепляет свою позицию: [SCOPE.sCountry('buyer').MakeScope.Var('ai_privat_bank_bond_quantity_24').GetValue|+D] @bond! за [SCOPE.sCountry('buyer').MakeScope.Var('ai_privat_bank_bond_value_24').GetValue|+D] @gold! у [SCOPE.sCountry('seller').GetName];[SCOPE.sCompany('buyer_privat_bank').GetName] из [SCOPE.sCountry('buyer').GetAltName('RU_CL_RP')] укрепляет свою позицию: [SCOPE.sCountry('buyer').MakeScope.Var('ai_privat_bank_bond_quantity_24').GetValue|+D] @bond! за [SCOPE.sCountry('buyer').MakeScope.Var('ai_privat_bank_bond_value_24').GetValue|+D] @gold! у [SCOPE.sCountry('seller').GetAltName('RU_CL_RP')];B/родительный
01_ef_notification;529;notification_ai_privat_bank_selle_bond_maturity_25_message_name;[SCOPE.sCompany('buyer_privat_bank').GetName] из [SCOPE.sCountry('buyer').GetName] купил часть вашего долга;[SCOPE.sCompany('buyer_privat_bank').GetName] из [SCOPE.sCountry('buyer').GetAltName('RU_CL_RP')] купил часть вашего долга;B/родительный
01_ef_notification;530;notification_ai_privat_bank_selle_bond_maturity_25_message_desc;[SCOPE.sCompany('buyer_privat_bank').GetName] из [SCOPE.sCountry('buyer').GetName] купил [SCOPE.sCountry('buyer').MakeScope.Var('ai_privat_bank_bond_quantity_25').GetValue|+D] @bond! за [SCOPE.sCountry('buyer').MakeScope.Var('ai_privat_bank_bond_value_25').GetValue|+D] @gold! у [SCOPE.sCountry('seller').GetName];[SCOPE.sCompany('buyer_privat_bank').GetName] из [SCOPE.sCountry('buyer').GetAltName('RU_CL_RP')] купил [SCOPE.sCountry('buyer').MakeScope.Var('ai_privat_bank_bond_quantity_25').GetValue|+D] @bond! за [SCOPE.sCountry('buyer').MakeScope.Var('ai_privat_bank_bond_value_25').GetValue|+D] @gold! у [SCOPE.sCountry('seller').GetAltName('RU_CL_RP')];B/родительный
01_ef_notification;533;notification_ai_privat_bank_buy_bond_maturity_25_message_name;[SCOPE.sCompany('buyer_privat_bank').GetName] из [SCOPE.sCountry('buyer').GetName] покупает иностранный долг;[SCOPE.sCompany('buyer_privat_bank').GetName] из [SCOPE.sCountry('buyer').GetAltName('RU_CL_RP')] покупает иностранный долг;B/родительный
01_ef_notification;534;notification_ai_privat_bank_buy_bond_maturity_25_message_desc;[SCOPE.sCompany('buyer_privat_bank').GetName] из [SCOPE.sCountry('buyer').GetName] купил [SCOPE.sCountry('buyer').MakeScope.Var('ai_privat_bank_bond_quantity_25').GetValue|+D] @bond! за [SCOPE.sCountry('buyer').MakeScope.Var('ai_privat_bank_bond_value_25').GetValue|+D] @gold! у [SCOPE.sCountry('seller').GetName];[SCOPE.sCompany('buyer_privat_bank').GetName] из [SCOPE.sCountry('buyer').GetAltName('RU_CL_RP')] купил [SCOPE.sCountry('buyer').MakeScope.Var('ai_privat_bank_bond_quantity_25').GetValue|+D] @bond! за [SCOPE.sCountry('buyer').MakeScope.Var('ai_privat_bank_bond_value_25').GetValue|+D] @gold! у [SCOPE.sCountry('seller').GetAltName('RU_CL_RP')];B/родительный
01_ef_notification;537;notification_ai_privat_bank_renforcement_selle_bond_maturity_25_message_name;[SCOPE.sCompany('buyer_privat_bank').GetName] из [SCOPE.sCountry('buyer').GetName] укрепляет свою позицию;[SCOPE.sCompany('buyer_privat_bank').GetName] из [SCOPE.sCountry('buyer').GetAltName('RU_CL_RP')] укрепляет свою позицию;B/родительный
01_ef_notification;538;notification_ai_privat_bank_renforcement_selle_bond_maturity_25_message_desc;[SCOPE.sCompany('buyer_privat_bank').GetName] из [SCOPE.sCountry('buyer').GetName] укрепляет свою позицию: [SCOPE.sCountry('buyer').MakeScope.Var('ai_privat_bank_bond_quantity_25').GetValue|+D] @bond! за [SCOPE.sCountry('buyer').MakeScope.Var('ai_privat_bank_bond_value_25').GetValue|+D] @gold! у [SCOPE.sCountry('seller').GetName];[SCOPE.sCompany('buyer_privat_bank').GetName] из [SCOPE.sCountry('buyer').GetAltName('RU_CL_RP')] укрепляет свою позицию: [SCOPE.sCountry('buyer').MakeScope.Var('ai_privat_bank_bond_quantity_25').GetValue|+D] @bond! за [SCOPE.sCountry('buyer').MakeScope.Var('ai_privat_bank_bond_value_25').GetValue|+D] @gold! у [SCOPE.sCountry('seller').GetAltName('RU_CL_RP')];B/родительный
01_ef_notification;541;notification_ai_privat_bank_renforcement_buy_bond_maturity_25_message_name;[SCOPE.sCompany('buyer_privat_bank').GetName] из [SCOPE.sCountry('buyer').GetName] укрепляет свою позицию по вашему долгу;[SCOPE.sCompany('buyer_privat_bank').GetName] из [SCOPE.sCountry('buyer').GetAltName('RU_CL_RP')] укрепляет свою позицию по вашему долгу;B/родительный
01_ef_notification;542;notification_ai_privat_bank_renforcement_buy_bond_maturity_25_message_desc;[SCOPE.sCompany('buyer_privat_bank').GetName] из [SCOPE.sCountry('buyer').GetName] укрепляет свою позицию: [SCOPE.sCountry('buyer').MakeScope.Var('ai_privat_bank_bond_quantity_25').GetValue|+D] @bond! за [SCOPE.sCountry('buyer').MakeScope.Var('ai_privat_bank_bond_value_25').GetValue|+D] @gold! у [SCOPE.sCountry('seller').GetName];[SCOPE.sCompany('buyer_privat_bank').GetName] из [SCOPE.sCountry('buyer').GetAltName('RU_CL_RP')] укрепляет свою позицию: [SCOPE.sCountry('buyer').MakeScope.Var('ai_privat_bank_bond_quantity_25').GetValue|+D] @bond! за [SCOPE.sCountry('buyer').MakeScope.Var('ai_privat_bank_bond_value_25').GetValue|+D] @gold! у [SCOPE.sCountry('seller').GetAltName('RU_CL_RP')];B/родительный
01_ef_prestige_goods;21;railroad_stock_rus;Займ Транссибирской магистрали;Заём Транссибирской магистрали;C/заём
01_ef_prestige_goods;28;manufacture_stock_gbr_2;Rothschild Construction & Trade Trust;Строительно-торговый трест Ротшильдов;C/единообразие
01_ef_prestige_goods;29;railroad_stock_ger;Preußische Eisenbahnaktien;Прусские железнодорожные акции;C/единообразие
01_ef_prestige_goods;30;mining_stock_usa;Standard Oil Trust;Трест Standard Oil;C/единообразие
01_ef_production_method;61;pmg_mining_equipment_building_silver_mine;Горное оборудование;Горнодобывающее оборудование;C/как в ванили
01_ef_production_method;117;pm_currency_eco_tuareg_ouguiya_currency;Туарегский угия;Туарегская угия;C/угия
01_ef_production_method;131;pm_currency_gulden_indies_guilder_currency;Голландский гульден Ост-Индии;Ост-индский гульден;C/гульден
01_ef_production_method;202;pm_currency_spe_yen_currency;Йена;Иена;C/иена
01_ef_production_method;204;pm_currency_spe_zloti_currency;Злоты;Злотый;C/злотый
01_ef_production_method;215;pmg_market_liquidity;Ликвидность рынка;Рыночная ликвидность;C/ликвидность
01_ef_production_method;217;pm_no_market_liquidity;Нет ликвидности рынка;Нет рыночной ликвидности;C/ликвидность
01_ef_production_method;251;pm_market_liquidity_eco_tuareg_ouguiya_currency;Туарегский угия;Туарегская угия;C/угия
01_ef_production_method;265;pm_market_liquidity_gulden_indies_guilder_currency;Голландский гульден Ост-Индии;Ост-индский гульден;C/гульден
01_ef_production_method;336;pm_market_liquidity_spe_yen_currency;Йена;Иена;C/иена
01_ef_production_method;338;pm_market_liquidity_spe_zloti_currency;Злоты;Злотый;C/злотый
01_ef_production_method;367;pmg_monetary_policy;Денежная политика;Денежно-кредитная политика;C/термин
01_ef_production_method;374;pm_external_exchange_standard_bank_money_currency;Стандарт внешнего обмена;Внешний валютный стандарт;C/стандарт
01_ef_production_method;376;pm_no_monetary_policy;Нет денежной политики;Без денежной политики;C/термин
01_ef_production_method;411;pmg_additional_production_method;Дополнительные методы производства;Дополнительные производственные методы;C/как в ванили
01_ef_production_method;412;pm_no_additional_production_method;Нет дополнительных методов производства;Нет дополнительных производственных методов;C/как в ванили
01_ef_production_method;413;pm_desactive_bc;Деактивация центрального банка;Отключение центрального банка;C/термин
01_ef_production_method;414;pm_customs_union_limit_20;Лимит для таможенного союза 20%;Лимит таможенного союза 20%;C/единообразие
01_ef_production_method;415;pm_protectora_limit_30;Лимит для протектората 30%;Лимит протектората 30%;C/единообразие
01_ef_production_method;416;pm_dominion_limit_50;Лимит для доминиона 50%;Лимит доминиона 50%;C/единообразие
01_ef_production_method;417;pm_puppet_limit_75;Лимит длямарионетки 75%;Лимит марионетки 75%;C/единообразие
01_ef_production_method;419;pmg_bond_production;Методы производства облигаций;Производственные методы облигаций;C/как в ванили
01_ef_production_method;424;pm_no_money_production;Нет производства денег;Нет денежного производства;C/как в ванили
01_ef_production_method;425;pm_money_production;Производство денег;Денежное производство;C/как в ванили
01_ef_production_method;434;pmg_manufacture_stock_exchange;Акции промышленности;Промышленные акции;C/термин
01_ef_production_method;438;pmg_mining_stock_exchange;Акции горнодобычи;Горнодобывающие акции;C/термин
01_ef_production_method;442;pmg_agricultural_stock_exchange;Акции сельского хозяйства;Сельскохозяйственные акции;C/термин
01_ef_production_method;446;pmg_railroad_stock_exchange;Акции железных дорог;Железнодорожные акции;C/термин
01_ef_static_modifier;19;UNI_modifier_1;Престижный товар действительно необходим;Люксовый товар действительно необходим;C/термин
01_ef_static_modifier;21;modifier_desactive_building;Окупированная область;Оккупированная область;A/опечатка
01_ef_static_modifier;24;modifier_desactive_building;Окупированная область;Оккупированная область;A/опечатка
01_ef_static_modifier;25;country_credit_note_mult;Мультипликатор страны;Множитель кредитного рейтинга страны;A/смысл
01_ef_static_modifier;26;country_credit_note_add;Добавление страны;Прибавка к кредитному рейтингу страны;A/смысл
01_ef_static_modifier;27;country_credit_note_add_desc;Увеличение общего рейтинга страны на +0.5 за уровень учреждения;Увеличение общего рейтинга страны на +0,5 за уровень института;C/термин
01_ef_static_modifier;28;country_credit_note_mult_desc;Увеличение общего рейтинга страны на 5% за уровень учреждения;Увеличение общего рейтинга страны на 5% за уровень института;C/термин
01_ef_static_modifier;30;financial_product_by_trade_route_mult_desc;Представляет общую долю конкретного типа финансового продукта, который может быть включён в заказ продажи через импорт;Представляет общую долю конкретного типа финансового продукта, который может быть включён в приказ о продаже через импорт;C/термин
01_ef_static_modifier;33;rise_base_rate;Повышение базовой ставки;Повышение ключевой ставки;C/base rate
01_ef_static_modifier;34;down_base_rate;Снижение базовой ставки;Снижение ключевой ставки;C/base rate
01_ef_static_modifier;45;building_silver_mine_throughput_add;$building_silver_mine$ строит [concept_throughput];[concept_throughput] $building_silver_mine$;A/грубая ошибка перевода
01_ef_static_modifier;48;modifier_desactive_bank;Банк заморожен;Банк отключён;C/термин
01_ef_static_modifier;71;devaluation_txt_prev;Нет инфляции по денежной политике, если базовая цена товара [GetPlayer.GetCustom('currency_name')] [GetPlayer.GetCustom('currency_good')] выше #n 50%#! (Фактически: [GetPlayer.MakeScope.ScriptValue('currency_market_goods_lake_ratio')|%|-]) или в дефиците;Нет инфляции от денежной политики, если базовая цена товара [GetPlayer.GetCustom('currency_name')] [GetPlayer.GetCustom('currency_good')] выше #n 50%#! (сейчас: [GetPlayer.MakeScope.ScriptValue('currency_market_goods_lake_ratio')|%|-]) или если товар в дефиците;A/связность
01_ef_static_modifier;73;customs_union_limit_20;Лимит для таможенного союза 20%;Лимит таможенного союза 20%;C/единообразие
01_ef_static_modifier;74;protectora_limit_30;Лимит для протектората 30%;Лимит протектората 30%;C/единообразие
01_ef_static_modifier;75;dominion_limit_50;Лимит для доминиона 75%;Лимит для доминиона 50%;A/число не совпадает с ключом
01_ef_static_modifier;76;other_subject_type_limit_50;Лимит для других типов субъектов 50%;Лимит прочих типов субъектов 50%;C/единообразие
01_ef_static_modifier;77;puppet_limit_75;Лимит для марионетки 75%;Лимит марионетки 75%;C/единообразие
01_ef_static_modifier;202;mining_stock_deemande;Спрос на добывающие акции;Спрос на горнодобывающие акции;C/акции
01_ef_static_modifier;207;goods_input_mining_stock_mult;Мультипликатор гррнодобывающих акций;Мультипликатор горнодобывающих акций;A/опечатка
01_ef_static_modifier;300;state_building_financial_centre_rus_max_level_add;Максимальный уровень Санкт-Петербургской биржы;Максимальный уровень Санкт-Петербургской биржи;A/опечатка
01_ef_static_modifier;301;state_building_financial_centre_rus_max_level_add_desc;Максимальный уровень Санкт-Петербургской биржы;Максимальный уровень Санкт-Петербургской биржи;A/опечатка
01_ef_static_modifier;361;extreme_weak_currency;Сверх слабая валюта;Крайне слабая валюта;C/слабая валюта
01_ef_static_modifier;363;money_value_in_gold;Стоимость денег (в золоте @gold!);Стоимость денег (в #gold золоте @gold!#!);A/потерян цветовой тег
01_ef_static_modifier;368;1_25_median;(> 1.25 Среднее);(> 1,25 от среднего);A/связность
01_ef_static_modifier;370;0_75_median;(< 0.75 Среднее);(< 0,75 от среднего);A/связность
01_ef_static_modifier;378;economic_instability_txt;Счётчик экономической нестабильности увеличивается на 1 за каждый кризис, который происходит. Если он достигает 2 или более, он запускает все кризисы, которые зарегистрировали одно или более инцидентов.;Счётчик экономической нестабильности увеличивается на 1 за каждый произошедший кризис. Если он достигает 2 или более, запускаются все кризисы, по которым зафиксирован хотя бы один инцидент.;A/связность
01_ef_static_modifier;389;nothing_status;Текущий статус отсутствует;Значимых модификаторов нет;A/смысл
01_ef_static_modifier;392;foreign_exchange_controls;Контроль валютного рынка;Валютный контроль;C/валютный контроль
01_ef_static_modifier;393;monetary_systeme_transition;Переход к денежной системе;Смена денежного стандарта;C/стандарт
01_ef_static_modifier;467;eco_tuareg_ouguiya_leading_currency_type;Отношение к туарегскому угия;Отношение к туарегской угии;C/угия
01_ef_static_modifier;477;gulden_indies_guilder_leading_currency_type;Отношение к голландскому гульдену;Отношение к ост-индскому гульдену;C/гульден
01_ef_static_modifier;491;lira_scudo_pontificio_leading_currency_type;Отношение к скудо Понтифицио;Отношение к папскому скудо;C/скудо
01_ef_static_modifier;492;lira_scudo_sardo_leading_currency_type;Отношение к скудо Сардо;Отношение к сардинскому скудо;C/скудо
01_ef_static_modifier;501;peso_costa_rican_colon_leading_currency_type;Отношение к коста-риканскому колону;Отношение к костариканскому колону;C/колон
01_ef_static_modifier;525;spe_latvian_lats_leading_currency_type;Отношение к латвийскому латy;Отношение к латвийскому лату;A/латиница внутри слова
01_ef_static_modifier;530;spe_yen_leading_currency_type;Отношение к йене;Отношение к иене;C/иена
01_ef_technology;24;stockpiling_goods_desc;После открытия технологии Национальный резерв ваша страна начнет [concept_flow_storage]. [concept_flow_storage] сохраняет излишки рынка бесплатно, оно означает наполненность складов фабрик страны этим товаром. Также можно выпустить приказ хранения или выпуска, что увеличит спрос или предложение на рынке в моменте.;После открытия технологии «Национальный резерв» ваша страна начнёт [concept_flow_storage]. [concept_flow_storage] бесплатно хранит излишки рынка. В отличие от приказов накопления и высвобождения, доступных благодаря технологии национального резерва: они могут дорого обходиться стране, но позволяют создавать более надёжные стратегические запасы.;A/вольный пересказ
01_ef_technology;45;gold_exchange_standard_desc;Золотой обменный стандарт был денежной системой, возникшей как разновидность золотого стандарта. Он действовал в межвоенный период, особенно после Первой мировой войны и до принятия системы Бреттон-Вудс. В рамках золотого обменного стандарта страны держали свои резервы не только в золоте, но и в иностранных валютах, прежде всего в долларах США, которые можно было обменять на золото. Это обеспечивало большую гибкость в международной торговле и финансах, поскольку страны могли хранить резервы в смеси золота и ключевых иностранных валют. Однако система столкнулась с трудностями, включая нехватку золота, что привело к корректировкам и в конечном итоге подготовило почву для системы Бреттон-Вудс в послевоенную эпоху.;Золотой обменный стандарт был денежной системой, возникшей как разновидность золотого стандарта. Он действовал в межвоенный период, особенно после Первой мировой войны и до принятия Бреттон-Вудской системы. В рамках золотого обменного стандарта страны держали свои резервы не только в золоте, но и в иностранных валютах, прежде всего в долларах США, которые можно было обменять на золото. Это обеспечивало большую гибкость в международной торговле и финансах, поскольку страны могли хранить резервы в смеси золота и ключевых иностранных валют. Однако система столкнулась с трудностями, включая нехватку золота, что привело к корректировкам и в конечном итоге подготовило почву для Бреттон-Вудской системы в послевоенную эпоху.;C/Бреттон-Вудс
01_ef_tooltips;28;MONEY_VALUE_INFO_fiat_standard;Текущий индекс с учетом инфляции/дефляции: #T 1 [Country.GetCustom('currency_symbol')]#! = #T [Country.MakeScope.ScriptValue('money_value_rapported_inflation')]#! ([Country.MakeScope.ScriptValue('inflation_value')|%|=-] @inflation!)\nЗначение без инфляции/дефляции: #T 1 [Country.GetCustom('currency_symbol')]#! = #T [Country.MakeScope.ScriptValue('money_value')]#! #T (= [Country.MakeScope.ScriptValue('money_value_in_gold')]#! @gold!)#!\n$TOOLTIP_DELIMITER$;Текущий индекс с учётом инфляции/дефляции: #T 1 [Country.GetCustom('currency_symbol')]#! = #T [Country.MakeScope.ScriptValue('money_value_rapported_inflation')]#! ([Country.MakeScope.ScriptValue('inflation_value')|%|=-] @inflation!)\nЗначение без инфляции/дефляции: #T 1 [Country.GetCustom('currency_symbol')]#! = #T [Country.MakeScope.ScriptValue('money_value')]#! #T (= [Country.MakeScope.ScriptValue('money_value_in_gold')]#! @gold!)#!\n$TOOLTIP_DELIMITER$;A/ё
01_ef_tooltips;31;MONEY_SUPPLY_DESC_fiat_standard;Денежная масса:\nВсего #v Денежная масса #!: #p [Country.MakeScope.ScriptValue('total_money_supply')|D]#!#! [Country.GetCustom('currency_symbol')]\n - [Country.GetCustom('currency_name')] в собственности страны: #T [Country.MakeScope.ScriptValue('money_supply')|D]#! [Country.GetCustom('currency_symbol')]\n   > [Country.GetCustom('currency_name')] в обращении: #T [Country.MakeScope.ScriptValue('money_circulating')|D]#! [Country.GetCustom('currency_symbol')]\n    -> Сбережения населения: #T [Country.MakeScope.ScriptValue('pop_savings')|D]#! [Country.GetCustom('currency_symbol')] ([Country.MakeScope.ScriptValue('pop_savings_monthly')|D+=][Country.GetCustom('currency_symbol')] в месяц)\n    -> Средства частных банков: #T [Country.MakeScope.ScriptValue('private_bank_funds')|D]#! [Country.GetCustom('currency_symbol')] ([Country.MakeScope.ScriptValue('private_bank_funds_pourcent')|%|])\n    -> Сбережения зданий: #T [Country.MakeScope.ScriptValue('building_saving')|D]#! [Country.GetCustom('currency_symbol')]\n    -> В распоряжении правительства: #T [Country.MakeScope.ScriptValue('government_loan_fixe')|D]#! [Country.GetCustom('currency_symbol')] ([Country.MakeScope.ScriptValue('country_minting_month')|D+=][Country.GetCustom('currency_symbol')] в месяц)\n   > [Country.GetCustom('currency_name')] в резерве центрального банка: #T [Country.MakeScope.ScriptValue('money_supply_state')|D]#! [Country.GetCustom('currency_symbol')] ([Country.MakeScope.ScriptValue('money_supply_state_monthly')|D+=][Country.GetCustom('currency_symbol')] в месяц)\n - [Country.GetCustom('currency_name')] в собственности другой страны: #T [Country.MakeScope.ScriptValue('money_supply_stockpile_by_other_country')|D]#! [Country.GetCustom('currency_symbol')]\n$TOOLTIP_DELIMITER$;Денежная масса:\nВсего #v Денежная масса #!: #p [Country.MakeScope.ScriptValue('total_money_supply')|D]#!#! [Country.GetCustom('currency_symbol')]\n - [Country.GetCustom('currency_name')] в собственности страны: #T [Country.MakeScope.ScriptValue('money_supply')|D]#! [Country.GetCustom('currency_symbol')]\n   > [Country.GetCustom('currency_name')] в обращении: #T [Country.MakeScope.ScriptValue('money_circulating')|D]#! [Country.GetCustom('currency_symbol')]\n    -> Сбережения населения: #T [Country.MakeScope.ScriptValue('pop_savings')|D]#! [Country.GetCustom('currency_symbol')] ([Country.MakeScope.ScriptValue('pop_savings_monthly')|D+=][Country.GetCustom('currency_symbol')] в месяц)\n    -> Средства частных банков: #T [Country.MakeScope.ScriptValue('private_bank_funds')|D]#! [Country.GetCustom('currency_symbol')] ([Country.MakeScope.ScriptValue('private_bank_funds_pourcent')|%|])\n    -> Сбережения зданий: #T [Country.MakeScope.ScriptValue('building_saving')|D]#! [Country.GetCustom('currency_symbol')]\n    -> В распоряжении правительства: #T [Country.MakeScope.ScriptValue('government_loan_fixe')|D]#! [Country.GetCustom('currency_symbol')] ([Country.MakeScope.ScriptValue('country_minting_month')|D+=][Country.GetCustom('currency_symbol')] в месяц)\n   > [Country.GetCustom('currency_name')] в резервах центрального банка: #T [Country.MakeScope.ScriptValue('money_supply_state')|D]#! [Country.GetCustom('currency_symbol')] ([Country.MakeScope.ScriptValue('money_supply_state_monthly')|D+=][Country.GetCustom('currency_symbol')] в месяц)\n - [Country.GetCustom('currency_name')] в собственности другой страны: #T [Country.MakeScope.ScriptValue('money_supply_stockpile_by_other_country')|D]#! [Country.GetCustom('currency_symbol')]\n$TOOLTIP_DELIMITER$;A/непереведённый блок тултипа
01_ef_tooltips;44;MONEY_VALUE_INFO_silver_standard;Текущий индекс с учетом инфляции/дефляции: #T 1 [Country.GetCustom('currency_symbol')]#! = #T [Country.MakeScope.ScriptValue('money_value_rapported_inflation')]#! @silver! ([Country.MakeScope.ScriptValue('inflation_value')|%|=-] @inflation!)\nЗначение без инфляции/дефляции: #T 1 [Country.GetCustom('currency_symbol')]#! = #T [Country.MakeScope.ScriptValue('money_value')]#! @silver! #T (= [Country.MakeScope.ScriptValue('money_value_in_gold')]#! @gold!)#!\nСеребряный стандарт установлен для: #T 1 [Country.GetCustom('currency_symbol')]#! = #T [Country.MakeScope.ScriptValue('money_value_target_real')]#! @silver!\nДоля серебряных резервов центрального банка: #T [Country.MakeScope.ScriptValue('national_capacity')|D|]/[Country.MakeScope.ScriptValue('central_bank_metal_reserves_state_to_ensure_the_conversion')|D|] @silver! ([Country.MakeScope.ScriptValue('central_bank_metal_reserves_state_to_ensure_the_conversion_pourcent')|%|])#! \nПредел покрытия серебром: #T [Country.MakeScope.ScriptValue('money_supply')|D]/[Country.MakeScope.ScriptValue('money_value_target')|D|] [Country.GetCustom('currency_symbol')]#! (За 1 [Country.GetCustom('currency_symbol')]#! = #T [Country.MakeScope.ScriptValue('money_value_target_real')|D2]#! @silver!)\n$TOOLTIP_DELIMITER$;Текущий индекс с учётом инфляции/дефляции: #T 1 [Country.GetCustom('currency_symbol')]#! = #T [Country.MakeScope.ScriptValue('money_value_rapported_inflation')]#! @silver! ([Country.MakeScope.ScriptValue('inflation_value')|%|=-] @inflation!)\nЗначение без инфляции/дефляции: #T 1 [Country.GetCustom('currency_symbol')]#! = #T [Country.MakeScope.ScriptValue('money_value')]#! @silver! #T (= [Country.MakeScope.ScriptValue('money_value_in_gold')]#! @gold!)#!\nСеребряный стандарт установлен для: #T 1 [Country.GetCustom('currency_symbol')]#! = #T [Country.MakeScope.ScriptValue('money_value_target_real')]#! @silver!\nДоля серебряных резервов центрального банка: #T [Country.MakeScope.ScriptValue('national_capacity')|D|]/[Country.MakeScope.ScriptValue('central_bank_metal_reserves_state_to_ensure_the_conversion')|D|] @silver! ([Country.MakeScope.ScriptValue('central_bank_metal_reserves_state_to_ensure_the_conversion_pourcent')|%|])#! \nПредел покрытия серебром: #T [Country.MakeScope.ScriptValue('money_supply')|D]/[Country.MakeScope.ScriptValue('money_value_target')|D|] [Country.GetCustom('currency_symbol')]#! (За 1 [Country.GetCustom('currency_symbol')]#! = #T [Country.MakeScope.ScriptValue('money_value_target_real')|D2]#! @silver!)\n$TOOLTIP_DELIMITER$;A/ё
01_ef_tooltips;47;MONEY_SUPPLY_DESC_silver_standard;Денежная масса:\nВсего #v Денежная масса #!: #p [Country.MakeScope.ScriptValue('total_money_supply')|D]#!#! [Country.GetCustom('currency_symbol')]\n - [Country.GetCustom('currency_name')] в собственности страны: #T [Country.MakeScope.ScriptValue('money_supply')|D]#! [Country.GetCustom('currency_symbol')]\n   > [Country.GetCustom('currency_name')] в обращении: #T [Country.MakeScope.ScriptValue('money_circulating')|D]#! [Country.GetCustom('currency_symbol')]\n    -> Сбережения населения: #T [Country.MakeScope.ScriptValue('pop_savings')|D]#! [Country.GetCustom('currency_symbol')] ([Country.MakeScope.ScriptValue('pop_savings_monthly')|D+=][Country.GetCustom('currency_symbol')] в месяц)\n    -> Средства частных банков: #T [Country.MakeScope.ScriptValue('private_bank_funds')|D]#! [Country.GetCustom('currency_symbol')] ([Country.MakeScope.ScriptValue('private_bank_funds_pourcent')|%|])\n    -> Сбережения зданий: #T [Country.MakeScope.ScriptValue('building_saving')|D]#! [Country.GetCustom('currency_symbol')]\n    -> В распоряжении правительства: #T [Country.MakeScope.ScriptValue('government_loan_fixe')|D]#! [Country.GetCustom('currency_symbol')] ([Country.MakeScope.ScriptValue('country_minting_month')|D+=][Country.GetCustom('currency_symbol')] в месяц)\n   > [Country.GetCustom('currency_name')] в резерве центрального банка: #T [Country.MakeScope.ScriptValue('money_supply_state')|D]#! [Country.GetCustom('currency_symbol')] ([Country.MakeScope.ScriptValue('money_supply_state_monthly')|D+=][Country.GetCustom('currency_symbol')] в месяц)\n - [Country.GetCustom('currency_name')] в собственности другой страны: #T [Country.MakeScope.ScriptValue('money_supply_stockpile_by_other_country')|D]#! [Country.GetCustom('currency_symbol')]\n$TOOLTIP_DELIMITER$;Денежная масса:\nВсего #v Денежная масса #!: #p [Country.MakeScope.ScriptValue('total_money_supply')|D]#!#! [Country.GetCustom('currency_symbol')]\n - [Country.GetCustom('currency_name')] в собственности страны: #T [Country.MakeScope.ScriptValue('money_supply')|D]#! [Country.GetCustom('currency_symbol')]\n   > [Country.GetCustom('currency_name')] в обращении: #T [Country.MakeScope.ScriptValue('money_circulating')|D]#! [Country.GetCustom('currency_symbol')]\n    -> Сбережения населения: #T [Country.MakeScope.ScriptValue('pop_savings')|D]#! [Country.GetCustom('currency_symbol')] ([Country.MakeScope.ScriptValue('pop_savings_monthly')|D+=][Country.GetCustom('currency_symbol')] в месяц)\n    -> Средства частных банков: #T [Country.MakeScope.ScriptValue('private_bank_funds')|D]#! [Country.GetCustom('currency_symbol')] ([Country.MakeScope.ScriptValue('private_bank_funds_pourcent')|%|])\n    -> Сбережения зданий: #T [Country.MakeScope.ScriptValue('building_saving')|D]#! [Country.GetCustom('currency_symbol')]\n    -> В распоряжении правительства: #T [Country.MakeScope.ScriptValue('government_loan_fixe')|D]#! [Country.GetCustom('currency_symbol')] ([Country.MakeScope.ScriptValue('country_minting_month')|D+=][Country.GetCustom('currency_symbol')] в месяц)\n   > [Country.GetCustom('currency_name')] в резервах центрального банка: #T [Country.MakeScope.ScriptValue('money_supply_state')|D]#! [Country.GetCustom('currency_symbol')] ([Country.MakeScope.ScriptValue('money_supply_state_monthly')|D+=][Country.GetCustom('currency_symbol')] в месяц)\n - [Country.GetCustom('currency_name')] в собственности другой страны: #T [Country.MakeScope.ScriptValue('money_supply_stockpile_by_other_country')|D]#! [Country.GetCustom('currency_symbol')]\n$TOOLTIP_DELIMITER$;A/непереведённый блок тултипа
01_ef_tooltips;60;MONEY_VALUE_bimetallism_standard;#T Стоимость денег#! - Биметаллизм @bimetallism!\n$MONEY_VALUE_INFO_bimetallism_standard$\n$MONEY_SUPPLY_DESC_bimetallism_standard$\n$NATIONAL_CAPACITY_DESC_bimetallism_standard$\n$GLOBAL_METALIC_PRICE_bimetallism_standard$\n$AVERAGE_MONEY_VALUE_DESC_MONEY_VALUE$\n$MONEY_VALUE_HIST$\n;#T Стоимость денег#! - Биметаллический стандарт @bimetallism!\n$MONEY_VALUE_INFO_bimetallism_standard$\n$MONEY_SUPPLY_DESC_bimetallism_standard$\n$NATIONAL_CAPACITY_DESC_bimetallism_standard$\n$GLOBAL_METALIC_PRICE_bimetallism_standard$\n$AVERAGE_MONEY_VALUE_DESC_MONEY_VALUE$\n$MONEY_VALUE_HIST$\n;C/биметаллизм
01_ef_tooltips;62;MONEY_VALUE_INFO_bimetallism_standard;Текущий индекс с учетом инфляции/дефляции: #T 1 [Country.GetCustom('currency_symbol')]#! = #T [Country.MakeScope.ScriptValue('money_value_rapported_inflation')]#! @bimetallism! ([Country.MakeScope.ScriptValue('inflation_value')|%|=-] @inflation!)\nЗначение без инфляции/дефляции: #T 1 [Country.GetCustom('currency_symbol')]#! = #T [Country.MakeScope.ScriptValue('money_value')]#! @bimetallism! #T (= [Country.MakeScope.ScriptValue('money_value_in_gold')]#! @gold!)#!\nБиметаллический стандарт установлен для: #T 1 [Country.GetCustom('currency_symbol')]#! = #T [Country.MakeScope.ScriptValue('money_value_target_real')]#! @bimetallism!\nДоля резервов центрального банка по биметаллизму: #T [Country.MakeScope.ScriptValue('national_capacity')|D|]/[Country.MakeScope.ScriptValue('central_bank_metal_reserves_state_to_ensure_the_conversion')|D|] @bimetallism! ([Country.MakeScope.ScriptValue('central_bank_metal_reserves_state_to_ensure_the_conversion_pourcent')|%|])#! \nПредел покрытия биметаллизмом: #T [Country.MakeScope.ScriptValue('money_supply')|D]/[Country.MakeScope.ScriptValue('money_value_target')|D|] [Country.GetCustom('currency_symbol')]#! (За 1 [Country.GetCustom('currency_symbol')]#! = #T [Country.MakeScope.ScriptValue('money_value_target_real')|D2]#! @bimetallism!)\n$TOOLTIP_DELIMITER$;Текущий индекс с учётом инфляции/дефляции: #T 1 [Country.GetCustom('currency_symbol')]#! = #T [Country.MakeScope.ScriptValue('money_value_rapported_inflation')]#! @bimetallism! ([Country.MakeScope.ScriptValue('inflation_value')|%|=-] @inflation!)\nЗначение без инфляции/дефляции: #T 1 [Country.GetCustom('currency_symbol')]#! = #T [Country.MakeScope.ScriptValue('money_value')]#! @bimetallism! #T (= [Country.MakeScope.ScriptValue('money_value_in_gold')]#! @gold!)#!\nБиметаллический стандарт установлен для: #T 1 [Country.GetCustom('currency_symbol')]#! = #T [Country.MakeScope.ScriptValue('money_value_target_real')]#! @bimetallism!\nДоля резервов центрального банка по биметаллизму: #T [Country.MakeScope.ScriptValue('national_capacity')|D|]/[Country.MakeScope.ScriptValue('central_bank_metal_reserves_state_to_ensure_the_conversion')|D|] @bimetallism! ([Country.MakeScope.ScriptValue('central_bank_metal_reserves_state_to_ensure_the_conversion_pourcent')|%|])#! \nПредел покрытия металлом: #T [Country.MakeScope.ScriptValue('money_supply')|D]/[Country.MakeScope.ScriptValue('money_value_target')|D|] [Country.GetCustom('currency_symbol')]#! (За 1 [Country.GetCustom('currency_symbol')]#! = #T [Country.MakeScope.ScriptValue('money_value_target_real')|D2]#! @bimetallism!)\n$TOOLTIP_DELIMITER$;A/непереведённый блок тултипа,A/ё
01_ef_tooltips;65;MONEY_SUPPLY_DESC_bimetallism_standard;Денежная масса:\nВсего #v Денежная масса #!: #p [Country.MakeScope.ScriptValue('total_money_supply')|D]#!#! [Country.GetCustom('currency_symbol')]\n - [Country.GetCustom('currency_name')] в собственности страны: #T [Country.MakeScope.ScriptValue('money_supply')|D]#! [Country.GetCustom('currency_symbol')]\n   > [Country.GetCustom('currency_name')] в обращении: #T [Country.MakeScope.ScriptValue('money_circulating')|D]#! [Country.GetCustom('currency_symbol')]\n    -> Сбережения населения: #T [Country.MakeScope.ScriptValue('pop_savings')|D]#! [Country.GetCustom('currency_symbol')] ([Country.MakeScope.ScriptValue('pop_savings_monthly')|D+=][Country.GetCustom('currency_symbol')] в месяц)\n    -> Средства частных банков: #T [Country.MakeScope.ScriptValue('private_bank_funds')|D]#! [Country.GetCustom('currency_symbol')] ([Country.MakeScope.ScriptValue('private_bank_funds_pourcent')|%|])\n    -> Сбережения зданий: #T [Country.MakeScope.ScriptValue('building_saving')|D]#! [Country.GetCustom('currency_symbol')]\n    -> В распоряжении правительства: #T [Country.MakeScope.ScriptValue('government_loan_fixe')|D]#! [Country.GetCustom('currency_symbol')] ([Country.MakeScope.ScriptValue('country_minting_month')|D+=][Country.GetCustom('currency_symbol')] в месяц)\n   > [Country.GetCustom('currency_name')] в резерве центрального банка: #T [Country.MakeScope.ScriptValue('money_supply_state')|D]#! [Country.GetCustom('currency_symbol')] ([Country.MakeScope.ScriptValue('money_supply_state_monthly')|D+=][Country.GetCustom('currency_symbol')] в месяц)\n - [Country.GetCustom('currency_name')] в собственности другой страны: #T [Country.MakeScope.ScriptValue('money_supply_stockpile_by_other_country')|D]#! [Country.GetCustom('currency_symbol')]\n$TOOLTIP_DELIMITER$;Денежная масса:\nВсего #v Денежная масса #!: #p [Country.MakeScope.ScriptValue('total_money_supply')|D]#!#! [Country.GetCustom('currency_symbol')]\n - [Country.GetCustom('currency_name')] в собственности страны: #T [Country.MakeScope.ScriptValue('money_supply')|D]#! [Country.GetCustom('currency_symbol')]\n   > [Country.GetCustom('currency_name')] в обращении: #T [Country.MakeScope.ScriptValue('money_circulating')|D]#! [Country.GetCustom('currency_symbol')]\n    -> Сбережения населения: #T [Country.MakeScope.ScriptValue('pop_savings')|D]#! [Country.GetCustom('currency_symbol')] ([Country.MakeScope.ScriptValue('pop_savings_monthly')|D+=][Country.GetCustom('currency_symbol')] в месяц)\n    -> Средства частных банков: #T [Country.MakeScope.ScriptValue('private_bank_funds')|D]#! [Country.GetCustom('currency_symbol')] ([Country.MakeScope.ScriptValue('private_bank_funds_pourcent')|%|])\n    -> Сбережения зданий: #T [Country.MakeScope.ScriptValue('building_saving')|D]#! [Country.GetCustom('currency_symbol')]\n    -> В распоряжении правительства: #T [Country.MakeScope.ScriptValue('government_loan_fixe')|D]#! [Country.GetCustom('currency_symbol')] ([Country.MakeScope.ScriptValue('country_minting_month')|D+=][Country.GetCustom('currency_symbol')] в месяц)\n   > [Country.GetCustom('currency_name')] в резервах центрального банка: #T [Country.MakeScope.ScriptValue('money_supply_state')|D]#! [Country.GetCustom('currency_symbol')] ([Country.MakeScope.ScriptValue('money_supply_state_monthly')|D+=][Country.GetCustom('currency_symbol')] в месяц)\n - [Country.GetCustom('currency_name')] в собственности другой страны: #T [Country.MakeScope.ScriptValue('money_supply_stockpile_by_other_country')|D]#! [Country.GetCustom('currency_symbol')]\n$TOOLTIP_DELIMITER$;A/непереведённый блок тултипа
01_ef_tooltips;82;MONEY_VALUE_INFO_gold_standard;Текущий индекс с учетом инфляции/дефляции: #T 1 [Country.GetCustom('currency_symbol')]#! = #T [Country.MakeScope.ScriptValue('money_value_rapported_inflation')]#! @gold! ([Country.MakeScope.ScriptValue('inflation_value')|%|=-] @inflation!)\nЗначение без инфляции/дефляции: #T 1 [Country.GetCustom('currency_symbol')]#! = #T [Country.MakeScope.ScriptValue('money_value')]#! @gold! #T (= [Country.MakeScope.ScriptValue('money_value_in_gold')]#! @gold!)#!\nЗолотой стандарт установлен для: #T 1 [Country.GetCustom('currency_symbol')]#! = #T [Country.MakeScope.ScriptValue('money_value_target_real')]#! @gold!\nДоля золотых резервов центрального банка: #T [Country.MakeScope.ScriptValue('national_capacity')|D|]/[Country.MakeScope.ScriptValue('central_bank_metal_reserves_state_to_ensure_the_conversion')|D|] @gold! ([Country.MakeScope.ScriptValue('central_bank_metal_reserves_state_to_ensure_the_conversion_pourcent')|%|])#! \nПредел покрытия золотом: #T [Country.MakeScope.ScriptValue('money_supply')|D]/[Country.MakeScope.ScriptValue('money_value_target')|D|] [Country.GetCustom('currency_symbol')]#! (За 1 [Country.GetCustom('currency_symbol')]#! = #T [Country.MakeScope.ScriptValue('money_value_target_real')|D2]#! @gold!)\n$TOOLTIP_DELIMITER$;Текущий индекс с учётом инфляции/дефляции: #T 1 [Country.GetCustom('currency_symbol')]#! = #T [Country.MakeScope.ScriptValue('money_value_rapported_inflation')]#! @gold! ([Country.MakeScope.ScriptValue('inflation_value')|%|=-] @inflation!)\nЗначение без инфляции/дефляции: #T 1 [Country.GetCustom('currency_symbol')]#! = #T [Country.MakeScope.ScriptValue('money_value')]#! @gold! #T (= [Country.MakeScope.ScriptValue('money_value_in_gold')]#! @gold!)#!\nЗолотой стандарт установлен для: #T 1 [Country.GetCustom('currency_symbol')]#! = #T [Country.MakeScope.ScriptValue('money_value_target_real')]#! @gold!\nДоля золотых резервов центрального банка: #T [Country.MakeScope.ScriptValue('national_capacity')|D|]/[Country.MakeScope.ScriptValue('central_bank_metal_reserves_state_to_ensure_the_conversion')|D|] @gold! ([Country.MakeScope.ScriptValue('central_bank_metal_reserves_state_to_ensure_the_conversion_pourcent')|%|])#! \nПредел покрытия металлом: #T [Country.MakeScope.ScriptValue('money_supply')|D]/[Country.MakeScope.ScriptValue('money_value_target')|D|] [Country.GetCustom('currency_symbol')]#! (За 1 [Country.GetCustom('currency_symbol')]#! = #T [Country.MakeScope.ScriptValue('money_value_target_real')|D2]#! @gold!)\n$TOOLTIP_DELIMITER$;A/непереведённый блок тултипа,A/ё
01_ef_tooltips;85;MONEY_SUPPLY_DESC_gold_standard;Денежная масса:\nВсего #v Денежная масса #!: #p [Country.MakeScope.ScriptValue('total_money_supply')|D]#!#! [Country.GetCustom('currency_symbol')]\n - [Country.GetCustom('currency_name')] в собственности страны: #T [Country.MakeScope.ScriptValue('money_supply')|D]#! [Country.GetCustom('currency_symbol')]\n   > [Country.GetCustom('currency_name')] в обращении: #T [Country.MakeScope.ScriptValue('money_circulating')|D]#! [Country.GetCustom('currency_symbol')]\n    -> Сбережения населения: #T [Country.MakeScope.ScriptValue('pop_savings')|D]#! [Country.GetCustom('currency_symbol')] ([Country.MakeScope.ScriptValue('pop_savings_monthly')|D+=][Country.GetCustom('currency_symbol')] в месяц)\n    -> Средства частных банков: #T [Country.MakeScope.ScriptValue('private_bank_funds')|D]#! [Country.GetCustom('currency_symbol')] ([Country.MakeScope.ScriptValue('private_bank_funds_pourcent')|%|])\n    -> Сбережения зданий: #T [Country.MakeScope.ScriptValue('building_saving')|D]#! [Country.GetCustom('currency_symbol')]\n    -> В распоряжении правительства: #T [Country.MakeScope.ScriptValue('government_loan_fixe')|D]#! [Country.GetCustom('currency_symbol')] ([Country.MakeScope.ScriptValue('country_minting_month')|D+=][Country.GetCustom('currency_symbol')] в месяц)\n   > [Country.GetCustom('currency_name')] в резерве центрального банка: #T [Country.MakeScope.ScriptValue('money_supply_state')|D]#! [Country.GetCustom('currency_symbol')] ([Country.MakeScope.ScriptValue('money_supply_state_monthly')|D+=][Country.GetCustom('currency_symbol')] в месяц)\n - [Country.GetCustom('currency_name')] в собственности другой страны: #T [Country.MakeScope.ScriptValue('money_supply_stockpile_by_other_country')|D]#! [Country.GetCustom('currency_symbol')]\n$TOOLTIP_DELIMITER$;Денежная масса:\nВсего #v Денежная масса #!: #p [Country.MakeScope.ScriptValue('total_money_supply')|D]#!#! [Country.GetCustom('currency_symbol')]\n - [Country.GetCustom('currency_name')] в собственности страны: #T [Country.MakeScope.ScriptValue('money_supply')|D]#! [Country.GetCustom('currency_symbol')]\n   > [Country.GetCustom('currency_name')] в обращении: #T [Country.MakeScope.ScriptValue('money_circulating')|D]#! [Country.GetCustom('currency_symbol')]\n    -> Сбережения населения: #T [Country.MakeScope.ScriptValue('pop_savings')|D]#! [Country.GetCustom('currency_symbol')] ([Country.MakeScope.ScriptValue('pop_savings_monthly')|D+=][Country.GetCustom('currency_symbol')] в месяц)\n    -> Средства частных банков: #T [Country.MakeScope.ScriptValue('private_bank_funds')|D]#! [Country.GetCustom('currency_symbol')] ([Country.MakeScope.ScriptValue('private_bank_funds_pourcent')|%|])\n    -> Сбережения зданий: #T [Country.MakeScope.ScriptValue('building_saving')|D]#! [Country.GetCustom('currency_symbol')]\n    -> В распоряжении правительства: #T [Country.MakeScope.ScriptValue('government_loan_fixe')|D]#! [Country.GetCustom('currency_symbol')] ([Country.MakeScope.ScriptValue('country_minting_month')|D+=][Country.GetCustom('currency_symbol')] в месяц)\n   > [Country.GetCustom('currency_name')] в резервах центрального банка: #T [Country.MakeScope.ScriptValue('money_supply_state')|D]#! [Country.GetCustom('currency_symbol')] ([Country.MakeScope.ScriptValue('money_supply_state_monthly')|D+=][Country.GetCustom('currency_symbol')] в месяц)\n - [Country.GetCustom('currency_name')] в собственности другой страны: #T [Country.MakeScope.ScriptValue('money_supply_stockpile_by_other_country')|D]#! [Country.GetCustom('currency_symbol')]\n$TOOLTIP_DELIMITER$;A/непереведённый блок тултипа
01_ef_tooltips;99;MONEY_VALUE_INFO_MONEY_VALUE_gold_exchange_standard;Текущий индекс с учетом инфляции/дефляции: #T 1 [Country.GetCustom('currency_symbol')]#! = #T [Country.MakeScope.ScriptValue('money_value_rapported_inflation')]#! @gold! ([Country.MakeScope.ScriptValue('inflation_value')|%|=-] @inflation!)\nЗначение без инфляции/дефляции: #T 1 [Country.GetCustom('currency_symbol')]#! = #T [Country.MakeScope.ScriptValue('money_value')]#! @gold!)\nПаритет с эталонной валютой установлен: #T 1 [Country.GetCustom('currency_symbol')] = [Country.MakeScope.Var('money_value_target_with_the_reference_currency_2').GetValue|D]#! [Country.GetCustom('global_monetary_reference_texture')]  (1 [Country.GetCustom('currency_symbol')]= #T [Country.MakeScope.ScriptValue('money_value_by_reference_currency_projection')]#! @gold!)\n$TOOLTIP_DELIMITER$;Текущий индекс с учётом инфляции/дефляции: #T 1 [Country.GetCustom('currency_symbol')]#! = #T [Country.MakeScope.ScriptValue('money_value_rapported_inflation')]#! @gold! ([Country.MakeScope.ScriptValue('inflation_value')|%|=-] @inflation!)\nЗначение без инфляции/дефляции: #T 1 [Country.GetCustom('currency_symbol')]#! = #T [Country.MakeScope.ScriptValue('money_value')]#! @gold!)\nПаритет с эталонной валютой установлен: #T 1 [Country.GetCustom('currency_symbol')] = [Country.MakeScope.Var('money_value_target_with_the_reference_currency_2').GetValue|D]#! [Country.GetCustom('global_monetary_reference_texture')]  (1 [Country.GetCustom('currency_symbol')]= #T [Country.MakeScope.ScriptValue('money_value_by_reference_currency_projection')]#! @gold!)\n$TOOLTIP_DELIMITER$;A/ё
01_ef_tooltips;102;MONEY_SUPPLY_DESC_MONEY_VALUE_gold_exchange_standard;Денежная масса:\nВсего #v Денежная масса #!: #p [Country.MakeScope.ScriptValue('total_money_supply')|D]#!#! [Country.GetCustom('currency_symbol')]\n - [Country.GetCustom('currency_name')] в собственности страны: #T [Country.MakeScope.ScriptValue('money_supply')|D]#! [Country.GetCustom('currency_symbol')]\n   > [Country.GetCustom('currency_name')] в обращении: #T [Country.MakeScope.ScriptValue('money_circulating')|D]#! [Country.GetCustom('currency_symbol')]\n    -> Сбережения населения: #T [Country.MakeScope.ScriptValue('pop_savings')|D]#! [Country.GetCustom('currency_symbol')] ([Country.MakeScope.ScriptValue('pop_savings_monthly')|D+=][Country.GetCustom('currency_symbol')] в месяц)\n    -> Средства частных банков: #T [Country.MakeScope.ScriptValue('private_bank_funds')|D]#! [Country.GetCustom('currency_symbol')] ([Country.MakeScope.ScriptValue('private_bank_funds_pourcent')|%|])\n    -> Сбережения зданий: #T [Country.MakeScope.ScriptValue('building_saving')|D]#! [Country.GetCustom('currency_symbol')]\n    -> В распоряжении правительства: #T [Country.MakeScope.ScriptValue('government_loan_fixe')|D]#! [Country.GetCustom('currency_symbol')] ([Country.MakeScope.ScriptValue('country_minting_month')|D+=][Country.GetCustom('currency_symbol')] в месяц)\n   > [Country.GetCustom('currency_name')] в резерве центрального банка: #T [Country.MakeScope.ScriptValue('money_supply_state')|D]#! [Country.GetCustom('currency_symbol')]  ([Country.MakeScope.ScriptValue('money_supply_state_monthly')|D+=][Country.GetCustom('currency_symbol')] в месяц)\n - [Country.GetCustom('currency_name')] в собственности другой страны: #T [Country.MakeScope.ScriptValue('money_supply_stockpile_by_other_country')|D]#! [Country.GetCustom('currency_symbol')]\n$TOOLTIP_DELIMITER$;Денежная масса:\nВсего #v Денежная масса #!: #p [Country.MakeScope.ScriptValue('total_money_supply')|D]#!#! [Country.GetCustom('currency_symbol')]\n - [Country.GetCustom('currency_name')] в собственности страны: #T [Country.MakeScope.ScriptValue('money_supply')|D]#! [Country.GetCustom('currency_symbol')]\n   > [Country.GetCustom('currency_name')] в обращении: #T [Country.MakeScope.ScriptValue('money_circulating')|D]#! [Country.GetCustom('currency_symbol')]\n    -> Сбережения населения: #T [Country.MakeScope.ScriptValue('pop_savings')|D]#! [Country.GetCustom('currency_symbol')] ([Country.MakeScope.ScriptValue('pop_savings_monthly')|D+=][Country.GetCustom('currency_symbol')] в месяц)\n    -> Средства частных банков: #T [Country.MakeScope.ScriptValue('private_bank_funds')|D]#! [Country.GetCustom('currency_symbol')] ([Country.MakeScope.ScriptValue('private_bank_funds_pourcent')|%|])\n    -> Сбережения зданий: #T [Country.MakeScope.ScriptValue('building_saving')|D]#! [Country.GetCustom('currency_symbol')]\n    -> В распоряжении правительства: #T [Country.MakeScope.ScriptValue('government_loan_fixe')|D]#! [Country.GetCustom('currency_symbol')] ([Country.MakeScope.ScriptValue('country_minting_month')|D+=][Country.GetCustom('currency_symbol')] в месяц)\n   > [Country.GetCustom('currency_name')] в резервах центрального банка: #T [Country.MakeScope.ScriptValue('money_supply_state')|D]#! [Country.GetCustom('currency_symbol')]  ([Country.MakeScope.ScriptValue('money_supply_state_monthly')|D+=][Country.GetCustom('currency_symbol')] в месяц)\n - [Country.GetCustom('currency_name')] в собственности другой страны: #T [Country.MakeScope.ScriptValue('money_supply_stockpile_by_other_country')|D]#! [Country.GetCustom('currency_symbol')]\n$TOOLTIP_DELIMITER$;A/непереведённый блок тултипа
01_ef_tooltips;115;MONEY_VALUE_INFO_MONEY_VALUE_subject;Текущий индекс с учетом инфляции/дефляции: #T 1 [Country.GetCustom('currency_symbol')]#! = #T [Country.MakeScope.ScriptValue('money_value_rapported_inflation')]#! [Country.GetCustom('monetary_system')] ([Country.MakeScope.ScriptValue('inflation_value')|%|=-] @inflation!)\nЗначение без инфляции/дефляции：#T 1 [Country.GetCustom('currency_symbol')]#! = #T [Country.MakeScope.ScriptValue('money_value')]#! [Country.GetCustom('monetary_system')] #T (= [Country.MakeScope.ScriptValue('money_value_in_gold')]#! @gold!)#!\nСтоимость денег относительно сюзерена：#T 1 [Country.GetCustom('currency_symbol')]#! = #T [Country.MakeScope.ScriptValue('money_value_raported_to_overrlord')]#! [Country.GetCustom('overlord_currency_symbol')]\nЗолотой стандарт установлен для：#T 1 [Country.GetCustom('currency_symbol')]#! = #T [Country.MakeScope.ScriptValue('money_value_target_real')]#! [Country.GetCustom('monetary_system')]\n$TOOLTIP_DELIMITER$;Текущий индекс с учётом инфляции/дефляции: #T 1 [Country.GetCustom('currency_symbol')]#! = #T [Country.MakeScope.ScriptValue('money_value_rapported_inflation')]#! [Country.GetCustom('monetary_system')] ([Country.MakeScope.ScriptValue('inflation_value')|%|=-] @inflation!)\nЗначение без инфляции/дефляции: #T 1 [Country.GetCustom('currency_symbol')]#! = #T [Country.MakeScope.ScriptValue('money_value')]#! [Country.GetCustom('monetary_system')] #T (= [Country.MakeScope.ScriptValue('money_value_in_gold')]#! @gold!)#!\nСтоимость денег относительно сюзерена: #T 1 [Country.GetCustom('currency_symbol')]#! = #T [Country.MakeScope.ScriptValue('money_value_raported_to_overrlord')]#! [Country.GetCustom('overlord_currency_symbol')]\nЗолотой стандарт установлен для: #T 1 [Country.GetCustom('currency_symbol')]#! = #T [Country.MakeScope.ScriptValue('money_value_target_real')]#! [Country.GetCustom('monetary_system')]\n$TOOLTIP_DELIMITER$;A/иероглифическое двоеточие,A/ё
01_ef_tooltips;134;MONEY_VALUE_INFO_fiat_Player;Текущий индекс с учетом инфляции/дефляции: #T 1 [GetPlayer.GetCustom('currency_symbol')]#! = #T [GetPlayer.MakeScope.ScriptValue('money_value_rapported_inflation')]#! ([GetPlayer.MakeScope.ScriptValue('inflation_value')|%|=-] @inflation!)\nЗначение без инфляции/дефляции：#T 1 [GetPlayer.GetCustom('currency_symbol')]#! = #T [GetPlayer.MakeScope.ScriptValue('money_value')]#! #T (= [GetPlayer.MakeScope.ScriptValue('money_value_in_gold')]#! @gold!)#!\n$TOOLTIP_DELIMITER$;Текущий индекс с учётом инфляции/дефляции: #T 1 [GetPlayer.GetCustom('currency_symbol')]#! = #T [GetPlayer.MakeScope.ScriptValue('money_value_rapported_inflation')]#! ([GetPlayer.MakeScope.ScriptValue('inflation_value')|%|=-] @inflation!)\nЗначение без инфляции/дефляции: #T 1 [GetPlayer.GetCustom('currency_symbol')]#! = #T [GetPlayer.MakeScope.ScriptValue('money_value')]#! #T (= [GetPlayer.MakeScope.ScriptValue('money_value_in_gold')]#! @gold!)#!\n$TOOLTIP_DELIMITER$;A/иероглифическое двоеточие,A/ё
01_ef_tooltips;137;MONEY_SUPPLY_DESC_fiat_Player;Денежная масса:\nВсего #v Денежная масса #!: #p [GetPlayer.MakeScope.ScriptValue('total_money_supply')|D]#!#! [GetPlayer.GetCustom('currency_symbol')]\n - [GetPlayer.GetCustom('currency_name')] в собственности игрока: #T [GetPlayer.MakeScope.ScriptValue('money_supply')|D]#! [GetPlayer.GetCustom('currency_symbol')]\n   > [GetPlayer.GetCustom('currency_name')] в обращении: #T [GetPlayer.MakeScope.ScriptValue('money_circulating')|D]#! [GetPlayer.GetCustom('currency_symbol')]\n    -> Сбережения населения: #T [GetPlayer.MakeScope.ScriptValue('pop_savings')|D]#! [GetPlayer.GetCustom('currency_symbol')] ([GetPlayer.MakeScope.ScriptValue('pop_savings_monthly')|D+=][GetPlayer.GetCustom('currency_symbol')] в месяц)\n    -> Средства частных банков: #T [GetPlayer.MakeScope.ScriptValue('private_bank_funds')|D]#! [GetPlayer.GetCustom('currency_symbol')] ([GetPlayer.MakeScope.ScriptValue('private_bank_funds_pourcent')|%|])\n    -> Сбережения зданий: #T [GetPlayer.MakeScope.ScriptValue('building_saving')|D]#! [GetPlayer.GetCustom('currency_symbol')]\n    -> В распоряжении правительства: #T [GetPlayer.MakeScope.ScriptValue('government_loan_fixe')|D]#! [GetPlayer.GetCustom('currency_symbol')] ([GetPlayer.MakeScope.ScriptValue('country_minting_month')|D+=][GetPlayer.GetCustom('currency_symbol')] в месяц)\n   > [GetPlayer.GetCustom('currency_name')] в резервах центрального банка: #T [GetPlayer.MakeScope.ScriptValue('money_supply_state')|D]#! [GetPlayer.GetCustom('currency_symbol')] ([GetPlayer.MakeScope.ScriptValue('money_supply_state_monthly')|D+=][GetPlayer.GetCustom('currency_symbol')] в месяц)\n - [GetPlayer.GetCustom('currency_name')] в собственности другой страны : #T [GetPlayer.MakeScope.ScriptValue('money_supply_stockpile_by_other_country')|D]#! [GetPlayer.GetCustom('currency_symbol')]\n$TOOLTIP_DELIMITER$;Денежная масса:\nВсего #v Денежная масса #!: #p [GetPlayer.MakeScope.ScriptValue('total_money_supply')|D]#!#! [GetPlayer.GetCustom('currency_symbol')]\n - [GetPlayer.GetCustom('currency_name')] в собственности страны: #T [GetPlayer.MakeScope.ScriptValue('money_supply')|D]#! [GetPlayer.GetCustom('currency_symbol')]\n   > [GetPlayer.GetCustom('currency_name')] в обращении: #T [GetPlayer.MakeScope.ScriptValue('money_circulating')|D]#! [GetPlayer.GetCustom('currency_symbol')]\n    -> Сбережения населения: #T [GetPlayer.MakeScope.ScriptValue('pop_savings')|D]#! [GetPlayer.GetCustom('currency_symbol')] ([GetPlayer.MakeScope.ScriptValue('pop_savings_monthly')|D+=][GetPlayer.GetCustom('currency_symbol')] в месяц)\n    -> Средства частных банков: #T [GetPlayer.MakeScope.ScriptValue('private_bank_funds')|D]#! [GetPlayer.GetCustom('currency_symbol')] ([GetPlayer.MakeScope.ScriptValue('private_bank_funds_pourcent')|%|])\n    -> Сбережения зданий: #T [GetPlayer.MakeScope.ScriptValue('building_saving')|D]#! [GetPlayer.GetCustom('currency_symbol')]\n    -> В распоряжении правительства: #T [GetPlayer.MakeScope.ScriptValue('government_loan_fixe')|D]#! [GetPlayer.GetCustom('currency_symbol')] ([GetPlayer.MakeScope.ScriptValue('country_minting_month')|D+=][GetPlayer.GetCustom('currency_symbol')] в месяц)\n   > [GetPlayer.GetCustom('currency_name')] в резервах центрального банка: #T [GetPlayer.MakeScope.ScriptValue('money_supply_state')|D]#! [GetPlayer.GetCustom('currency_symbol')] ([GetPlayer.MakeScope.ScriptValue('money_supply_state_monthly')|D+=][GetPlayer.GetCustom('currency_symbol')] в месяц)\n - [GetPlayer.GetCustom('currency_name')] в собственности другой страны : #T [GetPlayer.MakeScope.ScriptValue('money_supply_stockpile_by_other_country')|D]#! [GetPlayer.GetCustom('currency_symbol')]\n$TOOLTIP_DELIMITER$;A/непереведённый блок тултипа
01_ef_tooltips;150;MONEY_VALUE_INFO_silver_Player;Текущий индекс с учетом инфляции/дефляции: #T 1 [GetPlayer.GetCustom('currency_symbol')]#! = #T [GetPlayer.MakeScope.ScriptValue('money_value_rapported_inflation')]#! @silver! ([GetPlayer.MakeScope.ScriptValue('inflation_value')|%|=-] @inflation!)\nЗначение без инфляции/дефляции：#T 1 [GetPlayer.GetCustom('currency_symbol')]#! = #T [GetPlayer.MakeScope.ScriptValue('money_value')]#! @silver! #T (= [GetPlayer.MakeScope.ScriptValue('money_value_in_gold')]#! @gold!)#!\nсеребряный стандарт установлен для：#T 1 [GetPlayer.GetCustom('currency_symbol')]#! = #T [GetPlayer.MakeScope.ScriptValue('money_value_target_real')]#! @silver!\nДоля серебряных резервов центрального банка : #T [GetPlayer.MakeScope.ScriptValue('national_capacity')|D|]/[GetPlayer.MakeScope.ScriptValue('central_bank_metal_reserves_state_to_ensure_the_conversion')|D|] @silver! ([GetPlayer.MakeScope.ScriptValue('central_bank_metal_reserves_state_to_ensure_the_conversion_pourcent')|%|])#! \nБиметаллический лимит покрытия : #T [GetPlayer.MakeScope.ScriptValue('money_supply')|D]/[GetPlayer.MakeScope.ScriptValue('money_value_target')|D|] [GetPlayer.GetCustom('currency_symbol')]#! (Для 1 [GetPlayer.GetCustom('currency_symbol')]#! = #T [GetPlayer.MakeScope.ScriptValue('money_value_target_real')|D2]#! @silver!)\n$TOOLTIP_DELIMITER$;Текущий индекс с учётом инфляции/дефляции: #T 1 [GetPlayer.GetCustom('currency_symbol')]#! = #T [GetPlayer.MakeScope.ScriptValue('money_value_rapported_inflation')]#! @silver! ([GetPlayer.MakeScope.ScriptValue('inflation_value')|%|=-] @inflation!)\nЗначение без инфляции/дефляции: #T 1 [GetPlayer.GetCustom('currency_symbol')]#! = #T [GetPlayer.MakeScope.ScriptValue('money_value')]#! @silver! #T (= [GetPlayer.MakeScope.ScriptValue('money_value_in_gold')]#! @gold!)#!\nСеребряный стандарт установлен для: #T 1 [GetPlayer.GetCustom('currency_symbol')]#! = #T [GetPlayer.MakeScope.ScriptValue('money_value_target_real')]#! @silver!\nДоля серебряных резервов центрального банка: #T [GetPlayer.MakeScope.ScriptValue('national_capacity')|D|]/[GetPlayer.MakeScope.ScriptValue('central_bank_metal_reserves_state_to_ensure_the_conversion')|D|] @silver! ([GetPlayer.MakeScope.ScriptValue('central_bank_metal_reserves_state_to_ensure_the_conversion_pourcent')|%|])#! \nПредел покрытия металлом: #T [GetPlayer.MakeScope.ScriptValue('money_supply')|D]/[GetPlayer.MakeScope.ScriptValue('money_value_target')|D|] [GetPlayer.GetCustom('currency_symbol')]#! (Для 1 [GetPlayer.GetCustom('currency_symbol')]#! = #T [GetPlayer.MakeScope.ScriptValue('money_value_target_real')|D2]#! @silver!)\n$TOOLTIP_DELIMITER$;A/иероглифическое двоеточие,A/непереведённый блок тултипа,A/ё
01_ef_tooltips;153;MONEY_SUPPLY_DESC_silver_Player;Денежная масса:\nВсего #v Денежная масса #!: #p [GetPlayer.MakeScope.ScriptValue('total_money_supply')|D]#!#! [GetPlayer.GetCustom('currency_symbol')]\n - [GetPlayer.GetCustom('currency_name')] в собственности игрока: #T [GetPlayer.MakeScope.ScriptValue('money_supply')|D]#! [GetPlayer.GetCustom('currency_symbol')]\n   > [GetPlayer.GetCustom('currency_name')] в обращении: #T [GetPlayer.MakeScope.ScriptValue('money_circulating')|D]#! [GetPlayer.GetCustom('currency_symbol')]\n    -> Сбережения населения: #T [GetPlayer.MakeScope.ScriptValue('pop_savings')|D]#! [GetPlayer.GetCustom('currency_symbol')] ([GetPlayer.MakeScope.ScriptValue('pop_savings_monthly')|D+=][GetPlayer.GetCustom('currency_symbol')] в месяц)\n    -> Средства частных банков: #T [GetPlayer.MakeScope.ScriptValue('private_bank_funds')|D]#! [GetPlayer.GetCustom('currency_symbol')] ([GetPlayer.MakeScope.ScriptValue('private_bank_funds_pourcent')|%|])\n    -> Сбережения зданий: #T [GetPlayer.MakeScope.ScriptValue('building_saving')|D]#! [GetPlayer.GetCustom('currency_symbol')]\n    -> В распоряжении правительства: #T [GetPlayer.MakeScope.ScriptValue('government_loan_fixe')|D]#! [GetPlayer.GetCustom('currency_symbol')] ([GetPlayer.MakeScope.ScriptValue('country_minting_month')|D+=][GetPlayer.GetCustom('currency_symbol')] в месяц)\n   > [GetPlayer.GetCustom('currency_name')] в резервах центрального банка: #T [GetPlayer.MakeScope.ScriptValue('money_supply_state')|D]#! [GetPlayer.GetCustom('currency_symbol')] ([GetPlayer.MakeScope.ScriptValue('money_supply_state_monthly')|D+=][GetPlayer.GetCustom('currency_symbol')] в месяц)\n - [GetPlayer.GetCustom('currency_name')] в собственности другой страны : #T [GetPlayer.MakeScope.ScriptValue('money_supply_stockpile_by_other_country')|D]#! [GetPlayer.GetCustom('currency_symbol')]\n$TOOLTIP_DELIMITER$;Денежная масса:\nВсего #v Денежная масса #!: #p [GetPlayer.MakeScope.ScriptValue('total_money_supply')|D]#!#! [GetPlayer.GetCustom('currency_symbol')]\n - [GetPlayer.GetCustom('currency_name')] в собственности страны: #T [GetPlayer.MakeScope.ScriptValue('money_supply')|D]#! [GetPlayer.GetCustom('currency_symbol')]\n   > [GetPlayer.GetCustom('currency_name')] в обращении: #T [GetPlayer.MakeScope.ScriptValue('money_circulating')|D]#! [GetPlayer.GetCustom('currency_symbol')]\n    -> Сбережения населения: #T [GetPlayer.MakeScope.ScriptValue('pop_savings')|D]#! [GetPlayer.GetCustom('currency_symbol')] ([GetPlayer.MakeScope.ScriptValue('pop_savings_monthly')|D+=][GetPlayer.GetCustom('currency_symbol')] в месяц)\n    -> Средства частных банков: #T [GetPlayer.MakeScope.ScriptValue('private_bank_funds')|D]#! [GetPlayer.GetCustom('currency_symbol')] ([GetPlayer.MakeScope.ScriptValue('private_bank_funds_pourcent')|%|])\n    -> Сбережения зданий: #T [GetPlayer.MakeScope.ScriptValue('building_saving')|D]#! [GetPlayer.GetCustom('currency_symbol')]\n    -> В распоряжении правительства: #T [GetPlayer.MakeScope.ScriptValue('government_loan_fixe')|D]#! [GetPlayer.GetCustom('currency_symbol')] ([GetPlayer.MakeScope.ScriptValue('country_minting_month')|D+=][GetPlayer.GetCustom('currency_symbol')] в месяц)\n   > [GetPlayer.GetCustom('currency_name')] в резервах центрального банка: #T [GetPlayer.MakeScope.ScriptValue('money_supply_state')|D]#! [GetPlayer.GetCustom('currency_symbol')] ([GetPlayer.MakeScope.ScriptValue('money_supply_state_monthly')|D+=][GetPlayer.GetCustom('currency_symbol')] в месяц)\n - [GetPlayer.GetCustom('currency_name')] в собственности другой страны : #T [GetPlayer.MakeScope.ScriptValue('money_supply_stockpile_by_other_country')|D]#! [GetPlayer.GetCustom('currency_symbol')]\n$TOOLTIP_DELIMITER$;A/непереведённый блок тултипа
01_ef_tooltips;163;MONEY_VALUE_bimetallism_Player;#T Стоимость денег#! - Биметаллизм @bimetallism!\n$MONEY_VALUE_INFO_bimetallism_Player$\n$MONEY_SUPPLY_DESC_bimetallism_Player$\n$NATIONAL_CAPACITY_DESC_bimetallism_Player$\n$GLOBAL_METALIC_PRICE_bimetallism_Player$\n$AVERAGE_MONEY_VALUE_DESC_MONEY_VALUE_Player$\n$MONEY_VALUE_HIST_Player$\n;#T Стоимость денег#! - Биметаллический стандарт @bimetallism!\n$MONEY_VALUE_INFO_bimetallism_Player$\n$MONEY_SUPPLY_DESC_bimetallism_Player$\n$NATIONAL_CAPACITY_DESC_bimetallism_Player$\n$GLOBAL_METALIC_PRICE_bimetallism_Player$\n$AVERAGE_MONEY_VALUE_DESC_MONEY_VALUE_Player$\n$MONEY_VALUE_HIST_Player$\n;C/биметаллизм
01_ef_tooltips;165;MONEY_VALUE_INFO_bimetallism_Player;Текущий индекс с учетом инфляции/дефляции: #T 1 [GetPlayer.GetCustom('currency_symbol')]#! = #T [GetPlayer.MakeScope.ScriptValue('money_value_rapported_inflation')]#! @bimetallism! ([GetPlayer.MakeScope.ScriptValue('inflation_value')|%|=-] @inflation!)\nValue without Inflation/Deflation：#T 1 [GetPlayer.GetCustom('currency_symbol')]#! = #T [GetPlayer.MakeScope.ScriptValue('money_value')]#! @bimetallism! #T (= [GetPlayer.MakeScope.ScriptValue('money_value_in_gold')]#! @gold!)#!\nbimetallism standard is set for：#T 1 [GetPlayer.GetCustom('currency_symbol')]#! = #T [GetPlayer.MakeScope.ScriptValue('money_value_target_real')]#! @bimetallism!\nCentral Bank bimetallism Reserve Ratio : #T [GetPlayer.MakeScope.ScriptValue('national_capacity')|D|]/[GetPlayer.MakeScope.ScriptValue('central_bank_metal_reserves_state_to_ensure_the_conversion')|D|] @bimetallism! ([GetPlayer.MakeScope.ScriptValue('central_bank_metal_reserves_state_to_ensure_the_conversion_pourcent')|%|])#! \nBimetallic Coverage Ratio limit : #T [GetPlayer.MakeScope.ScriptValue('money_supply')|D]/[GetPlayer.MakeScope.ScriptValue('money_value_target')|D|] [GetPlayer.GetCustom('currency_symbol')]#! (For 1 [GetPlayer.GetCustom('currency_symbol')]#! = #T [GetPlayer.MakeScope.ScriptValue('money_value_target_real')|D2]#! @bimetallism!)\n$TOOLTIP_DELIMITER$;Текущий индекс с учётом инфляции/дефляции: #T 1 [GetPlayer.GetCustom('currency_symbol')]#! = #T [GetPlayer.MakeScope.ScriptValue('money_value_rapported_inflation')]#! @bimetallism! ([GetPlayer.MakeScope.ScriptValue('inflation_value')|%|=-] @inflation!)\nЗначение без инфляции/дефляции: #T 1 [GetPlayer.GetCustom('currency_symbol')]#! = #T [GetPlayer.MakeScope.ScriptValue('money_value')]#! @bimetallism! #T (= [GetPlayer.MakeScope.ScriptValue('money_value_in_gold')]#! @gold!)#!\nБиметаллический стандарт установлен для: #T 1 [GetPlayer.GetCustom('currency_symbol')]#! = #T [GetPlayer.MakeScope.ScriptValue('money_value_target_real')]#! @bimetallism!\nДоля резервов центрального банка по биметаллизму: #T [GetPlayer.MakeScope.ScriptValue('national_capacity')|D|]/[GetPlayer.MakeScope.ScriptValue('central_bank_metal_reserves_state_to_ensure_the_conversion')|D|] @bimetallism! ([GetPlayer.MakeScope.ScriptValue('central_bank_metal_reserves_state_to_ensure_the_conversion_pourcent')|%|])#! \nПредел покрытия металлом: #T [GetPlayer.MakeScope.ScriptValue('money_supply')|D]/[GetPlayer.MakeScope.ScriptValue('money_value_target')|D|] [GetPlayer.GetCustom('currency_symbol')]#! (За 1 [GetPlayer.GetCustom('currency_symbol')]#! = #T [GetPlayer.MakeScope.ScriptValue('money_value_target_real')|D2]#! @bimetallism!)\n$TOOLTIP_DELIMITER$;A/иероглифическое двоеточие,A/непереведённый блок тултипа,A/ё
01_ef_tooltips;168;MONEY_SUPPLY_DESC_bimetallism_Player;Денежная масса:\nВсего #v Денежная масса #!: #p [GetPlayer.MakeScope.ScriptValue('total_money_supply')|D]#!#! [GetPlayer.GetCustom('currency_symbol')]\n - [GetPlayer.GetCustom('currency_name')] owned in the GetPlayer: #T [GetPlayer.MakeScope.ScriptValue('money_supply')|D]#! [GetPlayer.GetCustom('currency_symbol')]\n   > [GetPlayer.GetCustom('currency_name')] in circulation: #T [GetPlayer.MakeScope.ScriptValue('money_circulating')|D]#! [GetPlayer.GetCustom('currency_symbol')]\n    -> Pop Savings: #T [GetPlayer.MakeScope.ScriptValue('pop_savings')|D]#! [GetPlayer.GetCustom('currency_symbol')] ([GetPlayer.MakeScope.ScriptValue('pop_savings_monthly')|D+=][GetPlayer.GetCustom('currency_symbol')] per month)\n    -> Private Bank Funds: #T [GetPlayer.MakeScope.ScriptValue('private_bank_funds')|D]#! [GetPlayer.GetCustom('currency_symbol')] ([GetPlayer.MakeScope.ScriptValue('private_bank_funds_pourcent')|%|])\n    -> Building Saving: #T [GetPlayer.MakeScope.ScriptValue('building_saving')|D]#! [GetPlayer.GetCustom('currency_symbol')]\n    -> Held by the Government: #T [GetPlayer.MakeScope.ScriptValue('government_loan_fixe')|D]#! [GetPlayer.GetCustom('currency_symbol')] ([GetPlayer.MakeScope.ScriptValue('country_minting_month')|D+=][GetPlayer.GetCustom('currency_symbol')] per month)\n   > [GetPlayer.GetCustom('currency_name')] in central bank reserve: #T [GetPlayer.MakeScope.ScriptValue('money_supply_state')|D]#! [GetPlayer.GetCustom('currency_symbol')] ([GetPlayer.MakeScope.ScriptValue('money_supply_state_monthly')|D+=][GetPlayer.GetCustom('currency_symbol')] per month)\n - [GetPlayer.GetCustom('currency_name')] в собственности другой страны : #T [GetPlayer.MakeScope.ScriptValue('money_supply_stockpile_by_other_country')|D]#! [GetPlayer.GetCustom('currency_symbol')]\n$TOOLTIP_DELIMITER$;Денежная масса:\nВсего #v Денежная масса #!: #p [GetPlayer.MakeScope.ScriptValue('total_money_supply')|D]#!#! [GetPlayer.GetCustom('currency_symbol')]\n - [GetPlayer.GetCustom('currency_name')] в собственности страны: #T [GetPlayer.MakeScope.ScriptValue('money_supply')|D]#! [GetPlayer.GetCustom('currency_symbol')]\n   > [GetPlayer.GetCustom('currency_name')] в обращении: #T [GetPlayer.MakeScope.ScriptValue('money_circulating')|D]#! [GetPlayer.GetCustom('currency_symbol')]\n    -> Сбережения населения: #T [GetPlayer.MakeScope.ScriptValue('pop_savings')|D]#! [GetPlayer.GetCustom('currency_symbol')] ([GetPlayer.MakeScope.ScriptValue('pop_savings_monthly')|D+=][GetPlayer.GetCustom('currency_symbol')] в месяц)\n    -> Средства частных банков: #T [GetPlayer.MakeScope.ScriptValue('private_bank_funds')|D]#! [GetPlayer.GetCustom('currency_symbol')] ([GetPlayer.MakeScope.ScriptValue('private_bank_funds_pourcent')|%|])\n    -> Сбережения зданий: #T [GetPlayer.MakeScope.ScriptValue('building_saving')|D]#! [GetPlayer.GetCustom('currency_symbol')]\n    -> В распоряжении правительства: #T [GetPlayer.MakeScope.ScriptValue('government_loan_fixe')|D]#! [GetPlayer.GetCustom('currency_symbol')] ([GetPlayer.MakeScope.ScriptValue('country_minting_month')|D+=][GetPlayer.GetCustom('currency_symbol')] в месяц)\n   > [GetPlayer.GetCustom('currency_name')] в резервах центрального банка: #T [GetPlayer.MakeScope.ScriptValue('money_supply_state')|D]#! [GetPlayer.GetCustom('currency_symbol')] ([GetPlayer.MakeScope.ScriptValue('money_supply_state_monthly')|D+=][GetPlayer.GetCustom('currency_symbol')] в месяц)\n - [GetPlayer.GetCustom('currency_name')] в собственности другой страны : #T [GetPlayer.MakeScope.ScriptValue('money_supply_stockpile_by_other_country')|D]#! [GetPlayer.GetCustom('currency_symbol')]\n$TOOLTIP_DELIMITER$;A/непереведённый блок тултипа
01_ef_tooltips;185;MONEY_VALUE_INFO_gold_Player;Текущий индекс с учетом инфляции/дефляции: #T 1 [GetPlayer.GetCustom('currency_symbol')]#! = #T [GetPlayer.MakeScope.ScriptValue('money_value_rapported_inflation')]#! @gold! ([GetPlayer.MakeScope.ScriptValue('inflation_value')|%|=-] @inflation!)\nValue without Inflation/Deflation：#T 1 [GetPlayer.GetCustom('currency_symbol')]#! = #T [GetPlayer.MakeScope.ScriptValue('money_value')]#! @gold! #T (= [GetPlayer.MakeScope.ScriptValue('money_value_in_gold')]#! @gold!)#!\ngold standard is set for：#T 1 [GetPlayer.GetCustom('currency_symbol')]#! = #T [GetPlayer.MakeScope.ScriptValue('money_value_target_real')]#! @gold!\nCentral Bank gold Reserve Ratio : #T [GetPlayer.MakeScope.ScriptValue('national_capacity')|D|]/[GetPlayer.MakeScope.ScriptValue('central_bank_metal_reserves_state_to_ensure_the_conversion')|D|] @gold! ([GetPlayer.MakeScope.ScriptValue('central_bank_metal_reserves_state_to_ensure_the_conversion_pourcent')|%|])#! \nBimetallic Coverage Ratio limit : #T [GetPlayer.MakeScope.ScriptValue('money_supply')|D]/[GetPlayer.MakeScope.ScriptValue('money_value_target')|D|] [GetPlayer.GetCustom('currency_symbol')]#! (For 1 [GetPlayer.GetCustom('currency_symbol')]#! = #T [GetPlayer.MakeScope.ScriptValue('money_value_target_real')|D2]#! @gold!)\n$TOOLTIP_DELIMITER$;Текущий индекс с учётом инфляции/дефляции: #T 1 [GetPlayer.GetCustom('currency_symbol')]#! = #T [GetPlayer.MakeScope.ScriptValue('money_value_rapported_inflation')]#! @gold! ([GetPlayer.MakeScope.ScriptValue('inflation_value')|%|=-] @inflation!)\nЗначение без инфляции/дефляции: #T 1 [GetPlayer.GetCustom('currency_symbol')]#! = #T [GetPlayer.MakeScope.ScriptValue('money_value')]#! @gold! #T (= [GetPlayer.MakeScope.ScriptValue('money_value_in_gold')]#! @gold!)#!\nЗолотой стандарт установлен для: #T 1 [GetPlayer.GetCustom('currency_symbol')]#! = #T [GetPlayer.MakeScope.ScriptValue('money_value_target_real')]#! @gold!\nДоля золотых резервов центрального банка: #T [GetPlayer.MakeScope.ScriptValue('national_capacity')|D|]/[GetPlayer.MakeScope.ScriptValue('central_bank_metal_reserves_state_to_ensure_the_conversion')|D|] @gold! ([GetPlayer.MakeScope.ScriptValue('central_bank_metal_reserves_state_to_ensure_the_conversion_pourcent')|%|])#! \nПредел покрытия металлом: #T [GetPlayer.MakeScope.ScriptValue('money_supply')|D]/[GetPlayer.MakeScope.ScriptValue('money_value_target')|D|] [GetPlayer.GetCustom('currency_symbol')]#! (За 1 [GetPlayer.GetCustom('currency_symbol')]#! = #T [GetPlayer.MakeScope.ScriptValue('money_value_target_real')|D2]#! @gold!)\n$TOOLTIP_DELIMITER$;A/иероглифическое двоеточие,A/непереведённый блок тултипа,A/ё
01_ef_tooltips;188;MONEY_SUPPLY_DESC_gold_Player;Денежная масса:\nВсего #v Денежная масса #!: #p [GetPlayer.MakeScope.ScriptValue('total_money_supply')|D]#!#! [GetPlayer.GetCustom('currency_symbol')]\n - [GetPlayer.GetCustom('currency_name')] owned in the GetPlayer: #T [GetPlayer.MakeScope.ScriptValue('money_supply')|D]#! [GetPlayer.GetCustom('currency_symbol')]\n   > [GetPlayer.GetCustom('currency_name')] in circulation: #T [GetPlayer.MakeScope.ScriptValue('money_circulating')|D]#! [GetPlayer.GetCustom('currency_symbol')]\n    -> Pop Savings: #T [GetPlayer.MakeScope.ScriptValue('pop_savings')|D]#! [GetPlayer.GetCustom('currency_symbol')] ([GetPlayer.MakeScope.ScriptValue('pop_savings_monthly')|D+=][GetPlayer.GetCustom('currency_symbol')] per month)\n    -> Private Bank Funds: #T [GetPlayer.MakeScope.ScriptValue('private_bank_funds')|D]#! [GetPlayer.GetCustom('currency_symbol')] ([GetPlayer.MakeScope.ScriptValue('private_bank_funds_pourcent')|%|])\n    -> Building Saving: #T [GetPlayer.MakeScope.ScriptValue('building_saving')|D]#! [GetPlayer.GetCustom('currency_symbol')]\n    -> Held by the Government: #T [GetPlayer.MakeScope.ScriptValue('government_loan_fixe')|D]#! [GetPlayer.GetCustom('currency_symbol')] ([GetPlayer.MakeScope.ScriptValue('country_minting_month')|D+=][GetPlayer.GetCustom('currency_symbol')] per month)\n   > [GetPlayer.GetCustom('currency_name')] in central bank reserve: #T [GetPlayer.MakeScope.ScriptValue('money_supply_state')|D]#! [GetPlayer.GetCustom('currency_symbol')] ([GetPlayer.MakeScope.ScriptValue('money_supply_state_monthly')|D+=][GetPlayer.GetCustom('currency_symbol')] per month)\n - [GetPlayer.GetCustom('currency_name')] в собственности другой страны : #T [GetPlayer.MakeScope.ScriptValue('money_supply_stockpile_by_other_country')|D]#! [GetPlayer.GetCustom('currency_symbol')]\n$TOOLTIP_DELIMITER$;Денежная масса:\nВсего #v Денежная масса #!: #p [GetPlayer.MakeScope.ScriptValue('total_money_supply')|D]#!#! [GetPlayer.GetCustom('currency_symbol')]\n - [GetPlayer.GetCustom('currency_name')] в собственности страны: #T [GetPlayer.MakeScope.ScriptValue('money_supply')|D]#! [GetPlayer.GetCustom('currency_symbol')]\n   > [GetPlayer.GetCustom('currency_name')] в обращении: #T [GetPlayer.MakeScope.ScriptValue('money_circulating')|D]#! [GetPlayer.GetCustom('currency_symbol')]\n    -> Сбережения населения: #T [GetPlayer.MakeScope.ScriptValue('pop_savings')|D]#! [GetPlayer.GetCustom('currency_symbol')] ([GetPlayer.MakeScope.ScriptValue('pop_savings_monthly')|D+=][GetPlayer.GetCustom('currency_symbol')] в месяц)\n    -> Средства частных банков: #T [GetPlayer.MakeScope.ScriptValue('private_bank_funds')|D]#! [GetPlayer.GetCustom('currency_symbol')] ([GetPlayer.MakeScope.ScriptValue('private_bank_funds_pourcent')|%|])\n    -> Сбережения зданий: #T [GetPlayer.MakeScope.ScriptValue('building_saving')|D]#! [GetPlayer.GetCustom('currency_symbol')]\n    -> В распоряжении правительства: #T [GetPlayer.MakeScope.ScriptValue('government_loan_fixe')|D]#! [GetPlayer.GetCustom('currency_symbol')] ([GetPlayer.MakeScope.ScriptValue('country_minting_month')|D+=][GetPlayer.GetCustom('currency_symbol')] в месяц)\n   > [GetPlayer.GetCustom('currency_name')] в резервах центрального банка: #T [GetPlayer.MakeScope.ScriptValue('money_supply_state')|D]#! [GetPlayer.GetCustom('currency_symbol')] ([GetPlayer.MakeScope.ScriptValue('money_supply_state_monthly')|D+=][GetPlayer.GetCustom('currency_symbol')] в месяц)\n - [GetPlayer.GetCustom('currency_name')] в собственности другой страны : #T [GetPlayer.MakeScope.ScriptValue('money_supply_stockpile_by_other_country')|D]#! [GetPlayer.GetCustom('currency_symbol')]\n$TOOLTIP_DELIMITER$;A/непереведённый блок тултипа
01_ef_tooltips;201;MONEY_VALUE_INFO_MONEY_VALUE_gold_exchange_standard_Player;Текущий индекс с учетом инфляции/дефляции: #T 1 [GetPlayer.GetCustom('currency_symbol')]#! = #T [GetPlayer.MakeScope.ScriptValue('money_value_rapported_inflation')]#! @gold! ([GetPlayer.MakeScope.ScriptValue('inflation_value')|%|=-] @inflation!)\nValue without Inflation/Deflation：#T 1 [GetPlayer.GetCustom('currency_symbol')]#! = #T [GetPlayer.MakeScope.ScriptValue('money_value')]#! @gold!)\nParity with reference currency set at: #T 1 [GetPlayer.GetCustom('currency_symbol')] = [GetPlayer.MakeScope.Var('money_value_target_with_the_reference_currency_2').GetValue|D]#! [GetPlayer.GetCustom('global_monetary_reference_texture')]  (1 [GetPlayer.GetCustom('currency_symbol')]= #T [GetPlayer.MakeScope.ScriptValue('money_value_by_reference_currency_projection')]#! @gold!)\n$TOOLTIP_DELIMITER$;Текущий индекс с учётом инфляции/дефляции: #T 1 [GetPlayer.GetCustom('currency_symbol')]#! = #T [GetPlayer.MakeScope.ScriptValue('money_value_rapported_inflation')]#! @gold! ([GetPlayer.MakeScope.ScriptValue('inflation_value')|%|=-] @inflation!)\nЗначение без инфляции/дефляции: #T 1 [GetPlayer.GetCustom('currency_symbol')]#! = #T [GetPlayer.MakeScope.ScriptValue('money_value')]#! @gold!)\nПаритет с эталонной валютой установлен: #T 1 [GetPlayer.GetCustom('currency_symbol')] = [GetPlayer.MakeScope.Var('money_value_target_with_the_reference_currency_2').GetValue|D]#! [GetPlayer.GetCustom('global_monetary_reference_texture')]  (1 [GetPlayer.GetCustom('currency_symbol')]= #T [GetPlayer.MakeScope.ScriptValue('money_value_by_reference_currency_projection')]#! @gold!)\n$TOOLTIP_DELIMITER$;A/иероглифическое двоеточие,A/непереведённый блок тултипа,A/ё
01_ef_tooltips;204;MONEY_SUPPLY_DESC_MONEY_VALUE_gold_exchange_standard_Player;Денежная масса:\nВсего #v Денежная масса #!: #p [GetPlayer.MakeScope.ScriptValue('total_money_supply')|D]#!#! [GetPlayer.GetCustom('currency_symbol')]\n - [GetPlayer.GetCustom('currency_name')] owned in the country: #T [GetPlayer.MakeScope.ScriptValue('money_supply')|D]#! [GetPlayer.GetCustom('currency_symbol')]\n   > [GetPlayer.GetCustom('currency_name')] in circulation: #T [GetPlayer.MakeScope.ScriptValue('money_circulating')|D]#! [GetPlayer.GetCustom('currency_symbol')]\n    -> Pop Savings: #T [GetPlayer.MakeScope.ScriptValue('pop_savings')|D]#! [GetPlayer.GetCustom('currency_symbol')] ([GetPlayer.MakeScope.ScriptValue('pop_savings_monthly')|D+=][GetPlayer.GetCustom('currency_symbol')] per month)\n    -> Private Bank Funds: #T [GetPlayer.MakeScope.ScriptValue('private_bank_funds')|D]#! [GetPlayer.GetCustom('currency_symbol')] ([GetPlayer.MakeScope.ScriptValue('private_bank_funds_pourcent')|%|])\n    -> Building Saving: #T [GetPlayer.MakeScope.ScriptValue('building_saving')|D]#! [GetPlayer.GetCustom('currency_symbol')]\n    -> Held by the Government: #T [GetPlayer.MakeScope.ScriptValue('government_loan_fixe')|D]#! [GetPlayer.GetCustom('currency_symbol')] ([GetPlayer.MakeScope.ScriptValue('country_minting_month')|D+=][GetPlayer.GetCustom('currency_symbol')] per month)\n   > [GetPlayer.GetCustom('currency_name')] in central bank reserve: #T [GetPlayer.MakeScope.ScriptValue('money_supply_state')|D]#! [GetPlayer.GetCustom('currency_symbol')]  ([GetPlayer.MakeScope.ScriptValue('money_supply_state_monthly')|D+=][GetPlayer.GetCustom('currency_symbol')] per month)\n - [GetPlayer.GetCustom('currency_name')] в собственности другой страны : #T [GetPlayer.MakeScope.ScriptValue('money_supply_stockpile_by_other_country')|D]#! [GetPlayer.GetCustom('currency_symbol')]\n$TOOLTIP_DELIMITER$;Денежная масса:\nВсего #v Денежная масса #!: #p [GetPlayer.MakeScope.ScriptValue('total_money_supply')|D]#!#! [GetPlayer.GetCustom('currency_symbol')]\n - [GetPlayer.GetCustom('currency_name')] в собственности страны: #T [GetPlayer.MakeScope.ScriptValue('money_supply')|D]#! [GetPlayer.GetCustom('currency_symbol')]\n   > [GetPlayer.GetCustom('currency_name')] в обращении: #T [GetPlayer.MakeScope.ScriptValue('money_circulating')|D]#! [GetPlayer.GetCustom('currency_symbol')]\n    -> Сбережения населения: #T [GetPlayer.MakeScope.ScriptValue('pop_savings')|D]#! [GetPlayer.GetCustom('currency_symbol')] ([GetPlayer.MakeScope.ScriptValue('pop_savings_monthly')|D+=][GetPlayer.GetCustom('currency_symbol')] в месяц)\n    -> Средства частных банков: #T [GetPlayer.MakeScope.ScriptValue('private_bank_funds')|D]#! [GetPlayer.GetCustom('currency_symbol')] ([GetPlayer.MakeScope.ScriptValue('private_bank_funds_pourcent')|%|])\n    -> Сбережения зданий: #T [GetPlayer.MakeScope.ScriptValue('building_saving')|D]#! [GetPlayer.GetCustom('currency_symbol')]\n    -> В распоряжении правительства: #T [GetPlayer.MakeScope.ScriptValue('government_loan_fixe')|D]#! [GetPlayer.GetCustom('currency_symbol')] ([GetPlayer.MakeScope.ScriptValue('country_minting_month')|D+=][GetPlayer.GetCustom('currency_symbol')] в месяц)\n   > [GetPlayer.GetCustom('currency_name')] в резервах центрального банка: #T [GetPlayer.MakeScope.ScriptValue('money_supply_state')|D]#! [GetPlayer.GetCustom('currency_symbol')]  ([GetPlayer.MakeScope.ScriptValue('money_supply_state_monthly')|D+=][GetPlayer.GetCustom('currency_symbol')] в месяц)\n - [GetPlayer.GetCustom('currency_name')] в собственности другой страны : #T [GetPlayer.MakeScope.ScriptValue('money_supply_stockpile_by_other_country')|D]#! [GetPlayer.GetCustom('currency_symbol')]\n$TOOLTIP_DELIMITER$;A/непереведённый блок тултипа
01_ef_tooltips;225;MONEY_VALUE_INFO_MONEY_VALUE_subject_player;Текущий индекс с учетом инфляции/дефляции: #T 1 [GetPlayer.GetCustom('currency_symbol')]#! = #T [GetPlayer.MakeScope.ScriptValue('money_value_rapported_inflation')]#! [GetPlayer.GetCustom('monetary_system')] ([GetPlayer.MakeScope.ScriptValue('inflation_value')|%|=-] @inflation!)\nЗначение без инфляции/дефляции：#T 1 [GetPlayer.GetCustom('currency_symbol')]#! = #T [GetPlayer.MakeScope.ScriptValue('money_value')]#! [GetPlayer.GetCustom('monetary_system')] #T (= [GetPlayer.MakeScope.ScriptValue('money_value_in_gold')]#! @gold!)#!\nСтоимость денег относительно сюзерена：#T 1 [GetPlayer.GetCustom('currency_symbol')]#! = #T [GetPlayer.MakeScope.ScriptValue('money_value_raported_to_overrlord')]#! [GetPlayer.GetCustom('overlord_currency_symbol')]\nЗолотой стандарт установлен для：#T 1 [GetPlayer.GetCustom('currency_symbol')]#! = #T [GetPlayer.MakeScope.ScriptValue('money_value_target_real')]#! [GetPlayer.GetCustom('monetary_system')]\n$TOOLTIP_DELIMITER$;Текущий индекс с учётом инфляции/дефляции: #T 1 [GetPlayer.GetCustom('currency_symbol')]#! = #T [GetPlayer.MakeScope.ScriptValue('money_value_rapported_inflation')]#! [GetPlayer.GetCustom('monetary_system')] ([GetPlayer.MakeScope.ScriptValue('inflation_value')|%|=-] @inflation!)\nЗначение без инфляции/дефляции: #T 1 [GetPlayer.GetCustom('currency_symbol')]#! = #T [GetPlayer.MakeScope.ScriptValue('money_value')]#! [GetPlayer.GetCustom('monetary_system')] #T (= [GetPlayer.MakeScope.ScriptValue('money_value_in_gold')]#! @gold!)#!\nСтоимость денег относительно сюзерена: #T 1 [GetPlayer.GetCustom('currency_symbol')]#! = #T [GetPlayer.MakeScope.ScriptValue('money_value_raported_to_overrlord')]#! [GetPlayer.GetCustom('overlord_currency_symbol')]\nЗолотой стандарт установлен для: #T 1 [GetPlayer.GetCustom('currency_symbol')]#! = #T [GetPlayer.MakeScope.ScriptValue('money_value_target_real')]#! [GetPlayer.GetCustom('monetary_system')]\n$TOOLTIP_DELIMITER$;A/иероглифическое двоеточие,A/ё
01_ef_tooltips;231;MONEY_SUPPLY_DESC_MONEY_VALUE_subject_player;Денежная масса:\nВсего #v Денежная масса #!: #p [GetPlayer.MakeScope.ScriptValue('total_money_supply')|D]#!#! [GetPlayer.GetCustom('currency_symbol')]\n - [GetPlayer.GetCustom('currency_name')] owned in the GetPlayer: #T [GetPlayer.MakeScope.ScriptValue('money_supply')|D]#! [GetPlayer.GetCustom('currency_symbol')]\n   > [GetPlayer.GetCustom('currency_name')] in circulation: #T [GetPlayer.MakeScope.ScriptValue('money_circulating')|D]#! [GetPlayer.GetCustom('currency_symbol')]\n    -> Сбережения населения: #T [GetPlayer.MakeScope.ScriptValue('pop_savings')|D]#! [GetPlayer.GetCustom('currency_symbol')] ([GetPlayer.MakeScope.ScriptValue('pop_savings_monthly')|D+=][GetPlayer.GetCustom('currency_symbol')] per month)\n    -> Средства частных банков: #T [GetPlayer.MakeScope.ScriptValue('private_bank_funds')|D]#! [GetPlayer.GetCustom('currency_symbol')] ([GetPlayer.MakeScope.ScriptValue('private_bank_funds_pourcent')|%|])\n    -> Сбережения зданий: #T [GetPlayer.MakeScope.ScriptValue('building_saving')|D]#! [GetPlayer.GetCustom('currency_symbol')]\n    -> В распоряжении правительства: #T [GetPlayer.MakeScope.ScriptValue('government_loan_fixe')|D]#! [GetPlayer.GetCustom('currency_symbol')] ([GetPlayer.MakeScope.ScriptValue('country_minting_month')|D+=][GetPlayer.GetCustom('currency_symbol')] per month)\n   > [GetPlayer.GetCustom('currency_name')] в резервах центрального банка: #T [GetPlayer.MakeScope.ScriptValue('money_supply_state')|D]#! [GetPlayer.GetCustom('currency_symbol')]  ([GetPlayer.MakeScope.ScriptValue('money_supply_state_monthly')|D+=][GetPlayer.GetCustom('currency_symbol')] per month)\n - [GetPlayer.GetCustom('currency_name')] в собственности другой страны : #T [GetPlayer.MakeScope.ScriptValue('money_supply_stockpile_by_other_country')|D]#! [GetPlayer.GetCustom('currency_symbol')]\n$TOOLTIP_DELIMITER$;Денежная масса:\nВсего #v Денежная масса #!: #p [GetPlayer.MakeScope.ScriptValue('total_money_supply')|D]#!#! [GetPlayer.GetCustom('currency_symbol')]\n - [GetPlayer.GetCustom('currency_name')] в собственности страны: #T [GetPlayer.MakeScope.ScriptValue('money_supply')|D]#! [GetPlayer.GetCustom('currency_symbol')]\n   > [GetPlayer.GetCustom('currency_name')] в обращении: #T [GetPlayer.MakeScope.ScriptValue('money_circulating')|D]#! [GetPlayer.GetCustom('currency_symbol')]\n    -> Сбережения населения: #T [GetPlayer.MakeScope.ScriptValue('pop_savings')|D]#! [GetPlayer.GetCustom('currency_symbol')] ([GetPlayer.MakeScope.ScriptValue('pop_savings_monthly')|D+=][GetPlayer.GetCustom('currency_symbol')] в месяц)\n    -> Средства частных банков: #T [GetPlayer.MakeScope.ScriptValue('private_bank_funds')|D]#! [GetPlayer.GetCustom('currency_symbol')] ([GetPlayer.MakeScope.ScriptValue('private_bank_funds_pourcent')|%|])\n    -> Сбережения зданий: #T [GetPlayer.MakeScope.ScriptValue('building_saving')|D]#! [GetPlayer.GetCustom('currency_symbol')]\n    -> В распоряжении правительства: #T [GetPlayer.MakeScope.ScriptValue('government_loan_fixe')|D]#! [GetPlayer.GetCustom('currency_symbol')] ([GetPlayer.MakeScope.ScriptValue('country_minting_month')|D+=][GetPlayer.GetCustom('currency_symbol')] в месяц)\n   > [GetPlayer.GetCustom('currency_name')] в резервах центрального банка: #T [GetPlayer.MakeScope.ScriptValue('money_supply_state')|D]#! [GetPlayer.GetCustom('currency_symbol')]  ([GetPlayer.MakeScope.ScriptValue('money_supply_state_monthly')|D+=][GetPlayer.GetCustom('currency_symbol')] в месяц)\n - [GetPlayer.GetCustom('currency_name')] в собственности другой страны : #T [GetPlayer.MakeScope.ScriptValue('money_supply_stockpile_by_other_country')|D]#! [GetPlayer.GetCustom('currency_symbol')]\n$TOOLTIP_DELIMITER$;A/непереведённый блок тултипа
01_ef_tooltips;310;INFLATION_BALANCE;Текущее：#n [Country.MakeScope.ScriptValue('inflation_value')|%|=-]#!\n$TOOLTIP_DELIMITER$\nИз #v Потребительских товаров#! [Country.MakeScope.Var('inflation_on_consumer_goods_rolling_inflation_6_months').GetValue|%|=-]\nИз #v Энергии#! [Country.MakeScope.Var('inflation_on_energy_rolling_inflation_6_months').GetValue|%|=-]\nИз #v Сырья#! [Country.MakeScope.Var('inflation_on_raw_material_rolling_inflation_6_months').GetValue|%|=-]\nИз #v Промышленных товаров#! [Country.MakeScope.Var('inflation_on_manufactured_goods_rolling_inflation_6_months').GetValue|%|=-]\nИз #v Военного снаряжения#! [Country.MakeScope.Var('inflation_on_military_equipment_rolling_inflation_6_months').GetValue|%|=-]\nИз #v Изменения стоимости валюты#! [Country.MakeScope.ScriptValue('money_value_dif_01_rolling_inflation_6_months_limited')|%|-=] (Ограничено)\nИз #v Денежно-кредитной политики#! [Country.MakeScope.ScriptValue('monetary_policy_inflation')|%|-=]\n$TOOLTIP_DELIMITER$;Текущее: #n [Country.MakeScope.ScriptValue('inflation_value')|%|=-]#!\n$TOOLTIP_DELIMITER$\nИз #v Потребительских товаров#! [Country.MakeScope.Var('inflation_on_consumer_goods_rolling_inflation_6_months').GetValue|%|=-]\nИз #v Энергии#! [Country.MakeScope.Var('inflation_on_energy_rolling_inflation_6_months').GetValue|%|=-]\nИз #v Сырья#! [Country.MakeScope.Var('inflation_on_raw_material_rolling_inflation_6_months').GetValue|%|=-]\nИз #v Промышленных товаров#! [Country.MakeScope.Var('inflation_on_manufactured_goods_rolling_inflation_6_months').GetValue|%|=-]\nИз #v Военного снаряжения#! [Country.MakeScope.Var('inflation_on_military_equipment_rolling_inflation_6_months').GetValue|%|=-]\nИз #v Изменения стоимости валюты#! [Country.MakeScope.ScriptValue('money_value_dif_01_rolling_inflation_6_months_limited')|%|-=] (Ограничено)\nИз #v Денежно-кредитной политики#! [Country.MakeScope.ScriptValue('monetary_policy_inflation')|%|-=]\n$TOOLTIP_DELIMITER$;A/иероглифическое двоеточие
01_ef_tooltips;323;INFLATION_BALANCE_player;Текущее：#n [GetPlayer.MakeScope.ScriptValue('inflation_value')|%|=-]#!\n$TOOLTIP_DELIMITER$\nИз #v Потребительских товаров#! [GetPlayer.MakeScope.Var('inflation_on_consumer_goods_rolling_inflation_6_months').GetValue|%|=-]\nИз #v Энергии#! [GetPlayer.MakeScope.Var('inflation_on_energy_rolling_inflation_6_months').GetValue|%|=-]\nИз #v Сырья#! [GetPlayer.MakeScope.Var('inflation_on_raw_material_rolling_inflation_6_months').GetValue|%|=-]\nИз #v Промышленных товаров#! [GetPlayer.MakeScope.Var('inflation_on_manufactured_goods_rolling_inflation_6_months').GetValue|%|=-]\nИз #v Военного снаряжения#! [GetPlayer.MakeScope.Var('inflation_on_military_equipment_rolling_inflation_6_months').GetValue|%|=-]\nИз #v Изменения стоимости валюты#! [GetPlayer.MakeScope.ScriptValue('money_value_dif_01_rolling_inflation_6_months_limited')|%|-=] (Ограничено)\nИз #v Денежно-кредитной политики#! [GetPlayer.MakeScope.ScriptValue('monetary_policy_inflation')|%|-=]\n$TOOLTIP_DELIMITER$;Текущее: #n [GetPlayer.MakeScope.ScriptValue('inflation_value')|%|=-]#!\n$TOOLTIP_DELIMITER$\nИз #v Потребительских товаров#! [GetPlayer.MakeScope.Var('inflation_on_consumer_goods_rolling_inflation_6_months').GetValue|%|=-]\nИз #v Энергии#! [GetPlayer.MakeScope.Var('inflation_on_energy_rolling_inflation_6_months').GetValue|%|=-]\nИз #v Сырья#! [GetPlayer.MakeScope.Var('inflation_on_raw_material_rolling_inflation_6_months').GetValue|%|=-]\nИз #v Промышленных товаров#! [GetPlayer.MakeScope.Var('inflation_on_manufactured_goods_rolling_inflation_6_months').GetValue|%|=-]\nИз #v Военного снаряжения#! [GetPlayer.MakeScope.Var('inflation_on_military_equipment_rolling_inflation_6_months').GetValue|%|=-]\nИз #v Изменения стоимости валюты#! [GetPlayer.MakeScope.ScriptValue('money_value_dif_01_rolling_inflation_6_months_limited')|%|-=] (Ограничено)\nИз #v Денежно-кредитной политики#! [GetPlayer.MakeScope.ScriptValue('monetary_policy_inflation')|%|-=]\n$TOOLTIP_DELIMITER$;A/иероглифическое двоеточие
01_ef_tooltips;334;GDP_TOOLTIP;#header [concept_gdp]#!\n[Country.GetAdjective] $GDP_SHORT$: #N [GetPlayer.GetCustom('currency_symbol')] [Country.GetGDP|Dv]#! ([Country.GetGDPRanking])\n$TOOLTIP_DELIMITER$\nВВП на душу населения: #variable [GetPlayer.GetCustom('currency_symbol')] [Country.GetGDPPerCapita|2*]#! ([Country.GetGDPPerCapitaRanking])\n$TOOLTIP_DELIMITER$\n#v Исторически:#!\nВВП за 1 год: [Country.MakeScope.ScriptValue('GDP_dif_1_final')|%|+=]\nВВП за 5 лет: [Country.MakeScope.ScriptValue('GDP_dif_5_final')|%|+=]\nВВП за 10 лет: [Country.MakeScope.ScriptValue('GDP_dif_10_final')|%|+=];#header [concept_gdp]#!\n[Country.GetAdjective]ий $GDP_SHORT$: #N [GetPlayer.GetCustom('currency_symbol')] [Country.GetGDP|Dv]#! ([Country.GetGDPRanking])\n$TOOLTIP_DELIMITER$\nВВП на душу населения: #variable [GetPlayer.GetCustom('currency_symbol')] [Country.GetGDPPerCapita|2*]#! ([Country.GetGDPPerCapitaRanking])\n$TOOLTIP_DELIMITER$\n#v Исторически:#!\nВВП за 1 год: [Country.MakeScope.ScriptValue('GDP_dif_1_final')|%|+=]\nВВП за 5 лет: [Country.MakeScope.ScriptValue('GDP_dif_5_final')|%|+=]\nВВП за 10 лет: [Country.MakeScope.ScriptValue('GDP_dif_10_final')|%|+=];B/GetAdjective без окончания
01_ef_tooltips;367;silver_standard_01_monetary_systeme_metal_reserve_per_week_tooltip; #header Общее количество металлов, пополняемых в резерв за месяц: [GetPlayer.MakeScope.ScriptValue('stockpiling_central_bank_metal_reserves_silver_standard')|=+D] @silver! #!\n- Серебро в резерве за месяц: #b [GetPlayer.MakeScope.ScriptValue('stockpiling_central_bank_metal_reserves_silver_standard')|=+D]#! @silver!/month (бонус: [GetPlayer.MakeScope.ScriptValue('stockpiling_central_bank_metal_reserves_silver_standard_native')|D]@silver! x #p 100#! x [GetPlayer.MakeScope.ScriptValue('gold_to_silver_rate')|D])\n- Золото в резерве за месяц: #b 0.00#! @gold!/month; #header Общее количество металлов, пополняемых в резерв за месяц: [GetPlayer.MakeScope.ScriptValue('stockpiling_central_bank_metal_reserves_silver_standard')|=+D] @silver! #!\n- Серебро в резерве за месяц: #b [GetPlayer.MakeScope.ScriptValue('stockpiling_central_bank_metal_reserves_silver_standard')|=+D]#! @silver!/мес. (бонус: [GetPlayer.MakeScope.ScriptValue('stockpiling_central_bank_metal_reserves_silver_standard_native')|D]@silver! x #p 100#! x [GetPlayer.MakeScope.ScriptValue('gold_to_silver_rate')|D])\n- Золото в резерве за месяц: #b 0.00#! @gold!/мес.;A/непереведено
01_ef_tooltips;368;bimetallism_standard_01_monetary_systeme_metal_reserve_per_week_tooltip; #header Общее количество металлов, пополняемых в резерв за месяц: [GetPlayer.MakeScope.ScriptValue('stockpiling_central_bank_metal_reserves_bimetallism_standard_in_gold')|=+D] @bimetallism! #!\n- Серебро в резерве за месяц: #b [GetPlayer.MakeScope.ScriptValue('stockpiling_central_bank_metal_reserves_silver_standard')|=+D]#! @silver!/month (бонус: [GetPlayer.MakeScope.ScriptValue('stockpiling_central_bank_metal_reserves_silver_standard_native')|D]@silver! x #p 100#! x [GetPlayer.MakeScope.ScriptValue('gold_to_silver_rate')|D]) (в золоте #b [GetPlayer.MakeScope.ScriptValue('stockpiling_central_bank_metal_reserves_silver_standard_in_gold')|=+D]#! @gold!)\n- Золото в резерве за месяц:#b [GetPlayer.MakeScope.ScriptValue('stockpiling_central_bank_metal_reserves_gold_standard')|=+D]#! @gold!/month (бонус: [GetPlayer.MakeScope.ScriptValue('stockpiling_central_bank_metal_reserves_gold_standard_native')|D]@gold! x #p 100#!); #header Общее количество металлов, пополняемых в резерв за месяц: [GetPlayer.MakeScope.ScriptValue('stockpiling_central_bank_metal_reserves_bimetallism_standard_in_gold')|=+D] @bimetallism! #!\n- Серебро в резерве за месяц: #b [GetPlayer.MakeScope.ScriptValue('stockpiling_central_bank_metal_reserves_silver_standard')|=+D]#! @silver!/мес. (бонус: [GetPlayer.MakeScope.ScriptValue('stockpiling_central_bank_metal_reserves_silver_standard_native')|D]@silver! x #p 100#! x [GetPlayer.MakeScope.ScriptValue('gold_to_silver_rate')|D]) (в золоте #b [GetPlayer.MakeScope.ScriptValue('stockpiling_central_bank_metal_reserves_silver_standard_in_gold')|=+D]#! @gold!)\n- Золото в резерве за месяц:#b [GetPlayer.MakeScope.ScriptValue('stockpiling_central_bank_metal_reserves_gold_standard')|=+D]#! @gold!/мес. (бонус: [GetPlayer.MakeScope.ScriptValue('stockpiling_central_bank_metal_reserves_gold_standard_native')|D]@gold! x #p 100#!);A/непереведено
01_ef_tooltips;369;gold_standard_01_monetary_systeme_metal_reserve_per_week_tooltip; #header Общее количество металлов, пополняемых в резерв за месяц: [GetPlayer.MakeScope.ScriptValue('stockpiling_central_bank_metal_reserves_silver_standard')|D] @silver! #!\n- Серебро в резерве за месяц: #b 0.00#! @silver!/month\n- Золото в резерве за месяц:#b [GetPlayer.MakeScope.ScriptValue('stockpiling_central_bank_metal_reserves_gold_standard')|=+D]#! @gold!/month; #header Общее количество металлов, пополняемых в резерв за месяц: [GetPlayer.MakeScope.ScriptValue('stockpiling_central_bank_metal_reserves_silver_standard')|D] @silver! #!\n- Серебро в резерве за месяц: #b 0.00#! @silver!/мес.\n- Золото в резерве за месяц:#b [GetPlayer.MakeScope.ScriptValue('stockpiling_central_bank_metal_reserves_gold_standard')|=+D]#! @gold!/мес.;A/непереведено
